user_id,label,warning_dismissal_rate,risky_url_ratio,avg_risk_score_on_bypass,response_time_variance,heeded_rate,download_attempt_rate,total_events,session_count,avg_session_duration_mins,device_risk_score,peak_hour_activity
8df5b5e7-4d59-4fc9-aa05-183f7b89651b,impulsive,0.5705072831715973,0.1767349070128216,0.7440251000608025,175.1112097914105,0.4114264307657234,0.6474759746004458,40.0,8,10.661343134179637,0.376596118114243,9
72cd40e7-2518-4862-bdce-6553eb81e039,impulsive,0.4282941029539929,0.19749187643109353,0.6282457678760633,149.7760800975523,0.11014063315342561,0.274110237544964,20.0,10,13.920022732093333,0.29162434268985227,6
e74127e2-501b-47a4-b301-9febfbc4c2a8,impulsive,0.7423366391092181,0.14571474312883778,0.7188055998936072,159.20234653877307,0.045765409347891944,0.6571731023128125,94.0,15,19.95492163948579,0.2991817031268326,5
1cad19f9-205c-4a2e-9ffa-bd4f27aff0e9,impulsive,0.5996621282093525,0.19739849837248985,0.6694025008653808,123.22201504671584,0.013866395711467215,0.31686802510978446,59.0,14,17.992925900876994,0.3260083372891279,14
118be25d-cb5a-40d1-9eb2-76913ad4cd04,impulsive,0.5794795054418033,0.21945792061590702,0.6792588659240516,95.91670162474173,0.27026345579762023,0.41939574284609893,108.0,11,16.918224885523124,0.5326153526554397,6
8de25d97-d551-4130-8054-944f94096d3d,impulsive,0.5748808767114013,0.3840792146264943,0.7725589902532132,257.2267618772072,0.09462157963463018,0.4738470396272754,19.0,6,8.628720591682555,0.783547732428239,15
abd9c10a-c6d6-4c1d-8f55-2bac6ee3eb3f,impulsive,0.8182447626643025,0.18205678042977935,0.6223042007541661,153.47311411354434,0.173803263306502,0.07725230134334245,69.0,4,11.466262043582894,0.39325106077432015,18
c9e4a2aa-7b7e-4ba8-a206-0051c531037f,impulsive,0.5744344632414105,0.3123819642277756,0.8351293697750303,62.757626588452254,0.11650228761178598,0.3771514218104565,59.0,15,7.023106569317435,0.18163155205794276,14
659f51c0-b93e-45b7-8cdf-c6f7843d382b,impulsive,0.6337187709924282,0.2775509373045268,0.4559534594438348,126.19472297380261,0.457712370795915,0.11602168888660479,71.0,14,12.493993901642858,0.41316881603872474,16
a818c69d-3431-4450-8c4d-251239f508ad,impulsive,0.7330925708203729,0.21789746696941067,0.7768862551993136,117.82473101034306,0.21435654202011692,0.4700410889578034,80.0,5,21.314315110518976,0.46636857882970834,12
d0029cfd-9324-4141-ac5c-36f0111c4a70,impulsive,0.9102799875374591,0.07957349241897352,0.8005886929749685,73.26827246467643,0.09665917492996752,0.15740993385378288,92.0,14,8.810449770600993,0.440032711163985,6
42b9615c-3e03-42dc-9452-5e31b6de09d3,impulsive,0.7901020007233455,0.12687075679148088,0.47651528244748154,75.65396877681395,0.09857983749726065,0.6229972345510166,18.0,9,9.516440401915915,0.5301543771852651,17
6c148e56-e0a3-47fe-84b8-024a7ff4135e,impulsive,0.7287033452694116,0.15885074489528758,0.8497588502570954,90.15471625532008,0.0,0.6878435837275527,32.0,8,13.63795348337811,0.7713299685556864,1
6f64e195-cc9f-4a9a-9c41-c15e1a6e8662,impulsive,0.5558657429048363,0.4325052756783289,0.8482736307757653,232.4349986162706,0.41677416889857444,0.1958572406264115,23.0,12,13.791513933046174,0.25636337389335745,12
bce17190-b1cf-4d19-849c-b799e6738b1d,impulsive,0.6552329472414996,0.24203877611859143,0.7069961950116128,173.71524121162224,0.2637893214126951,0.085809449765129,65.0,15,9.943990100653192,0.6117214891722725,2
3c987db3-4fc9-403d-97c9-db41a8aeb25d,impulsive,0.5231844740271981,0.09213264118443745,0.5050332468656908,304.7482205380231,0.34109680989477753,0.06053376334792377,118.0,19,9.399037515294353,0.20008318697121816,22
6c3663a4-2920-47c6-a4da-a9d645d2b270,impulsive,0.7285861292022304,0.15134086098623645,0.5054991240289207,253.31008752066356,0.06754158157735068,0.3204693970135054,39.0,16,18.590540653033788,0.3000815010422736,6
62f480dc-77f9-4e66-9d8a-3a85ddad04ac,impulsive,0.5067883294321371,0.13317783386900037,0.6789151031979389,165.82883978705217,0.30069857843205045,0.17539568226640798,117.0,9,21.26821347289638,0.20861820300431083,3
eea5dff6-aedc-4129-a299-e9ff629690ca,impulsive,0.6843037735167861,0.07296128262965629,0.7752882409407043,183.63081505267115,0.11112947274207186,0.4504687387314348,25.0,11,13.903543331529606,0.4051129940256322,7
5c7330e6-9d2c-498c-8be6-6a2402a84acc,impulsive,0.8404200519155763,0.07414805555461548,0.67237931791636,124.61630586751255,0.4368877291124176,0.22244681731232718,54.0,11,8.978039391036194,0.4801579701050933,4
00b9ad15-fc77-4ae2-8f63-279a31dcd462,impulsive,0.5880994266662422,0.2942725678616956,0.6244279481187178,79.32693700806328,0.4309076645227805,0.5969873945603608,99.0,18,11.074919470302437,0.22919604141277822,23
6b307466-3f6a-4da6-ad99-da9808e53618,impulsive,0.7829063020659118,0.392764600425991,0.5976480465454052,97.99752254161308,0.02982400703570573,0.3091816140509028,60.0,15,17.160235006852112,0.48712735917901734,15
33ff88f6-8ca9-4446-a1d7-750e234526ab,impulsive,0.8294713493124335,0.356338625756022,0.4863702558381036,93.491481926571,0.3377629849894977,0.07763028426416926,60.0,6,8.42127734880766,0.33716810021675675,8
bd77dafd-3278-4f9a-9af7-d6fac36f7d6d,impulsive,0.6991577552171514,0.05964775918715198,0.7718411008659216,217.15328858783917,0.41708473685438974,0.3554717955754961,115.0,17,10.246239871569308,0.18691941264428633,17
66a35b61-7b52-4ec6-8e45-4c83e310ee19,impulsive,0.5962866609828295,0.0951338546457706,0.777887597460189,74.20921698519538,0.2707572848942136,0.3083333514657244,110.0,4,15.79583101379969,0.1757935289329801,13
6b087847-18a5-4200-9ff1-5e718e6b4c44,impulsive,0.6901366818463464,0.057687662246535716,0.6878232982863441,158.58570286524403,0.1335658079090711,0.6310043238854595,88.0,9,13.700602202638795,0.5276409711465031,0
752cd837-e651-43cf-a1a4-1968585790f1,impulsive,0.7442416060520564,0.18230104976419245,0.9031782391642564,99.00548800735044,0.31167581929764954,0.2535922021750159,85.0,10,8.75916442520468,0.46894253965171784,10
3800bb41-a080-4048-8f56-8ebe87a2792e,impulsive,0.8403337004987106,0.25345829402308273,0.8419914824811885,112.25738229369401,0.14793142111602534,0.46553142135279935,54.0,10,7.588839319266196,0.5651447232904458,19
de736a08-bd5d-4744-a407-178b636ebce2,impulsive,0.6333304895378761,0.22539958764312856,0.7672753117610869,212.10264974943823,0.12090666536043305,0.44877591759642105,97.0,5,13.490892534822022,0.6543683002243847,10
e442f156-6fb8-4dc0-afa6-5d632c911696,impulsive,0.5721354918250716,0.1992583133862366,0.7372650429961403,39.92228697250511,0.21735453681705083,0.6802804637793753,59.0,4,8.705780976318843,0.15957904452685232,15
2f3174ba-2f22-4133-8b2e-ef5488fb2c68,impulsive,0.812211815830295,0.19582498418910674,0.4584263163281187,167.87089709513336,0.16769895492471273,0.3075267738662565,85.0,13,12.15934422776782,0.481102401741113,22
69ce195e-902a-48b9-b4e1-098b2d886ec6,impulsive,0.7746334354128527,0.06853363598872789,0.7788227297300402,133.91999630444485,0.29059163036801594,0.2477783453791296,105.0,15,17.50468292486616,0.3469299652265275,16
e2f86245-1ce0-4ce1-a827-c9569a5bd192,impulsive,0.5438588967248962,0.24497006012492173,0.6344999593133699,112.47781409929428,0.39590310817669266,0.22082481112201924,96.0,6,21.251475212548158,0.3454655521924185,13
fdf7922c-a84b-49c9-ace7-fc28de3c24b8,impulsive,0.8307768392220897,0.11284469840899378,0.6819875135213015,197.85310612565027,0.29096126271553985,0.3959907854046872,116.0,18,10.168528621549363,0.4137969033901644,21
181785e9-4635-42e3-a8c5-7234e6df4734,impulsive,0.570696587258477,0.16762769475640363,0.7814848134075634,122.98410471595425,0.23468150819703051,0.47695524385835203,101.0,7,11.744390481319588,0.4601903838525973,20
10a5706b-17e6-4c14-9512-ebc83d3f0d9f,impulsive,0.4692772302071501,0.3724150538843269,0.4887957022294178,145.1769528328268,0.23478020809868175,0.3221619619235379,54.0,4,9.391707600593534,0.6181569458108955,11
a4acdcf4-0b0d-4e75-af5e-8fcdcfde7191,impulsive,0.907839037500992,0.046158318184028456,0.9256127758835606,103.89013969658038,0.4727424838596729,0.4274846016210561,84.0,6,9.350433051844249,0.4575096443339573,2
51137145-7f95-4760-ae6b-e195ac54437e,impulsive,0.6669524988357648,0.32075970221922984,0.714513198860081,150.5368753087295,0.21095301268737432,0.07893623407571654,32.0,7,13.808106383121201,0.16477977334579091,20
5f93b278-09bb-4408-863d-83b178eacd35,impulsive,0.5353454760855172,0.14900096313838146,0.48025010744506574,230.84125019079022,0.2824470014741212,0.1916673474490764,88.0,5,9.257413938941408,0.24295228850825898,3
c9d09fed-fc76-4170-aeba-6c267c2f1ba8,impulsive,0.47150094676592835,0.23778306076820283,0.827371959006975,152.10752163729364,0.10416723473137789,0.2735775608727739,96.0,5,15.640578650301762,0.37766321360051947,5
3197fa6e-53f9-4646-b750-2c5f1a3f8a5c,impulsive,0.8206567656239555,0.22623007066800188,0.8272192285110249,99.4393945537356,0.0,0.1708137710739728,48.0,18,8.973976344756665,0.41306284996091247,18
7adf9558-9fe5-408c-aaea-0e94ebbcce5c,impulsive,0.5107084399580885,0.3305952660468903,0.694996993294143,184.05302797022372,0.4474476961418969,0.184932228234927,108.0,19,18.886338357634028,0.20876337552233848,1
71f91182-3971-46d9-bd5a-a5570e5d4909,impulsive,0.7945857387715829,0.1330605434419611,0.6692018397937292,123.58122922977702,0.49062617129318026,0.8073899620535215,66.0,10,5.87312055810958,0.39049389532108436,16
1612ddb3-0f8a-49da-b4d1-50ed01b68a73,impulsive,0.8030619694611396,0.5284617723199481,0.8681500935618919,149.16208256768132,0.43962192439697667,0.293892888260994,74.0,13,9.400551125213028,0.5154846625233009,17
8a8be003-9a5b-47dc-97a7-72fba18b5689,impulsive,0.6410782865818666,0.11339434367332565,0.7207509995539556,160.0013388475062,0.40704040488387067,0.4027925020726637,41.0,15,17.76692162638068,0.3574602932730924,6
d22b29ce-066b-4a30-9ae7-3b71ab612b15,impulsive,0.9646240817075815,0.0866663822066279,0.6111882976236033,148.89699027943715,0.2621473626168052,0.404275973725589,75.0,18,16.51286530122492,0.3358343050277472,8
78880b10-8a67-4a49-8aed-64c6f6661641,impulsive,0.3490366533980285,0.20665364971080502,0.559905157118874,115.18597975176286,0.07467134848701587,0.19396420536147174,101.0,3,16.944521411700215,0.5775046894569547,0
bf80dade-d674-446f-b611-9cd0111b019f,impulsive,0.7509955169442587,0.1303078071760711,0.7037319656135359,145.78989599296267,0.008654995852536606,0.16191936005401392,34.0,13,12.786881830351993,0.38948772922169,11
d107087f-5e56-462f-afae-b36bad306bab,impulsive,0.7704250232590926,0.19407060435251644,0.763010426605298,61.97135274559109,0.394403138363672,0.39955858987445897,95.0,16,17.31600076729036,0.3295107936492201,1
3470f1f2-7308-4957-8220-78bf4e77041f,impulsive,0.4413829734104962,0.1726642577689826,0.7024726397491944,195.83482084468267,0.25517762994764204,0.15607950456820657,90.0,3,7.188801283189562,0.3289479904736326,12
885a54bd-50bd-47cc-933b-cf3ab65e069f,impulsive,0.7300230357721493,0.49830552151517327,0.5718498836178958,66.49912821431818,0.4834063491378456,0.1339547654293367,90.0,7,9.014470966968592,0.40780377712030424,1
856aa706-c2d9-4526-9e74-6beb5c7c4d0d,impulsive,0.6690495890612481,0.3893306939143977,0.8207856082207104,207.8640907952017,0.16126717257810502,0.38773581517103495,83.0,17,21.129394287208683,0.3488336974928243,12
81bddbdc-8964-4b8b-ac23-86d32a9c324c,impulsive,0.729513209603297,0.4992329876857241,0.7514274002431757,143.07365432764269,0.42542401300449634,0.21755035007023585,15.0,11,9.372972381385004,0.2352859996691667,16
8010518e-3275-46e0-a81f-e302e60da7fa,impulsive,0.4567488936170183,0.13457076127158157,0.8427724594895697,112.78241099005626,0.21207766842226258,0.19103126923313352,83.0,9,15.998392946068817,0.3059683875201471,5
afd6c9b8-eee5-4b2e-bc2c-70d12a2c5b4c,impulsive,0.7631992882370994,0.22768578478641083,0.48693178401857673,134.47789451808444,0.26966250488224797,0.3135441194127547,29.0,3,8.910689105548467,0.2794863319590177,8
b0f6daef-cb9d-434d-8ad1-91f9bdb6aef6,impulsive,0.9063900103785701,0.21720623002847708,0.7120718797095404,186.99227904910433,0.08327295672706356,0.21183796212064795,78.0,9,5.234519994591669,0.6691967814615606,1
5e2a7e70-163e-4196-ba3c-8f99ec4f4c3b,impulsive,0.6343083166661024,0.42934722902081757,0.690993783869508,124.90781857914425,0.024844198948132785,0.1987794490593603,104.0,15,7.427281689448344,0.22849655966513796,20
d71c2107-5c65-4dea-b54c-8adf5493aeab,impulsive,0.664416180256918,0.03130574609196095,0.5191918761402724,151.16562892444946,0.2595516199082728,0.30299161626079063,45.0,12,8.136237344475251,0.12475318412744989,7
4a8d7fb2-d550-4952-9665-1fefe6c0de85,impulsive,0.6240621800198453,0.20396396993918595,0.8154827945401857,114.76421071898255,0.3390631031379767,0.230956008822387,99.0,14,8.874837083335699,0.3417018041063617,18
d21bda3f-bf0b-48c1-9016-21c65bc96745,impulsive,0.6109332496777146,0.2867560142030453,0.6488873551117944,157.88786357896956,0.3470244117168844,0.21770199856350556,71.0,17,16.58208488958638,0.3083474080904879,3
796934ba-3c22-4070-a59e-7c81d5a97cdd,impulsive,0.810609246569031,0.24307777101237274,0.8797392179743172,169.66927165827667,0.18580162569291925,0.10888968227277215,51.0,11,13.857779671660374,0.629304519864926,22
b8affce8-2c70-4db0-b40e-dab8a565d857,impulsive,0.7910548291877145,0.24376196221031493,0.48114633090732045,121.71990701099514,0.27245544198184524,0.173788084016431,22.0,8,11.889790348059316,0.46338800181459927,12
e0040284-ac41-403e-90a9-a7ed296e4b98,impulsive,0.5320962323093227,0.3811480549262067,0.6744512494501649,238.3948091140686,0.0,0.3437747115028715,35.0,16,17.820442336239115,0.2919898069291963,5
7cdda31c-4795-4f29-b102-46e55475ddf9,impulsive,0.7436835682016576,0.4983482569222052,0.7433125069798779,196.94942813386245,0.28674781918623937,0.15835348838513993,103.0,14,11.298308114437111,0.6315367145287659,21
1020b6e9-a8f5-4d45-b8bf-c4e35322690b,impulsive,0.5954258877901799,0.29372612942596915,0.6424294211210426,129.67813024760056,0.287660769916704,0.22356358113240155,108.0,14,16.782879043629904,0.3945458034988084,20
54635b94-5b2c-42a3-ab4c-220d8d6d273c,impulsive,0.8840991272979232,0.2711193590745361,0.6237706942617973,137.0956676549721,0.23736862174208853,0.2903528687551462,66.0,18,14.232521709961905,0.08947883960734358,18
11452817-e413-4332-b02b-66cfd3d7c895,impulsive,0.40557119774491307,0.05334060218837335,0.3816672006539037,212.00531957605523,0.1122169088348406,0.5035205289040942,30.0,4,12.479930284090297,0.2037393978690325,6
7c9f6888-bca6-4d18-8b11-9ea5f94b6b8d,impulsive,0.607315878699475,0.17649213191984212,0.5434707562744397,169.57997087627456,0.06895971602921834,0.3529166424225446,68.0,4,2.0,0.1515241107780433,21
ad7b935a-7f90-4abf-be6a-71a0d95f5cee,impulsive,0.5876242478636511,0.1550406398842901,0.8752762305402015,246.07102425773735,0.16009836184968834,0.09736768120814984,48.0,4,9.164551938052387,0.1404598270872087,6
2ad9d65d-27e8-4df9-accc-fa7c168f0ffe,impulsive,0.7555742848228186,0.26194743437751183,0.5781807081165288,158.67350334591396,0.08594982458703657,0.22939918428916325,41.0,8,18.01575611529232,0.1196211206293586,22
33c8c15b-904b-41ef-bccb-04a748053078,impulsive,0.48964838950300243,0.38689870767413687,0.6537952535730757,136.739058856952,0.3744592903540417,0.1426651824981245,39.0,17,15.425415932252221,0.3812719757771907,16
d69a9884-976c-4b4b-8a3d-ffdd8d180eb2,impulsive,0.9346621580483397,0.023930286271276295,0.6439582869491803,211.7142014373296,0.16866994907921037,0.27742667826918016,40.0,7,10.852004802780279,0.5158942241253903,0
585c8407-a3cc-442c-a0cd-7c0f57812421,impulsive,0.4086868408453046,0.22605156832452528,0.45520505618598633,245.40339607459217,0.19778679651441894,0.25381733077105284,67.0,16,5.1895613027211,0.5213446184276858,7
6c6f33b1-c2c5-40e9-accc-a756c9116d4c,impulsive,0.6590066204247441,0.22469243810363299,0.6685505811118035,107.530783628433,0.2382521810171411,0.462566428997238,27.0,16,13.84007501260415,0.4707711019930387,19
6f69f779-015f-4bdf-831a-050240191c20,impulsive,0.4251481777869988,0.156378041023608,0.5592294291828355,174.46286019296537,0.3189660550678756,0.08659262922614885,51.0,6,14.308575065474587,0.1533615578184585,20
28cac564-f019-4d4b-b5ee-fbdd9ab75c50,impulsive,0.7173367826046287,0.1625867410705908,0.8738343934086891,198.27598362448362,0.12315754130473544,0.6017402858213958,79.0,6,12.245729057117378,0.22471231196067615,2
6a859cb1-35f4-49aa-8a6b-f4085826a4bd,impulsive,0.6845377140362007,0.14356508449480782,0.6427336738747027,112.76509226938984,0.09215158723524938,0.035026046128910075,45.0,14,13.170247707401709,0.19370871040912463,3
5ffb62cd-7469-4e65-aca8-523e556979e1,impulsive,0.6686058221228783,0.46910924095972856,0.7088784790947523,195.02898483514218,0.04976229942312656,0.06256597383596485,105.0,15,13.227798297458808,0.5161222267532937,8
5e8c2eab-4c15-4cd5-bb96-f960c8e51124,impulsive,0.9015429842286177,0.11162267768595517,0.4123018302833138,140.79061187385003,0.2808282177291778,0.35185954850609913,60.0,3,14.347035371684242,0.20771376194296318,11
2dccc394-ed09-4d81-895d-514fa36f8ce5,impulsive,0.32536455052193497,0.21746976178559452,0.5851532290882603,62.8087027743193,0.1848408930428804,0.1863166321224162,79.0,15,16.031625874244273,0.21359438855754737,19
b85f4e1c-58a3-406b-a4dc-791d00826dc3,impulsive,0.6394932665788157,0.0996167891224614,0.7451339292919076,127.0602777593414,0.09888359341484812,0.32813332477415114,66.0,9,11.062893683517355,0.27351987296852154,8
dfbabf26-26fd-4167-a21c-616e07f73e8b,impulsive,0.8533962489951228,0.11885180262258756,0.48632851810963157,183.00914138969173,0.05474776752153203,0.1787208666774216,119.0,8,8.594571668420944,0.6461150396753699,23
f5d3ffa5-deb6-43d3-bd99-fd444a79e56a,impulsive,0.3910958928517403,0.3766962514126971,0.8014823947216985,170.30412181396287,0.1894143377695524,0.1584371990327389,87.0,9,15.05081551090689,0.16741322206763687,9
69974a1b-188e-43dd-bfdc-718b17b106c0,impulsive,0.8612100330024839,0.3820382347452998,0.819892633384604,83.21163114555362,0.1593758865194868,0.16134222311158414,19.0,5,13.41855343690998,0.4068348179732023,17
36732663-a025-4c2a-bec6-a7819e58c724,impulsive,0.6136700325263955,0.03904883859103252,0.6339058095975223,156.47254933209035,0.4611045719778851,0.5511789042975829,69.0,14,3.832932944338447,0.30866958003214306,23
df0ea734-acdd-41d1-9f83-6fc047ecd163,impulsive,0.38507250170676255,0.34793465580101285,0.651301956876082,134.47409500450445,0.03742002233403233,0.27032632955079783,98.0,4,20.42353315733085,0.12890282470590372,7
cb4a4ae1-da20-4e77-86bf-4779f021864d,impulsive,0.8018601483946134,0.06898743061287546,0.5127697577276321,187.90609667931986,0.2483647059667335,0.3539872660132052,58.0,9,9.83786504439606,0.6229118849000325,0
9f7f4381-0988-494c-8128-7ef46f6a3e13,impulsive,0.7505834880832744,0.07981441562005612,0.4377293195377683,99.35615734427323,0.23680395748656405,0.26922165243297574,56.0,18,19.493067693804004,0.5276926433134648,0
6e909d53-28f2-455a-867b-2b26d4f24502,impulsive,0.7037464636687474,0.1852607259363655,0.40897632515634624,96.14402515257552,0.2750641501102557,0.4912134030246608,39.0,19,10.549758767454572,0.30748389478557203,6
41d47d10-9d2a-4dd3-bacd-7f4edbf5a120,impulsive,0.8639189228685968,0.22276852418274742,0.5918008332375337,186.1848433598362,0.08142492063271861,0.5662887952094728,107.0,8,18.29667599159695,0.23544527211721392,7
79523e6a-9d58-42be-9e02-a831355b4242,impulsive,0.7410781628027279,0.3347371252994134,0.6814767518903978,276.2958027612448,0.25587408005265855,0.3260623422107954,102.0,13,18.72432810682327,0.24417524815184577,19
c4819265-a4a8-4b2a-80f6-a5728b0fb8a2,impulsive,0.435354774793985,0.3261818161963247,0.5656874162967993,155.52924405083422,0.3239353160336108,0.06443775589584913,49.0,15,5.690822000400207,0.14311576478209942,12
93c1d9fb-b258-45fd-a4ff-425655380c3c,impulsive,0.6711179905293595,0.16533330874319813,0.7175825237714273,114.82895267457194,0.12357526817741578,0.5013575200792701,73.0,10,16.515487267904064,0.13085585061179372,7
1ac7f92b-9b75-41ce-8124-e1d9828d7316,impulsive,0.8036991722756796,0.18966368960183283,0.7681971854641169,282.14376244495236,0.20323649072955083,0.22019096062590657,119.0,12,12.694743008421359,0.35861241690701856,17
23290cb5-739d-4375-8010-dc330405b849,impulsive,0.859360795940172,0.3889001784118296,0.5467518253100884,91.09080889460438,0.23765603348570824,0.06303320011594352,111.0,18,8.513305245557175,0.18406989985560263,10
2c612f0d-fd51-4c2a-b5a6-97485d330d1e,impulsive,0.6883213613537915,0.5133600517965315,0.7749327718780799,132.5170895543444,0.12706908360739805,0.059867765169596875,46.0,9,6.034462009081162,0.4697578399627286,6
0a390565-1aab-4e30-b94a-c28d704e13a3,impulsive,0.4748769734113237,0.2665795656296457,0.7240498416863115,175.3771361480879,0.0,0.452226141110686,48.0,17,10.992353249984259,0.5589525458468635,0
be6bfefe-17d4-458f-adbc-b570f67c93c6,impulsive,0.5795177827981778,0.3716518462932392,0.7223574665848667,145.36844894822013,0.15145208242371686,0.21072674622988866,59.0,7,6.2046253711547905,0.6956267112873711,15
6a24d772-8d60-4de0-a47d-7edf1ab972de,impulsive,0.6453679705206814,0.2559616961939015,0.9289838965198296,189.25710998050351,0.16051484373077587,0.6013732926156277,84.0,12,2.0,0.3235537511773385,16
89d6c1b6-4240-4d44-9175-d8867231f2a3,impulsive,0.44197670048226695,0.5009349791706555,0.6008519362676015,165.01674882049696,0.3615549377413786,0.23938558323899078,28.0,6,18.429317717482846,0.3762048228940236,3
4220589c-80b1-42e7-a175-36bdbcb426c6,impulsive,0.7358672277315415,0.0707000943075129,0.831950426849544,199.74752388325192,0.1290594540007556,0.29265667704309406,72.0,19,7.66702731437703,0.4479230109841689,3
f3088806-c62c-437f-bea5-4fc84b1b45cc,impulsive,0.5556547809076389,0.2445823639536317,0.7965694877999254,157.51673053892387,0.1842719618697768,0.42660154125066657,24.0,5,15.721700923646114,0.47177175487545453,5
bd708a21-f2ef-498b-aa0f-9e12f9da8869,impulsive,0.6683286937443179,0.07644905219127025,0.6990689062388584,276.26057893187595,0.21163637080802117,0.5493285392178858,63.0,18,5.179897556665679,0.5614239456206709,4
37970fa2-dd94-424e-9ccd-51ab1c32045d,impulsive,0.7468420636866053,0.11778824056779709,0.46098991415922513,207.68539806334337,0.3511601131420773,0.23690021658809138,111.0,6,21.06583037822424,0.37013817934547905,3
940d0402-2415-4e9d-a85f-deeaa1f44e77,impulsive,0.5201738476907706,0.5037499937805474,0.6548165552689025,298.00362917274873,0.09852680821717011,0.6495035686488128,66.0,8,23.717477875383764,0.46170195724573876,1
bf056a83-bf83-468e-b148-328253f6820e,impulsive,0.9075754293192976,0.3804633833606425,0.8012505096723884,96.85634104851617,0.16080524782406627,0.27716316201320035,97.0,5,14.917242531742353,0.19715751390888653,9
cb4b560b-d92a-4d01-823b-65a06173ba6e,impulsive,0.6526767852395621,0.10323074100730048,0.6856064116387819,205.6551747328071,0.23336500124039927,0.34247755201072927,89.0,14,12.582667028491551,0.31355470385237066,14
5e7523a4-382a-4fb2-a67e-a864b02bf0b1,impulsive,0.6527761852230124,0.09755338496552889,0.5351833589906808,239.92357087373335,0.432395017041394,0.7643201348286822,60.0,12,12.709884988023198,0.3434164337685932,13
baf1161e-f401-4765-9cd6-0ee88a2d9177,impulsive,0.8393984854075506,0.3819747189775009,0.4444553327890611,175.70059615439877,0.2705589955137766,0.2664283617965927,53.0,13,17.37907881326784,0.09588937845893374,4
1fb8fb50-8d9f-4204-b881-8a66d2dc884a,impulsive,0.6351892343790198,0.0679024964333847,0.493500437653441,153.0932614543887,0.29854836133947416,0.42653536054075153,27.0,11,22.124130991142227,0.6254699418104686,4
76294871-e1d9-4c0d-8c73-8e3f6213f7d5,impulsive,0.9370175367478758,0.253409570557801,0.7896518177187305,151.42421494585574,0.030691726045938034,0.12153324189458725,82.0,5,15.76053286176349,0.10846502711352145,3
690a28bb-a41e-4eaf-af79-803c4fe00b00,impulsive,0.7645074003921016,0.11332605506071672,0.6270570480452107,153.8185228660821,0.20620943803640346,0.3193919081499807,67.0,17,10.282589920165696,0.5593867854916925,3
cc9a331a-9577-40e5-8408-ddf7e5ce404d,impulsive,0.651910633899431,0.49050606587928675,0.6229726786187783,300.25611209791305,0.2738093072486134,0.015847214707327507,39.0,6,15.713975027650106,0.276822571336045,16
bbf9597d-ea6c-42f4-a46e-d421077d2525,impulsive,0.730944888288221,0.3283817136808356,0.755791742569809,102.55454527673524,0.022442640652570817,0.4520965114101851,23.0,10,22.102514095935135,0.32414387478232776,2
d1dbdcae-9ff0-41f1-a115-101279cc0b44,impulsive,0.7272383260431972,0.2043537475215967,0.45330115079352473,258.6384199535853,0.1088695489591509,0.17014908237709148,111.0,16,12.630407549350203,0.555417441949782,19
8c92e351-907a-4a3f-9f93-50f213f9c547,impulsive,0.7581297603634289,0.24265883379414832,0.507485302947899,130.56581788553746,0.3598155248336221,0.5144210938584914,36.0,12,17.88999223406252,0.3524869687125753,8
b2f6794f-f6dd-4855-a204-70fb1af53879,impulsive,0.8608019371589926,0.19214495036595414,0.5937022153817495,214.4391047636668,0.08697821954775944,0.5188849370468174,41.0,12,19.212167312882123,0.11345201022236404,14
8d86fdc2-2d68-4ee4-b4d6-e61821edb07c,impulsive,0.6994528295187514,0.3185422711861245,0.5426400278326501,117.88827028081408,0.287527618891453,0.5005677365807165,29.0,3,14.985225140326978,0.31056248093584415,12
2f004119-13b6-4eb5-96e5-ac5ba2092673,impulsive,0.7765340463401691,0.1226911722597416,0.5172097855304603,248.8194910690925,0.08000499754941257,0.09137504105464637,48.0,19,14.081416269778984,0.5735834902083018,6
b032be2c-ea87-47e8-aded-6bd3223a81be,impulsive,0.7634442769962991,0.15373146654380287,0.6449771765392652,181.88771745114084,0.2064536468179387,0.7381703666169431,37.0,4,14.504353718067524,0.29456511767292776,7
2ed273c9-7ca5-4a3a-9ba3-1f23157a2fd5,impulsive,0.5678427835183396,0.4809004796389759,0.6910191687595998,148.13936694022829,0.0,0.5818556841756266,84.0,16,6.022317086215807,0.37132567266131294,17
b2687f03-62a2-455d-8bdd-f1fca2b9e508,impulsive,0.7669789912583674,0.46085102951432133,0.7265761543303487,190.10349602224932,0.33472287245299587,0.3869215839349186,95.0,16,10.83613806942228,0.322087008389432,8
7ddf1323-5076-4084-a81a-b01ae48823e1,impulsive,0.880056144430447,0.21779548090841158,0.6142341325805915,77.98454200149818,0.013326962197776874,0.22359989088583768,51.0,7,13.216958900284318,0.29597522147514416,1
1f47cfc8-96d0-45df-a397-085d8bc69ca2,impulsive,0.8008404983531362,0.5153365945199013,0.5541816023319848,161.59439549209134,0.1658668666397752,0.21933900882210924,95.0,10,7.065385724980489,0.10776721356955575,4
7850a12c-2924-470e-b6ea-738840062b21,impulsive,0.6726097493456455,0.19495899671871392,0.7738467999507025,255.36050116785293,0.3195665602309704,0.31290886118019073,45.0,11,6.905920922556265,0.43283578887226776,7
28b5933a-59c3-4cb4-999e-76745ea44e18,impulsive,0.5166919965397662,0.28295253606261606,0.5677978187748006,115.40507741058838,0.2504271606713007,0.46830891264264896,92.0,15,13.236549234444311,0.3811899442484871,20
1e66c596-fd74-4444-81dd-1ae93a7a98ae,impulsive,0.8402430447672027,0.395982475503477,0.8236834017833965,145.25722536173163,0.4291418443076436,0.4201641210222074,41.0,5,8.979480973365638,0.31704341611571896,10
264739f3-5c61-4070-8845-e60b60d54a4e,impulsive,0.7875086204678645,0.23270628918496905,0.7736485052968503,148.81150284169883,0.2700753417699836,0.21597278455183513,112.0,18,6.758487725498962,0.5241609573576702,18
96b8827e-2c74-4429-ac4b-5399a12b3284,impulsive,0.5255410698967076,0.16390119142090115,0.7229326173051805,165.45832577277426,0.17951229345422215,0.19105501346844211,58.0,12,9.239584567729151,0.34726978486112137,4
4a7b1e1a-aae6-42b6-8a5e-48b2b3a71638,impulsive,0.5641383329499895,0.46635674158887247,0.5460487364065462,190.58419935430658,0.15335544909104543,0.3826320215559227,78.0,13,9.025971163550587,0.29215047425131524,15
2ee79176-ba03-4fb6-9600-9c894ac5989c,impulsive,0.6695230558001215,0.2131780257721139,0.8572145730144963,136.8969923233721,0.3715273786832778,0.12083792101273043,64.0,10,17.057890338230116,0.09933175182542596,7
46062418-25dd-43f9-89ce-bddcd79cd3ed,impulsive,0.8319612972285062,0.04483448348768435,0.6514091711547424,200.89010600983602,0.11366002426994479,0.20858325991474536,75.0,14,13.325312715144964,0.14039038259352565,22
b5ce2dd0-fda3-4206-ae4d-fe28eea45692,impulsive,0.7504731044304291,0.2586594187665992,0.47147009301415427,162.80509038192233,0.3261838571560139,0.28297489039613405,58.0,18,10.217282948724904,0.6339723337697357,0
39974d16-838e-41e6-9883-47965143c6a8,impulsive,0.6286627873872952,0.43672564649123147,0.6198090806426287,180.32859712982997,0.05662615490360505,0.48820389088191335,89.0,10,10.978626302164683,0.4779583669307159,7
d877d92f-6cb9-4dd9-b4bd-b16872829559,impulsive,0.6355250342671352,0.14811219886123575,0.6768558826017564,123.44889537716782,0.20223452006285111,0.3596123661556295,35.0,9,7.887374025737869,0.18967688392543475,14
b2541430-33d0-4180-9eda-d137682ac4be,impulsive,0.8972826737098452,0.24177352228135285,0.8531819755772722,99.99920049431589,0.06863030924517678,0.3916680083805186,30.0,6,21.459221500952868,0.6595045288168035,2
88c7cf95-3f77-497e-8805-615d2a78498c,impulsive,0.7427430857878798,0.3661984980668722,0.6334200606722237,279.7499168774768,0.32696949807069925,0.07896519418025402,112.0,3,12.181376880797266,0.18678924625550408,22
10cf5012-425e-4ed9-8281-046082d8e9fd,impulsive,0.7023699895348705,0.35740782628868756,0.7274898403860075,131.01225700237802,0.4050716923584219,0.5710192677527925,84.0,18,20.09883099652035,0.3283867412598586,2
09b9abdc-eb4a-4a3d-94e4-1fdcdb684d63,impulsive,0.6509743914284446,0.2700114208270295,0.7098690694807961,90.69209856749106,0.14821602636859646,0.35418520630485795,69.0,12,12.083064631515793,0.4739180484128997,6
e69cb4d3-74f2-462e-b37d-f897b8b0b17a,impulsive,0.5799458776148892,0.3015804013429163,0.4754336263003499,89.01745739623982,0.05682078286405341,0.20277960752810997,40.0,5,13.309194836323655,0.39663228976699805,19
82ce5fd4-0b09-453d-ade5-3f0089820581,impulsive,0.7204738106662608,0.22683578805457832,0.7869465950490064,210.28181104992092,0.23257020905309578,0.28864790736259494,35.0,14,15.306739866813775,0.21898569657586303,12
5766e7d7-2ee9-461c-958c-42f5f28574d0,impulsive,0.5584414971587873,0.024764253228150568,0.6744138092069328,262.84802225697075,0.08078425978153186,0.4191715092954257,21.0,12,19.442356089279567,0.48997287206556717,18
c826c73d-da81-4073-90a7-d3f22e3b5a07,impulsive,0.7367185719730984,0.3926903068258859,0.5304444242227053,97.23590964766218,0.2530622200640379,0.2781065783579318,103.0,12,8.697205572167725,0.3352054739241391,12
c682040a-08d1-4357-acdb-d67e278ef2f1,impulsive,0.6367559599047956,0.43407334899551125,0.5839533153378198,120.25001390074834,0.25552360514736444,0.4454344671011814,102.0,19,18.736580369057084,0.11004577922667715,18
fa0b8029-c0d4-4031-bd69-b60c3cb0e6b5,impulsive,0.6655711953005974,0.21483885046754372,0.9048269529483567,192.23664870555592,0.09071605397307278,0.4785870860378765,93.0,4,18.65822922713938,0.511723813936801,10
2d1adfc2-f0fb-43af-ac7d-de254fcd7a12,impulsive,0.6470625224097613,0.3607922798693809,0.9033279367417947,229.43605754414406,0.2000895716117876,0.25627011462788063,110.0,13,10.854011006182189,0.3406140095173446,3
1cd35a38-737e-4b4f-a04a-fe9252fc5a8c,impulsive,0.41717488386884904,0.3477983248692261,0.9322147252932883,156.2868311137409,0.11413543204245577,0.1673577752359723,90.0,6,10.443898106969947,0.340827943443169,6
79f53d97-da9e-4512-b017-057e26c6c9d0,impulsive,0.5849336983803461,0.26224914007765293,0.5942631524545197,153.4755568674513,0.08408284167156646,0.434612772883584,100.0,8,14.880166492479157,0.34555364732064814,21
ed7d58aa-51c8-49f3-8ff9-45e18d51b035,impulsive,0.6700679663318339,0.2885501053373282,0.7426604143776206,191.2583525862057,0.454808222452152,0.2651256703590921,72.0,14,13.53173894105457,0.7701400604170666,4
373184ed-9c26-41d8-9d47-7a2cf6f18352,impulsive,0.6590283824451589,0.32726127361831026,0.6502450107635536,173.9701083162654,0.1267303484752985,0.19577867985466615,28.0,4,7.196137526707988,0.1596794581797541,4
945f6657-3fe3-41a0-be0a-b1b99d9d75c6,impulsive,0.45948147559566255,0.19179977102386817,0.6366966969098451,86.67776874767553,0.2692996813788324,0.30293879240509414,48.0,17,11.55160931886929,0.3289714495479895,3
bd5eaffc-0206-49a9-a2f2-8495b55823a3,impulsive,0.449611702217072,0.26083826918320807,0.5528617652719768,115.26368247054835,0.0,0.11258349435628107,50.0,17,15.612184131961973,0.5618017120646274,0
bae606e2-8f1a-4079-9476-085072b10ba3,impulsive,0.6991165168073349,0.14191171426392332,0.44592518965871997,123.69758931224071,0.280541757352022,0.04906388922996333,49.0,6,19.293054203600455,0.2357118512379219,5
f849242c-a205-49ac-85be-0658684bc92b,impulsive,0.5216460458231356,0.16857911088740188,0.7693477241771355,144.6703250394712,0.002908441684102408,0.35431465624744296,97.0,14,10.109760356598203,0.5292150180599974,9
9325a909-05e6-4847-8896-5b5c545dbda7,impulsive,0.6158454770385018,0.4645502528758103,0.8158572588553729,138.19535888561933,0.22314316295452444,0.4541240657301915,52.0,4,13.878190326236846,0.54641359338085,13
27ee00ad-9704-4838-a1c2-e1cbaaf73e9d,impulsive,0.6431579029390423,0.32209556736692296,0.6002741662365354,92.48460543476823,0.15728908414166634,0.12211145870476511,31.0,5,19.882613318479475,0.13244417686266818,20
5891ae6e-0340-44fe-a011-f0da60c00632,impulsive,0.8670020996925057,0.3102502490793143,0.6167756767332782,168.4219241330182,0.16226030111464307,0.3200110195316583,89.0,15,13.42542376402038,0.24905836510277404,0
7fb7128d-bcd1-4290-8d00-7381127395ae,impulsive,0.7752411870580899,0.27178746615147936,0.5566322311532825,215.19375459889758,0.1145198722252038,0.26276996818155346,116.0,18,11.179369670378884,0.2649357638205093,21
2204f7fd-fd21-423e-8efe-bfa4bd53ada0,impulsive,0.7841178107952326,0.19395236166631422,0.5600357215324615,116.76357381800068,0.26101754355132384,0.3190558183805945,69.0,14,15.783363095685282,0.39004872404476015,7
2707bf6e-112d-455b-83b3-ca09c2a51b73,impulsive,0.4445038596868139,0.2113527163836058,0.813331249102323,157.57687042729552,0.23790329736281846,0.20895548262792474,98.0,13,11.976457040760565,0.5317023047104743,23
219be1a6-d17f-42e0-8f8b-13fd307ae07f,impulsive,0.27216216849214947,0.2781451263179089,0.7643155431121913,121.06963943118171,0.36587725808614396,0.29173159738620347,70.0,8,15.010073967067214,0.1904081929345593,11
bcb54f46-162f-481f-8625-a91351741eb9,impulsive,0.8026008282563794,0.06959962431724692,0.6089582498927435,244.2702086400995,0.17570469401969682,0.3610767490467683,101.0,3,4.110132516205611,0.2948161931304724,1
ab99836b-0117-4e76-a714-cada2b365ca7,impulsive,0.6869248422613357,0.1951181252308485,0.4586084625628156,88.57372893801383,0.06972714380118816,0.35416433035009975,44.0,11,20.545374790523958,0.5548188441937774,3
3c43e0db-a26a-49d1-8eb1-62a0aa855f75,impulsive,0.7785826537245917,0.21483213251730815,0.7114211138269503,181.18626223839794,0.3032346484093695,0.24103790685924972,50.0,16,10.635830838249337,0.4965509228192877,12
156b275c-63e5-444a-a53a-9ca4c02718e4,impulsive,0.8087846757898568,0.3434718108251632,0.40896471666198747,196.21038215853372,0.2465185470067609,0.26507389876104315,103.0,9,14.69693782048189,0.27456852602931914,16
4ca8ae1b-6ca9-4996-a841-e3c4df7e453e,impulsive,0.697704355755485,0.09963473401863815,0.48774037077616844,155.93372176209297,0.4511904158474429,0.4389085892038611,25.0,3,6.9671463693239994,0.3444335503816983,7
ccce1f8c-a264-4f6b-8a44-d450a933b0d3,impulsive,0.9115238108075173,0.3290599151319207,0.5051344855773622,251.8766209720029,0.3230700566622831,0.3602050233904758,37.0,19,12.188933380984775,0.1861829218634678,14
8185d489-fa93-46e2-bf05-648bbe75b64d,impulsive,0.6545663667578254,0.21915676645835486,0.6331357876751739,132.83920616941788,0.08748094481293757,0.3485997168889476,79.0,6,10.458397308148415,0.5292412788116299,13
c505e5e2-339e-405c-a4c4-862763b0ade6,impulsive,0.4925064348547556,0.3574363707674854,0.6901799589093947,97.42096986302043,0.2101466577674708,0.5286205503917746,44.0,6,20.480018194417568,0.7219633418841861,12
7a0e432c-89fd-4fa2-acc5-e32731c69926,impulsive,0.801567623549106,0.05443361925290549,0.6222936863370029,109.34419432552818,0.06737000329414083,0.1954312543983441,18.0,13,9.438177210068158,0.5253984563166791,11
c1e2831d-c490-4483-b6e8-9b6aa9142668,impulsive,0.9201269957676979,0.21262701123733138,0.5087280800949262,103.66531778594535,0.3445019925231472,0.4105883149131595,23.0,3,11.343336701715405,0.3826567155613709,14
fa1f8866-064b-4267-9938-a039cc7576ff,impulsive,0.6008059706815863,0.3680400708761356,0.5974741035745454,122.50953387869333,0.05383897458115449,0.2495041685598849,94.0,10,6.69546850600887,0.38911104623737924,9
3d13ed92-d528-46e7-a061-78d0d2a6e691,impulsive,0.7844823639356642,0.3728458814435192,0.420378486201996,105.6764372420287,0.2422212473449556,0.2803422977456396,112.0,19,17.819583841355893,0.6398612393233185,20
e580cb72-f08e-4d3e-9e7b-b7ba2b6880a5,impulsive,0.8932363954305177,0.40203160543899963,0.42315591376078326,131.1199302677176,0.3726472273748189,0.3061216801294784,100.0,18,12.407726648214076,0.21117973891505218,11
f79ab3f6-8cae-4fb9-8302-2815e6caa296,impulsive,0.7305683439472833,0.19705616018159414,0.5357957584680282,111.78234275023775,0.24716454011345176,0.31878606493590683,37.0,18,17.75896961501335,0.46904539604490164,18
d9c8a0a8-7b14-4821-bf47-988376b6056c,impulsive,0.6088508317802027,0.07570975041834235,0.4555574634641616,195.46204520060712,0.23967714210017615,0.4389883357512953,118.0,4,9.041346192244369,0.2962735512447782,21
1aabcbc4-2c7a-4db2-bfbd-8674d45e03fc,impulsive,0.6933172246166279,0.15136820100472004,0.5731061780291488,98.41270782605064,0.09599942202290511,0.6241979646048685,65.0,8,14.85647096208592,0.24319645800667297,15
dbfb8118-5fd4-4431-8f03-802c4a1d0cc2,impulsive,0.8991381333800195,0.2581438169047624,0.8124144982344491,120.9572885710166,0.28723325015467455,0.4327823595502244,95.0,3,16.970984599185783,0.29297079679791516,16
4a2cb88c-3cdd-4c36-aebe-a75eee60883f,impulsive,0.8434110060942407,0.044906991803967525,0.4357680850307892,116.1743521136014,0.2575408358649446,0.4791321388917855,90.0,6,19.194548947493963,0.4518332607664322,22
03958a77-b8d1-4893-ba21-2195e5cb3a4d,impulsive,0.8738784944819801,0.28722567790407694,0.5603064959186252,142.75219581935215,0.2911680696870796,0.41725765409527676,60.0,8,15.552708689518827,0.48758253121243633,22
b4f2ec63-9729-48ae-97df-61547c16e7a0,impulsive,0.8495493377721578,0.13561258286725456,0.4646826904248106,100.0134989241362,0.2610046185106314,0.2564478113520115,107.0,6,16.946981825699755,0.3239849007483677,15
ecf6ae4d-3417-4e2b-845a-ac754cb731fb,impulsive,0.8613410833907498,0.304265711648586,0.5363044558938016,138.41345355975488,0.3003455259940538,0.5233173963249326,117.0,8,18.52062193163999,0.08522436140933257,14
ec6d2266-b9ad-4aeb-b797-e484c53bfaec,impulsive,0.7848344512210808,0.3145717141809505,0.6209979435581845,114.70055195127986,0.2732987728244427,0.35592053998004075,41.0,10,15.810580086492521,0.7072856694373746,2
159485cc-a50f-4608-b008-09dbc67469bc,impulsive,0.5758460082269047,0.22863363000518458,0.8491710921847142,144.5885861441519,0.09434686140834875,0.20198380324353782,59.0,17,5.771658986219274,0.3086658931717455,8
8bbac4e4-085b-45db-b26a-8a15c7d51724,impulsive,0.9671633291394481,0.20880987338570384,0.8770743857891187,164.8251420936288,0.1800512279236362,0.41280929634159375,85.0,18,6.435729441958075,0.5262215796776513,5
44c9c436-23c3-4f30-93ea-8bedc06944c6,impulsive,0.4215290161183979,0.5102458350195507,0.7057149665511309,155.15943896794684,0.465177788447004,0.5743909366697468,111.0,14,9.285961080449505,0.3365103123297835,10
df304efa-559c-4778-a056-4429c839eea1,impulsive,0.7418287478466822,0.24681461995977577,0.41565332644266434,92.9310621965184,0.4809808959732033,0.28313298297738687,19.0,9,2.0,0.43220649430536223,23
fda814ca-25c2-4ea2-81ae-1bac3f8056c5,impulsive,0.8405603603738186,0.06753889163178901,0.7425112025492876,165.4802982382169,0.2486652179262837,0.30979239709877954,18.0,15,3.337913237367337,0.46126806834443723,7
71539be6-390e-4718-aa26-23d0b6799c63,impulsive,0.6836687900204615,0.2738672165708518,0.5542975009144543,71.37912267944286,0.3518916376027608,0.31853015638971216,89.0,18,20.819911110856026,0.26356880694254436,16
bc3a29df-52bf-4e84-8779-0f4dfad532d6,impulsive,0.50424059978818,0.1449325136787937,0.5778052023390869,106.50410069604825,0.03227892113244073,0.45247436285853826,99.0,4,6.214358931030272,0.6840121995926477,9
7daaa4fa-4e51-428d-9397-01a99551590c,impulsive,0.663478980355902,0.08569973574702851,0.6506327721270192,210.59853320580672,0.21724326082589815,0.20028528492881256,93.0,4,6.667000765287723,0.6556332710214442,15
f429a6f0-1e8e-4cec-acee-0728a55541c9,impulsive,0.5582227003722303,0.09182962599777322,0.9300557780481148,234.89922011251667,0.42055158738787346,0.3761607602139347,103.0,13,20.352167437666935,0.3739541012169441,8
df2f529a-c996-44c0-87e9-619b4224fcac,impulsive,0.4999051311884964,0.17435557802656076,0.4835877569795411,69.0130908711839,0.33109664631943825,0.13855802657427507,113.0,6,15.150957735263397,0.6499090145395463,8
83286599-466c-4129-a38b-3adff94a24bf,impulsive,0.7150661010703989,0.27399469135460575,0.8919494404661666,208.8331587536447,0.14585694462660434,0.5335149347285143,78.0,15,21.42369547365613,0.42011166687591345,4
858530f2-65ef-4214-9f6c-73b44c0699e0,impulsive,0.5815780446296666,0.026790465321631193,0.4380991616734394,177.93501767882478,0.4492127239592686,0.26143473197207145,43.0,7,7.441328425523865,0.16460629387363088,17
2ece1446-b4f6-4fd1-9ca1-a46321840c4c,impulsive,0.9827454147728045,0.5505131128152068,0.9388317903847607,178.3852328536312,0.2516236831052862,0.2733892080725305,40.0,8,9.096105305554419,0.4037814404842901,15
8fe40b94-1fe6-4a93-9210-b174a1d155f6,impulsive,0.5747023808377243,0.4496661822041488,0.5210254726781202,79.31063410212684,0.15515359716525542,0.5058316667604419,116.0,15,9.074121522844338,0.4169997064166186,3
6471f965-6971-46a5-9d10-b40ab070a4bd,impulsive,0.4692995223139127,0.46427963596173866,0.4615245459338708,73.92362375372466,0.17474910924144807,0.1651100430684928,25.0,13,7.921618716728513,0.3265359805833515,20
547ddbf7-47cd-4ea5-9fa5-e348d16d0fbd,impulsive,0.6631048080922729,0.09648704735726746,0.7441984714913941,116.62870980056962,0.3994942379508198,0.3770517482083556,29.0,5,15.826042609325514,0.3206824445546718,17
e2c92bd6-3890-48c0-9aaf-b7c16b707868,impulsive,0.8803574482436097,0.32994029579706263,0.43288075871699677,262.85508854340867,0.4404636324065817,0.39023923205633965,48.0,18,14.427751157779383,0.5173639168634848,4
f7afa3d4-5000-47ad-9811-bd563e6782d9,impulsive,0.43973496049230704,0.504162896413086,0.5201709912651319,97.2095801068229,0.28436216918351215,0.047736565407057084,46.0,12,9.238592514067465,0.1846443907917781,11
f226f672-91fc-4c01-963e-0330b0cf29ef,impulsive,0.7000233718197477,0.19194617685915016,0.42648610577840096,135.68284234140438,0.060235888370262225,0.4534632441772522,53.0,19,17.432980955330983,0.4683967935394243,22
bb7e989f-2d28-4ac9-8a76-aa8378bf3ff1,impulsive,0.8140828835451435,0.1946174692568859,0.607288141923884,102.62153606997467,0.10673590188891546,0.13656436960344193,51.0,9,8.740032954157876,0.38259062800075755,12
15ae3648-592d-4ed8-ba62-d005b4f92815,impulsive,0.47945849644889127,0.44205584530555275,0.7235921896416014,141.32299184797034,0.5088154864289793,0.3350217083881644,113.0,18,20.976499249871278,0.3029886926051934,1
4757549e-19c6-4292-9ef3-250e932d4a02,impulsive,0.34201096866874536,0.3638381166256116,0.785930101560405,234.5373496467787,0.3418856762918569,0.19808053927648966,75.0,16,14.790931682759311,0.4206245614460004,19
907b6741-4528-4d2e-985a-092eaba65d32,impulsive,0.8818763258909977,0.14905380840048332,0.5471959340828343,139.83787315591934,0.19116443639959613,0.2825647867659763,55.0,15,17.231409838397937,0.28980251666881857,9
d6b75563-050a-4aa2-8e15-67ca7a23e09c,impulsive,0.5570446065950916,0.1806582681726084,0.9443601722532273,200.38224004821694,0.09973864301813753,0.3363619794944602,118.0,7,17.727885121184734,0.42069062473754254,15
be149c18-472c-4d1c-9c7e-db52fb481755,impulsive,0.4976907659315719,0.24872767772794968,0.592042869016252,278.97670148236404,0.36276140031189735,0.09836538415669502,68.0,4,11.635934457872713,0.28011122572213326,18
ad996680-18e9-48a7-ae02-a02574d319b5,impulsive,0.7420195398797356,0.2932240912149388,0.8138508519226906,221.42769488146857,0.11047033038804582,0.31015680896945985,80.0,18,22.777594500974885,0.35092723964060224,5
eec3ca69-154f-4b17-bc10-1a34fe26bfc2,impulsive,0.37367900221278544,0.16368884250131172,0.602904875987983,72.77519048537145,0.3752266237359124,0.44560700792497354,20.0,14,11.935007784845721,0.6630131747628465,13
84686d0b-3499-4e18-b433-e7f632b382b7,impulsive,0.69818813657569,0.22944565098109937,0.6664814951715796,120.81224439187116,0.296153989858846,0.4491138799549334,37.0,10,8.46490861096742,0.397211893912428,10
ec937eac-d3d8-46c6-a9ed-d81d8b9543f8,impulsive,0.7059685149621803,0.5176806024008305,0.5686584899330949,211.34068760801517,0.08128333796079837,0.32936267403424363,19.0,6,8.534926803573928,0.06140384247308252,5
d18a852f-bfc9-49b5-8922-550bf59b2cbc,impulsive,0.3025344085379377,0.16236240681551165,0.5711421350981161,238.94659623179035,0.12248012166557334,0.4000305265391265,42.0,15,14.411543203654512,0.19842298441750425,0
91c78106-61b5-4673-8123-e2b0f01695a7,impulsive,0.9089411047336275,0.2408307848182196,0.593708924972705,147.51063895467502,0.2247887395195782,0.21894907400923552,66.0,5,16.70239560436378,0.3550268742729173,23
ec17db7e-7cea-4cc8-bd75-e32b3a28de5e,impulsive,0.6395337570385198,0.25214081646778697,0.6419131060772643,179.66523231309864,0.26687514246041283,0.4139358912093793,92.0,4,10.15365144950345,0.5571454776464903,12
6b1860e6-e713-44fb-93e6-83f24e867625,impulsive,0.9393083115007115,0.3603663892527423,0.4692776214030632,228.0197611514694,0.298921104002942,0.19897283795245657,103.0,5,12.790756269154596,0.18853666191909427,23
efe3eb00-6aad-431e-9043-a360f8e05991,impulsive,0.730704837731681,0.5319919821283451,0.575607038779661,223.7782373963497,0.19979676216476047,0.4224181355411889,111.0,10,8.850679414100671,0.2826389788751197,16
16e48cba-c627-409b-9533-0cf7af001f8f,impulsive,0.7514866803960711,0.25616484400084255,0.5695595940861743,185.8072847022962,0.2517083842704137,0.639576083801838,24.0,16,11.784902071631658,0.6002263488811527,11
ed150e1b-7680-4dce-b319-e8bcaabdc0f1,impulsive,0.8814544785398092,0.4036293891411735,0.7490521321733201,115.92045187057737,0.2025520655899605,0.29142431146481,38.0,11,4.202009327318965,0.7043941543068017,0
f1a8d91e-f03a-4c05-9750-fc0157cba955,impulsive,0.8383098908946286,0.25642929392630986,0.4433752619171703,153.61170856117076,0.15895868849264824,0.1664893273474604,26.0,12,10.250663406532043,0.35364364498820483,10
75db222a-5204-4e79-94f6-b0c9a60b5abe,impulsive,0.4152609490018346,0.4677460610544413,0.7206373591340377,124.67386050806851,0.10860858892363402,0.025903884827032042,27.0,12,6.8875640844583526,0.09333104711564708,19
054ba1e7-5510-4bc9-9d06-83a0bf2ee3b1,impulsive,0.7431031890721809,0.02146461416477649,0.7682363905956673,91.12848235078319,0.3608560634824493,0.6639965854088867,88.0,4,10.734503126007214,0.41819461481785564,11
87727a49-3abf-446f-99e9-5663dea952b0,impulsive,0.30104801010323107,0.11420868574504847,0.5661995297087958,294.2272933287526,0.24548316868965028,0.2578666036056003,50.0,6,11.107690486729474,0.40940592241208773,1
fae231c8-9509-4a43-943f-6622f7cc3eda,impulsive,0.394142454716588,0.1276388260557424,0.6863740065668616,90.51796267445425,0.41190673405727374,0.7089161596807712,52.0,7,16.42378512555839,0.3651377817250828,19
9801d232-d557-42a8-8cb9-f1271804ac74,impulsive,0.45806965924311416,0.4912057996093212,0.818907794597407,154.68960950961997,0.22593067620554338,0.3101016627292456,16.0,4,14.20327573325449,0.516933205318336,2
42b346ae-0e2d-4e7b-8a2b-5c94093af974,impulsive,0.6117346918471169,0.06304454235564966,0.861229919539896,208.47196840777727,0.2043414444562671,0.5369876464594825,104.0,6,15.964282576076823,0.2204129010954636,20
8e765296-1c8c-4789-b914-e51b04103c81,impulsive,0.7695032997276257,0.018648994405856982,0.4177024123390093,181.9441108884787,0.15214612340915834,0.5066212474336778,48.0,4,11.147926498873819,0.45253500760527526,14
3542849a-4987-4e6b-a445-423edc3dd133,impulsive,0.6579202046705577,0.02907094261612779,0.5700224246599185,265.20316846680606,0.1705950528846785,0.43288481869040657,26.0,18,15.90347663760498,0.46791815400867826,8
f41163cb-ffed-4a54-a4d4-489026dc57d7,impulsive,0.46507852149911183,0.5006114062028684,0.6227946771221938,102.27457084635046,0.2827506139122428,0.19380436202144377,89.0,9,7.342771941769718,0.2947385308829577,3
5b7a9ac6-2bbb-4535-821b-3dbf6b221901,impulsive,0.42187040600132397,0.16422292753609763,0.5559965711577536,115.76042132141578,0.23276878289445094,0.13241688064610854,79.0,15,12.89889488689342,0.3875034196781464,3
85afcd19-63dc-45f3-9842-c457fafd168b,impulsive,0.8132232234195146,0.32174708989379824,0.720533847410105,115.0505252650243,0.4509944602882187,0.3116107808394535,59.0,3,10.07097876446083,0.28711412074338555,8
20ba0e69-2f6d-40e4-ad95-c60b0750176a,impulsive,0.7082305535744685,0.4685655523284596,0.6320068403249627,158.94156954760427,0.04027160305525665,0.12572771536297736,15.0,14,6.010275876970841,0.5752591144779722,3
44ca0157-0fb4-4f28-b2f7-5724beb64ed7,impulsive,0.43882742616173454,0.24358736724620286,0.8930494467337601,263.91043066462964,0.2835476648834168,0.36626572425410503,34.0,14,15.437767292477435,0.09925522385152076,11
c9f4e79a-d8d1-409b-be82-f89d53a8dcc6,impulsive,0.6117205729269779,0.23367305233001068,0.8445148562377104,187.59112913098187,0.1439810117104273,0.6222182638835765,16.0,3,13.363100014276737,0.5569824779324064,21
bb919ea4-ed7b-4c79-b36b-01facee104a6,impulsive,0.8531123471449027,0.0,0.8795479053258621,239.49101775046526,0.410068645879415,0.3494658253524056,94.0,9,9.149609323631603,0.5240901987893767,0
35a9d2c0-37c1-4337-8876-4ddb3ae903bd,impulsive,0.9737261707419483,0.5337724554322208,0.4735245405571815,52.092614540815916,0.20963629350867075,0.15047152912956252,119.0,10,15.717382974557214,0.7840862453610072,15
4549b1e6-5971-4140-8ac6-28d4e9853f3e,impulsive,0.6072563401916782,0.326578072380557,0.6807968317307659,253.15599475605413,0.3665869509865848,0.23558320223319235,115.0,6,13.037310146910604,0.5004950526555666,9
4f45bcdb-c425-4a4d-96a6-d7146eb3098a,impulsive,0.7715667955534754,0.23267545801326533,0.42057949680189677,204.02344050358414,0.44862176634043677,0.556778480298184,42.0,12,13.735393588512244,0.4403481621019055,15
d6e1038c-3f18-4a64-a1c3-8316b6ef902a,impulsive,0.7019831804746318,0.2254808513831761,0.8326645255144997,90.63709120061473,0.4575728575036931,0.5834786415886101,93.0,8,5.443925036164462,0.6419826035443567,11
e12303d5-2f92-423e-9016-e2abb5987d3c,impulsive,0.7402576891104586,0.07365647274812773,0.6313075944279196,126.39223934560951,0.42595858426472905,0.25364239200417016,87.0,8,13.563701677354137,0.33316546863851493,9
9b46b9dc-62e0-4088-8d81-cd4eb21bec4d,impulsive,0.5769008580127524,0.20158948451808417,0.9250316942469903,165.3122012223066,0.15152218898722422,0.07855513363250496,96.0,17,9.145255513404063,0.4899310559924968,16
2a378b79-b73f-43a6-a3ca-c98a6d980bfc,impulsive,0.6898723415377005,0.17387717849910625,0.6382609719625953,163.12263818776205,0.1819444713270183,0.2597137079279589,65.0,4,11.333862336011508,0.3652495100616076,13
b6d39689-0dd1-490f-9b62-ece55cd49495,impulsive,0.6449177249113524,0.2259309183794843,0.8258381703178999,145.85740608052322,0.25852245649330785,0.42767672975694626,50.0,6,19.475762131124853,0.4387464315207,22
c042ed94-819e-45c2-87a6-a55cdfd97af4,impulsive,0.7800071351480407,0.1224014984330994,0.5850522243642193,91.42096443494923,0.2392727049601538,0.28879999029039105,94.0,16,22.722306187199997,0.4066498084058439,8
4f4aba97-1c2d-4254-8e7e-d8048d7f1068,impulsive,0.7022730588825237,0.4414370343375535,0.6841633336148537,179.44300652436516,0.10593818804332522,0.3311196283034815,88.0,12,5.928757640033683,0.5336216547225345,19
b90828a4-b353-4552-a1ea-2f571399872b,impulsive,0.5475009502557545,0.18168719240842807,0.6725939473067687,140.28501567231638,0.30568050375207884,0.2921846837060851,69.0,5,7.796350640585698,0.19678412504798673,1
e09a912f-1b9d-4076-9d20-4c4b341284ef,impulsive,0.7622771334642778,0.1730250158270001,0.7165980985981886,152.62654767791045,0.27576583510160146,0.2092600402497658,53.0,15,18.522226375534927,0.42945148391137045,10
70b00391-35fe-4d5f-a746-9d4226a0435a,impulsive,0.8833529967034903,0.22836092608631273,0.8634510015463165,145.86957411654998,0.1619751884198212,0.23490349019460002,76.0,8,14.734690503163637,0.2669177852437782,7
6fb210ed-641b-46d4-92ae-a880a3d026d8,impulsive,0.3745093975571614,0.3456665948411967,0.45951257826697,160.29526322018924,0.14494627844364108,0.40713252060228544,63.0,10,7.317590235381366,0.3894939478272543,15
fbdcc0fd-7e6b-4dd8-b311-daf6050bd5e5,impulsive,0.5748260897239046,0.5232637574943746,0.6130779225624107,70.22530529691153,0.22677577999525447,0.1921034651817406,16.0,15,9.84957075624926,0.09709086385380387,6
0a383776-6736-43fd-b448-286825b399f2,impulsive,0.733106255072204,0.48014396882317933,0.4443822495677143,132.03220378564248,0.19850541608052805,0.29024000494871877,119.0,10,11.919766260244316,0.12594969556449248,9
afacf592-2fd6-4afb-8ae5-339bd5185e64,impulsive,0.7831031865320539,0.07874689541286631,0.44458658032926585,147.85979790605342,0.3489389151055915,0.2487827665040429,64.0,12,14.228304706196786,0.30435815965534924,21
999ec56d-a0ad-4df5-a034-5c49366b0aa5,impulsive,0.7640937532923889,0.02905833184310156,0.4341931033921036,162.234835472737,0.22765838940765565,0.24316518484946342,107.0,16,18.235373758043128,0.5989328596270509,12
fd343933-2d96-4315-aafa-15beb5b9b9d3,impulsive,0.7745552543598544,0.10469763416907794,0.6139531368834494,171.57140905954722,0.07200699436041785,0.25374766052128134,69.0,9,4.454350206518261,0.04261942595117115,2
ebb18bf2-6a7d-48f6-9cf1-696825f9f86d,impulsive,0.7907595230264903,0.14725506955029816,0.7073017308602623,254.99965610507627,0.18181126839647632,0.13796892754304643,35.0,15,6.629647837216656,0.39774813939175935,16
4802d58c-70bf-43a5-8ed1-b49661f7ca40,impulsive,0.8517209762683564,0.16417803356162203,0.6100965721539585,121.6875870963288,0.05973772521225232,0.4350655456623161,18.0,6,11.325285928573498,0.48875868912371806,2
c4373245-3c2d-414f-98af-4acbb585b474,impulsive,0.7059436349625706,0.13270386015846847,0.8265116282136412,151.4175825628826,0.06330873729382654,0.34230330965307926,86.0,12,15.74917070145657,0.22172206512084183,3
f74824b2-35fd-4500-a7e8-1ef200d059bf,impulsive,0.8753420435730068,0.4292772813400615,0.44788430826938536,212.13542977110464,0.2371215936270431,0.15306257067388326,108.0,13,7.335708271955222,0.4595904344021914,19
09a25c14-32d1-4bda-a02b-45524dd1f2a7,impulsive,0.5073527065584899,0.10890068594751337,0.7325641593022689,89.98785212347315,0.10716675963085065,0.4133347841387351,84.0,16,13.824982303778462,0.3210749455287468,23
0ae31ff9-0d9b-4e35-a46a-fa71b6d1b58e,impulsive,0.8704140704446836,0.10764925461099872,0.615649198160212,172.15229809751924,0.07008216114605584,0.09339730556055051,42.0,9,6.3009592000317,0.40639058871694883,16
0d89ee8f-fc5b-49b7-b3c7-840e6ae9d6f7,impulsive,0.7851532755518306,0.2011249780648677,0.6167786688165885,130.51346269276772,0.39906974767686754,0.4907095118211656,68.0,14,12.660233914312538,0.633021767271853,10
3d549f32-3819-496f-a7c3-fbba82316630,impulsive,0.8314710143159392,0.17731698157050402,0.883755382096019,162.5439815578286,0.015624211164334899,0.17199737255230976,71.0,3,11.19659225101502,0.3869580992831092,17
7e09097e-6634-45b2-b4d7-7be5ca06d2db,impulsive,0.8745877032968994,0.4087187636646182,0.5851434318439247,99.66297937389749,0.14472158368736,0.5783023123692174,37.0,15,4.092768565315348,0.22962411709597969,20
5776bf7b-5919-43ae-ae96-70a161063987,impulsive,0.7272845694296988,0.35958209973150923,0.45113565136373335,91.41798895309121,0.0616230518920571,0.16553240463954405,41.0,16,21.498891078965556,0.6936517616240264,18
ed905dd1-5ce3-4bd4-a459-572e88a4740e,impulsive,0.7198831292026984,0.2695760497998061,0.444496199279248,115.08826064329826,0.16350438874170486,0.415601650201361,84.0,11,20.315043999137394,0.13613410466800788,3
101872ad-4aa2-47b9-bdcf-873ffe23045f,impulsive,0.41816456402821617,0.07529166074639346,0.6725725930068326,133.53644987121024,0.1048291705918093,0.08747451631274736,71.0,14,7.730235158422948,0.1700369264909125,8
520b10d2-ab7f-436d-a955-9e587aef2355,impulsive,0.8575124420496331,0.2235143107764093,0.4166506487681073,227.22275887232882,0.11352893497982815,0.3150456246969379,42.0,13,6.893782503895377,0.3238486201112786,10
fadf4b9f-ff1c-47e6-a79e-9bd6085921a7,impulsive,0.8632222856036905,0.3011482426383088,0.9138805377803447,191.20822494525578,0.40182321153407674,0.15491710969020114,23.0,10,10.773540565015267,0.4381774745141166,1
98c1dcb4-b25a-448e-80d6-ae311e81cb64,impulsive,0.742527386812563,0.2534724995697664,0.5935890323537825,207.8127281929609,0.06810261073213068,0.14949131122859322,81.0,14,4.605504683232647,0.5374951336288994,20
02e6b350-5d44-43b9-b8ea-7f8988d5df86,impulsive,0.7055147019166176,0.21330533648464162,0.5003224534746404,201.4101564442183,0.27840473260234605,0.3833366100690063,52.0,13,16.570086602829555,0.6517257287529886,15
c6e69210-18df-4b09-be14-a6c9b8d755fc,impulsive,0.7230355110179777,0.24846932108489125,0.7547767386406553,102.2333862849871,0.16000231105972518,0.36785773065416794,59.0,7,15.271981515398501,0.24777124048490703,13
52c31693-3fdf-4bbf-844b-d7457f8b2761,impulsive,0.47375410089784964,0.42488472322144377,0.7335123797499472,167.4422121378208,0.2812235932815393,0.27863138291468575,103.0,6,13.037111815208144,0.309815974859002,6
e9d7fce1-a4f7-4dc2-b9ca-859438c713a0,impulsive,0.906517299135089,0.45693712896059385,0.6830961572503483,198.35923201249068,0.28761291052636345,0.5548107622225849,118.0,6,9.576887840151867,0.33256579962059585,10
50b633bb-72a7-49d7-ac0b-cd009c23855a,impulsive,0.6768591609954864,0.5128734795007205,0.6600542651924015,165.4934781785246,0.3442525765273326,0.19817658620582673,78.0,6,2.281134218006633,0.2201905935587785,18
735ba46c-b918-487a-8524-50d9ae4b05b5,impulsive,0.8274138350957864,0.3439431917980924,0.5799492540047838,129.92796520027338,0.2084647680381546,0.15978290468660852,35.0,5,15.4895036978821,0.4634886885237604,7
ae66060b-a393-4ee9-b952-79956be0cc6a,impulsive,0.6785971448750988,0.11773347334182763,0.9436655006889396,179.38390969971908,0.20317029672081222,0.28441195133034763,78.0,11,19.667663402770497,0.31341126355307203,9
ad44c58e-e150-4326-96e7-57e496f09e1c,impulsive,0.4801232641599283,0.34260097994569066,0.5833781430930153,136.08721941375657,0.26353747592963317,0.15153980085639718,63.0,19,11.87927276424402,0.8006427885963929,17
50fb4b8e-ea01-40e4-bded-91d7c4bf5901,impulsive,0.782795400488124,0.19328944173708978,0.48766549074586674,135.31099239804522,0.18995282384398068,0.43683495567612696,46.0,18,14.581921767679715,0.46086312191814294,13
cda82c62-6cef-41d3-896d-b3065fa0edec,impulsive,0.9411837271046093,0.2077321408073618,0.6382925069082261,148.60250386479643,0.07174205953692643,0.4155084602928497,108.0,18,7.967022805719591,0.5405516055043892,13
02117c0d-0dc2-4eee-af9a-0c3508637e10,impulsive,0.5775388800599086,0.10454573086022767,0.7766324714979388,179.99300090922736,0.15161865402323807,0.3857285422856475,50.0,12,11.185254713066277,0.35610865499495226,0
ac921472-2891-43eb-afe3-ac7cb5a9c7c5,impulsive,0.5229614804217652,0.25780927753271143,0.8589751348743238,136.0838497735953,0.11094036522480165,0.1109826755660271,27.0,8,8.902264438314637,0.6066045433911492,8
37a3430e-a1f2-4286-a66a-5d0e064897b1,impulsive,0.37218111488658656,0.3292377665488276,0.4756447497915301,110.36797238498565,0.09520877828412831,0.3989718662017714,43.0,17,15.499764392543439,0.3534457724011084,18
609af406-fd86-47bd-b937-af4defbe9a87,impulsive,0.7332018280898855,0.5042137565982048,0.5343974129108781,158.23227387705347,0.039294679767001295,0.19147063286373844,59.0,4,13.168766406959886,0.45934250144804534,7
373a5dbe-e622-45d5-89a9-34734df84a72,impulsive,0.7830741081146588,0.1501513006570432,0.52200244093805,145.17485009266753,0.3789925087952764,0.2578405117647389,58.0,15,11.84320819438878,0.3980236945518674,7
d2d33b69-7951-43dc-9e87-5c8e1bf6ab35,impulsive,0.9432716331302066,0.4120204665068502,0.5264037929934353,89.27330689332231,0.185308979917684,0.26284743044880426,42.0,15,9.258106417404704,0.26026422382364456,22
e445c54b-f513-499e-8bbd-ec80a423f653,impulsive,0.6780615159843206,0.09254311965410378,0.5455617423472261,118.75160027056155,0.4288002273671569,0.3670834859849382,29.0,18,8.633299305883792,0.26461384599566706,2
12cf86d5-3150-4fd9-8b02-a7ddea96fdd9,impulsive,0.7748515271424412,0.5875272495758911,0.6281801888956565,128.58909727399075,0.3114609154552791,0.35663198131186535,98.0,13,16.986717577905694,0.38804031403506856,12
62d69487-b801-45b0-8d46-6eae0640fd3a,impulsive,0.7555344811359673,0.1471102345833178,0.4284944630823166,134.0991662910294,0.29041264381971876,0.2135582172067432,118.0,5,3.9529087367999285,0.46150792589659445,0
7217f6f5-37e6-49f3-b2f9-45aa157c8f50,impulsive,0.7661489862771076,0.4088865531288594,0.5650433482016114,184.4298538229002,0.04853327513005113,0.17296543107660203,118.0,14,12.429397623210884,0.5020165516606562,15
0ab8cb5d-d750-4f4e-a6d1-9e376ca14424,impulsive,0.8178467724643083,0.23674201804885098,0.6377794301442583,126.10514274831247,0.10698533387615969,0.6114709118600943,110.0,17,11.978794205132434,0.23556876743712551,16
f48289f9-2165-4056-bfa5-4c419e868874,impulsive,0.8688906547556134,0.3105274652103497,0.46739277813019126,220.93667920534267,0.38286402534172115,0.37354397377410775,18.0,19,18.246525249823616,0.1995954371920315,12
dce02faa-41c4-4c5d-b564-7b92327cd33c,impulsive,0.5838709364524823,0.1326775928476142,0.5359005210286653,128.02488511085477,0.48644429266116684,0.4366170489555917,72.0,19,12.033651751709654,0.09708731484220047,5
748d59d6-45f5-4fbb-a8d2-bc6bb4b8246c,impulsive,0.5309637985051472,0.09958291134292342,0.8366881639415987,122.60283993480242,0.3347458910444138,0.10225962174530326,81.0,19,10.48337392326545,0.3024538730195299,19
8e306b93-98a3-4f13-99c5-f717aa4bf2b7,impulsive,0.3194882277459106,0.03402752390024656,0.7778790804869163,166.76707935908064,0.3000499129110164,0.2569394729762644,29.0,14,16.55151798188476,0.22352913059200702,16
581e33f9-65b9-45af-bcb1-a1c8dd1424f4,impulsive,0.6798089535016713,0.1715755456467429,0.48532391518283413,317.2701315074504,0.20261446654422116,0.4206977133622039,92.0,11,5.452469028833481,0.32851904702446716,23
237035b6-78eb-46e0-bc0f-511908e75aa9,impulsive,0.6964330212409351,0.4279265659001386,0.408278678877221,81.3838771285704,0.0,0.21207796326029496,87.0,7,10.243944642121324,0.45963751405355346,11
2250eb37-2d52-4aa7-b298-fd3a31318278,impulsive,0.7817966890639414,0.5174683562459248,0.4787208532698872,165.46978812532646,0.16051340896172037,0.09312910527481105,53.0,4,12.960032290438123,0.6609368673375096,22
1390ff0f-d957-460b-acb6-027e08f5ba5a,impulsive,0.46458676979653657,0.5047646073189691,0.6604044983885491,143.85846248627442,0.39723226693069297,0.16626187492514,39.0,11,11.356203684178652,0.514693784386523,23
ca63782c-d84e-4501-a531-b727870cc2ca,impulsive,0.4887427431441991,0.2809046837579625,0.4636045815198268,129.31124492176494,0.40107873731098004,0.4076869967312211,58.0,17,12.630633661435573,0.23868614770476052,17
a0647696-d37e-4f91-86dc-01a3f5084071,impulsive,0.7414122691255974,0.1260310013204945,0.5411447120762801,214.7266329942117,0.3287669768429735,0.636166777184374,67.0,6,10.965756881952966,0.41430864788208804,5
8ea267b6-a1bf-43dc-bcd6-f8d3511e16de,impulsive,0.7374262226749556,0.14878690345383816,0.7831255187858301,125.59358325128755,0.27640485700617423,0.5215864130123015,117.0,6,12.320498550366125,0.6069693800084417,13
e649bcea-4965-4f9e-bdc4-bb6232afd993,impulsive,0.8857171326427388,0.19524147258889907,0.5610159281582187,138.5342100565397,0.11267438227645461,0.07103668794303362,64.0,19,21.570509037568662,0.3061361367849742,4
623039dd-4a6a-4264-acd4-d8fe63dec478,impulsive,0.8358298095199158,0.2337491365741245,0.460903451356741,173.2706304563249,0.0729804118448304,0.4075938839554125,90.0,19,14.449643035334095,0.36821247296836285,22
6de48a42-7097-4270-b90e-9a67953438bd,impulsive,0.8790020760140129,0.2923875905917603,0.7504715062619471,165.76903986543996,0.24386505426519664,0.4535515215732516,66.0,14,25.272534931256626,0.4243636334685722,15
a7d6132e-4243-4a0c-9f63-952c4c18d53f,impulsive,0.6346777991678724,0.21053692463842216,0.7884798456319421,61.59891003803927,0.17553823179367714,0.277032140046326,100.0,9,15.057381164242393,0.5938968569270399,14
868ce964-7259-4916-99ce-5d31c1aa0ca1,impulsive,0.5775447028130538,0.30735736400800495,0.7821231523600592,132.05234709477477,0.3605611708018256,0.3014607553910204,70.0,15,16.59039385557218,0.41225982870564204,10
d3df4321-1f5b-4f88-93f4-39b733b978b8,impulsive,0.638925573888948,0.17988800632357102,0.7938314637288619,230.0923461829329,0.2701845482020739,0.22084544751188306,59.0,18,6.091967489320129,0.5158628827942168,9
01fe9e9f-9e62-4eb5-ae23-8c23ab61e029,impulsive,0.3523423667199879,0.3347535639149776,0.7283389516747181,82.4553403159844,0.15833250999465287,0.48491331695268053,16.0,5,9.971961157234775,0.6907067893335478,5
d20060e1-b1d6-452a-8960-9a76edc91151,impulsive,0.764469477300178,0.04889638246546858,0.42606720738875853,124.81981314438507,0.09162347948302324,0.29736210971936816,56.0,6,11.812806369165084,0.5411268992545313,15
7ef36566-13a2-47ee-888c-4288e4172e92,impulsive,0.8560483238352271,0.03958148132593201,0.751040286096703,138.3019260347143,0.06911879744477231,0.11339100679375352,79.0,5,23.933446195772895,0.1423434370581988,11
816c027c-c882-4c59-b045-c208dbf64781,impulsive,0.675189171871077,0.30350890492478205,0.6467970049138894,125.49406678877575,0.4431501847206644,0.42898264804931385,21.0,4,11.87518992473829,0.4543233374081606,0
0ab5f8ff-6262-41b4-b4a8-e1ca4a7269c4,impulsive,0.6739708395499889,0.23449103887701875,0.4382075793579775,85.54260407843346,0.1610380229846815,0.043648099970661054,100.0,6,15.943266957430328,0.2835242365373272,5
a2e49645-0f7c-4b4d-a4d4-e8988ee7c8d3,impulsive,0.7396028684053917,0.18263922714818168,0.7732149652052128,171.91444937042507,0.04167445423791816,0.20389549731574877,111.0,8,6.573984057002669,0.2563652397487596,14
43235a9a-e7bd-4a85-b137-752c84bb4dde,impulsive,0.87389181587361,0.4216599571624871,0.80661231867925,173.0618801057559,0.27593735241140166,0.24229013335078767,59.0,5,14.681074651792757,0.14942468265261946,11
8b522744-a11f-4eb2-909e-e4f40131d717,impulsive,0.4970347022482637,0.3124979049074472,0.698679333719812,190.69890796975625,0.1572695233013922,0.45854748812694224,66.0,15,4.555685255076751,0.332040281404937,3
72eb4acd-d258-4e78-b010-009267536632,impulsive,0.7981144222389869,0.13228569450945704,0.48320420509953405,107.35351078878763,0.3198626194229082,0.4322551943345998,70.0,11,24.961630209986918,0.3402149321657893,12
8c0c83a3-4b69-4575-b592-df2503f1d8cc,impulsive,0.7666350218683357,0.3997433107302081,0.4366897045641903,140.67730584832424,0.15511403736481705,0.22192516365400428,104.0,4,9.18822491138188,0.2563498314103088,5
6f41ac8c-a852-4ffb-83bd-41d477ef4a2c,impulsive,0.5737072835959907,0.49737840272792744,0.5743446763683305,118.69669330402849,0.04837567501327748,0.21843589561631147,74.0,11,10.638902086176856,0.4951954749270943,22
2183c1c8-7cd5-4ef5-86b8-53497c3e3ced,impulsive,0.8528237680687981,0.09386333622551703,0.5436181201120576,76.80390439686582,0.3780793328994491,0.35242483894632265,68.0,7,6.166079941815135,0.5365560560240537,13
7031571f-308b-415a-b802-b8512c87bde5,impulsive,0.8385607570553205,0.21978381727200066,0.6867313123685024,158.58826520512386,0.4296741624126103,0.2933143796038203,68.0,10,16.667278743427595,0.4070571605557847,18
6b826a9c-9edd-44f0-99e3-29c408c66eb0,impulsive,0.9514267196232329,0.24474877839194278,0.5852813640653256,299.3936123902068,0.0574156312479717,0.50903947997171,86.0,10,13.164840795288494,0.27321770487881086,8
913492d5-e91a-42cc-9c17-9750cbd290c5,impulsive,0.6676091784455114,0.4056993703696184,0.7132364541379321,104.76538647194344,0.033812535778422095,0.40500708893039744,91.0,7,13.529465964457128,0.55977047009955,11
1cbcc6a6-55d1-47db-ae75-d70efeead037,impulsive,0.7511470945843873,0.08505532228346317,0.41480928240559667,254.45185454882983,0.10862968616819742,0.10443970197143862,19.0,18,19.537555980833197,0.4192175747033773,7
d171aa88-96a9-4298-aa47-0c63a8a6bbb3,impulsive,0.7213120923143203,0.2856833343134869,0.5587101712980783,140.0694609635092,0.0,0.241263826056683,84.0,4,13.660475106294358,0.6652629206109287,22
816def5a-7c45-45f0-8c0f-6fa6de167add,impulsive,0.9144069219389999,0.42323066680163546,0.8492013212634009,101.18056247563803,0.2507057504436855,0.27119083164230284,19.0,5,12.836878519190265,0.3434423536490569,22
32244d24-d14c-4a92-bf22-754ad6fbd693,impulsive,0.599155396827058,0.20245753242826192,0.48747456194367045,153.2175401756873,0.34890651270753087,0.28926238653031494,118.0,10,21.162230211054343,0.5813344575110202,14
3c65ce0d-145f-4df5-9986-5112bbbec4bd,impulsive,0.4842804954840216,0.11825915647404446,0.7737018098998776,233.80627109462924,0.21201949540555887,0.543042705889775,52.0,19,13.028200837921817,0.4160159861930982,2
8f7f4c79-762b-4489-b055-96062024314f,impulsive,0.7083397367135498,0.22388180538441468,0.4143265666520207,127.05287540156716,0.42045757964691616,0.28363083977659065,67.0,3,18.60029711707957,0.6489586709927531,11
c3770924-9073-44e7-a06d-2336f90845dc,impulsive,0.7038159054914984,0.2830535333820276,0.5293681910653693,126.1739900550409,0.21261279478558304,0.2803888092645,107.0,16,12.913816247627983,0.05904617528295624,13
4b26f7c7-b69c-4c23-acc7-1143cd9ee0f3,impulsive,0.8644647344929884,0.0664449030141746,0.7139816814436584,206.87188592492103,0.1742409990236329,0.3968095754376488,118.0,9,10.360475688648295,0.11970147242945277,11
8599346c-98e3-4c3b-b199-fbe8f1b02932,impulsive,0.5807067284816231,0.1472695049471015,0.4419060911616802,176.20281773900885,0.09277314879789371,0.008494025597803288,95.0,3,5.8160237571092175,0.4049896054397389,5
bbd1895b-7423-477b-b49f-cc8a39cc510c,impulsive,0.763733449044686,0.2009797366361421,0.7579936013650955,126.60933856119888,0.22973188023625823,0.45478200727447254,115.0,17,5.481789036710109,0.20384019032740788,8
c1ba8cae-06b8-4217-a557-f73d0e0b5e91,impulsive,0.7031161692910395,0.24967901839484247,0.6599051821016009,185.62282320272547,0.10391795528588584,0.3089783441276836,59.0,7,16.51678463655393,0.3576434313979664,17
cab2f4f6-ad7c-4ff6-b62c-6ca563a6550a,impulsive,0.6460007279768759,0.3748084158120003,0.7190763572358503,42.54585153491653,0.2080152728166095,0.45687944351273224,44.0,14,12.757726938955246,0.39668047798832684,13
e9d65683-6245-46e3-a9f8-5ad4ffe5e241,impulsive,0.6850353037335263,0.12981227242182966,0.47023691933999384,154.8858218844837,0.28176586427148415,0.2773430031053845,96.0,5,9.074035144248159,0.30347808798509,1
76c86382-2963-4ba7-a75a-c9cc2bb5fbed,impulsive,0.7094649097467278,0.17692284331807345,0.7589735374879713,122.97626033685859,0.06560404801217401,0.23844865672356602,16.0,15,14.652646424165166,0.27104564538191395,13
f0897ff8-9f7f-4816-a05f-af362da70b88,impulsive,0.833751944734343,0.14316603031575503,0.6749487351905983,90.16391985434998,0.3897051827128266,0.24806624776073113,31.0,19,6.390737247733469,0.666448937778458,10
c3cbc6e3-a455-47d5-8913-781f6131aed0,impulsive,0.8325928824071421,0.2218030518070359,0.4301017778467305,210.03473522694694,0.1286348504428615,0.23988058561743636,63.0,14,17.271427093449525,0.3055484619666167,17
cfa64b0a-6702-4c8e-a12d-854456f1971a,impulsive,0.6506137153014215,0.10807185447176546,0.6315574381576265,217.14150148306476,0.5164629381723702,0.4952394744564862,58.0,8,16.57476379454126,0.3248696792221667,9
900ae5c9-992e-4b1e-98b9-0a2a3c204ae9,impulsive,0.8958832947468278,0.17296733986361695,0.44877310635908546,134.91639705839304,0.46460085713417576,0.4639154351599285,89.0,18,2.0,0.25778223007025924,7
f6ef1061-2e78-4b86-b8ce-590f07976a12,impulsive,0.7274433068662006,0.06951497198185824,1.0,142.33345205009022,0.30008540402685413,0.32836395670448626,75.0,10,13.487123399220533,0.17775983033054313,17
63b22d10-fa7b-49aa-b0d2-47ccc983da7e,impulsive,0.39009219234603365,0.20208293699760205,0.792721982475946,135.78204532784943,0.24138294947456146,0.3406149895000539,41.0,12,19.31723154878687,0.3719322154311536,18
e1b2ccc7-4ba4-421d-aa86-7450c87a299c,impulsive,0.696957758781414,0.1750925158956122,0.7030169313969346,109.36881353906514,0.10803783684875065,0.22607070015807906,90.0,8,13.838234107654898,0.3486956704775784,19
41fbc287-b930-4448-859b-c86dcf2e0a96,impulsive,0.7082926575642824,0.03837534917988995,0.7128146801559387,92.85351185025397,0.1394554159923219,0.36213285599610523,67.0,10,8.203637667927197,0.7451599192058893,22
11f69a25-28ed-4f4b-a35e-86f8341a5968,impulsive,0.8019374219090594,0.3943239510385023,0.4516043485613321,123.72977516445707,0.27142870478766384,0.4162988608632257,32.0,11,4.913785543324494,0.2925352541093695,3
91ae6c90-738b-4279-8e25-d0e28f27d480,impulsive,0.8635399961662887,0.2937877545752794,0.7984972281603754,265.15047203093854,0.19243328757427675,0.5305715397692107,89.0,7,15.333509097965665,0.14320737649182583,7
25fa9d17-9f8e-4062-8d14-20b5b359972c,impulsive,0.6101164372634921,0.14011680858315304,0.7574354010869753,185.34502964836022,0.32362295624201615,0.5043688126565087,58.0,10,14.808833481278924,0.3726876226928857,21
bbf0a7ad-00e3-4444-8b70-4edd258e2876,impulsive,0.5361952267964624,0.14508407878357482,0.5871350608976216,313.59394698082656,0.34251393787847983,0.18235883943238015,59.0,19,15.771191904636673,0.38062935745636317,12
1e8664a4-8c35-49e9-bb26-b2c8bc71af73,impulsive,0.5278105583258105,0.19069704032239998,0.757406594364655,72.77070339127606,0.31919027163919766,0.13627268977827842,81.0,7,14.609131667057513,0.7633127484820103,20
965dfafd-f7e9-4d32-9c08-516edadb6b24,impulsive,0.7990237152745621,0.2903247705721521,0.665156328487252,246.36304604787554,0.03806317135199371,0.5428804506426121,105.0,15,13.674188373919371,0.35820091891545897,22
5bc1ac94-50f9-483e-b76f-e75e03dc5ce5,impulsive,0.750152632453649,0.3502747461864706,0.44831003315162943,171.81432648008303,0.3768773003240684,0.3212084042795166,42.0,19,10.332671592379063,0.29011613735018,13
9b9e1644-04d3-4a59-99bb-cc2e88a95358,impulsive,0.9208758676900993,0.296979333480551,0.4989963652518429,234.7232561838003,0.17571001886147153,0.6513129968522587,50.0,18,8.577390897851329,0.5548845643204308,22
96d3507a-b138-473d-911a-be5d7499192e,impulsive,0.6430251824829166,0.2982005488620714,0.4510968565049129,104.93712923040849,0.39033683021435245,0.08976965462805692,60.0,15,9.721836798935954,0.4846268643450693,2
c5aa9e5e-8a19-446a-b67f-bf6114b1d16c,impulsive,0.6536596171360297,0.12106447706149223,0.6428932829252859,164.39562132308373,0.3352857571648885,0.3453319428289944,102.0,6,11.207481572329469,0.4120274448046992,22
9378628b-d037-476b-87dd-0b852267e7ca,impulsive,0.7435571249737157,0.279518757744843,0.8424733074543621,183.63510811526663,0.18856114280456865,0.5871888866044156,20.0,7,16.081763637754634,0.23556328031946647,8
94ff34bc-cfb4-42d0-8821-5ba9f58b0e9a,impulsive,0.711636495415326,0.10869211057212516,0.770434171538224,140.39161553058486,0.36696033301072734,0.22007942305717282,41.0,15,24.43405245836182,0.27292564585175294,15
4c08a562-82f4-471b-80aa-a96700ae8d37,impulsive,0.727954079402946,0.27473607154886653,0.663687540344113,169.70787676872604,0.3066157632725406,0.26581595989788176,118.0,11,13.202052067473335,0.08616426699145407,0
593d94a6-6136-4989-827f-b3f3a3f20fe3,impulsive,0.6081474202119788,0.4473031246469635,0.8785740009751773,196.42624058486933,0.23144575584380048,0.23502190094818076,22.0,5,7.282610595567181,0.16567962936674255,19
1b94c7dd-90f2-4909-81bf-2c8c89483b3e,impulsive,0.7175737586382539,0.2198036976631802,0.8382545840469279,99.73224783518647,0.25635197366629064,0.5852133397800161,62.0,11,13.143546087287799,0.19780863536505258,2
05993027-e291-4c1b-ba68-9fa3b0965bfc,impulsive,0.7129217390731816,0.38371265999669335,0.5241367479634758,134.93863578992236,0.3290419944224299,0.2906495716254649,112.0,3,5.478843753988521,0.42603238565123575,5
12270bbc-7c3a-4c0f-9db9-f3af2aacb3bc,impulsive,0.6998540223550268,0.4728449330858767,0.5457485846333927,149.71348901984388,0.37222380737435723,0.37192428856112203,39.0,9,14.307429263317555,0.5501316268816108,22
b33dbbe2-c4f5-4a1f-9172-b6b5753136c8,impulsive,0.8738595488395969,0.17001332924495677,0.4838104911581965,217.22987746321164,0.06868334730461476,0.1405094736650067,20.0,14,16.54353894674805,0.4419389303606518,14
f9c7239c-9dec-4f91-95b4-7cf51529fe95,impulsive,0.7679139638973435,0.48274566811335357,0.6383926523099201,161.14031719863945,0.32436812903265566,0.2382503314746368,79.0,13,11.92326702249201,0.41648382009206175,11
f5f34315-b063-4daa-9ea9-b7143b5c1684,impulsive,0.5981585810744718,0.2179142034132813,0.6821892811260442,158.53160031466734,0.1815378177461316,0.5128798496687055,97.0,19,2.0,0.26602850791200894,11
213a1cc0-2056-43b3-95e0-92f1cc3db322,impulsive,0.6454870663011345,0.2506570370831587,0.7306551204261733,107.22728478370342,0.4055393250327089,0.4825518416686392,37.0,10,18.637643670170164,0.4292588133445714,21
c74b4726-4101-42b3-b953-09691d8d4800,impulsive,0.6758482373732939,0.1935410841513948,0.5706076845669874,134.23058586281894,0.35543390316098256,0.1283553646439999,69.0,13,18.717614056677466,0.4034225207892103,23
5e305040-17c4-46b5-8c61-3988784c37a3,impulsive,0.7859461371889972,0.4773426036969052,0.8312834837867218,188.36151967944065,0.24920870258239858,0.18704891054946574,81.0,3,9.383004853154448,0.12777512220991424,8
c55528db-042f-4f1c-b4b4-afca791d85da,impulsive,0.7596142504504868,0.24030554692489361,0.5013080988882179,287.6351569321207,0.4431448385300986,0.3045785056854451,30.0,18,8.24893090310604,0.647641640175631,12
03d4c5e4-03df-4816-9a83-f68f7612383f,impulsive,0.801122854126973,0.09467841809963776,0.4363427023720544,165.39029650727315,0.2152053129319814,0.31230994925451944,36.0,6,19.861046446495664,0.41289079949376334,17
9788c970-c73e-4516-8d02-ca7f06b64ef5,impulsive,0.7372431728242068,0.15271795101402558,0.425631056575006,173.56941162962525,0.06760436162634949,0.23427139201054767,97.0,9,12.467275420212125,0.8049655304653304,20
2a51fd8f-9e30-4493-8acd-6163ca0299d8,impulsive,0.8057867748206876,0.0880952375684008,0.8935791271850596,118.84945578353205,0.08382147083623706,0.4229156647787704,51.0,18,15.191372189301422,0.6500781456410427,23
a0208576-4fee-4339-bc5a-c1d3b02caad0,impulsive,0.9038475616003517,0.40903565459594604,0.6265153154350297,124.7959184991616,0.07919227208414958,0.38298809303606723,25.0,5,16.65791242985948,0.3475075610090671,0
18b7476c-80e7-4b83-b86b-65a1c6415d8f,impulsive,0.7996895517148822,0.33258164506097204,0.6629971825202354,148.0633696894683,0.4394503441497712,0.5265715909859846,36.0,3,10.86205486152742,0.387820318775185,18
1dbf91e7-4427-458a-bbe8-04ea6b44c54a,impulsive,0.7979149037733742,0.09047256232787976,0.5772587112657821,106.79945388876203,0.36501933471264697,0.224040026021554,52.0,8,15.328649192560567,0.4298913306496882,18
dd03c390-5797-47dd-b983-82ec0f44c3ba,impulsive,0.5873780376695003,0.09895578196784785,0.6721263991655679,166.38680722155112,0.4597981709610148,0.32159702960448877,20.0,4,20.457212030703083,0.32359251204598954,19
5168dd07-6fff-43a2-9f2a-82c3717d1f63,impulsive,0.5495627671314331,0.5194265119866673,0.544973043768134,115.81307542553724,0.4497828340225769,0.26256727048057993,67.0,13,2.4088645568333202,0.28435394886524923,16
567da0fb-c20c-4ba2-93dc-04a8b4a9cbc5,impulsive,0.7571250454900639,0.47827611004197007,0.4341260026488095,143.04056161958212,0.06385710456411396,0.3013900132792396,30.0,4,16.159596082891056,0.40373926715754066,22
62422543-e43e-46c2-b48a-d4a55b9ae0d9,impulsive,0.7425544766331642,0.2974261966873316,0.7476951203616684,91.13537067483756,0.14320941198849227,0.240571676288377,73.0,17,22.98763634973987,0.2129593947861037,9
f8906fba-7f1a-4568-9bb5-6c6acd356a6f,impulsive,0.796280043524109,0.14251092183355524,0.6735308767101761,204.2857352241286,0.029107480050859336,0.17494678921426077,51.0,3,14.672851608366152,0.21522266686561628,14
c2204fc9-feaa-44aa-bb05-93d5d1cefed8,impulsive,0.8861448866668176,0.23275896809237784,0.45680350138776854,204.8626246985131,0.18257693571777323,0.35345839066886675,26.0,4,8.510541783469293,0.21596667788152804,19
e6ef8dfc-4b62-4952-9de4-a72e138b7f89,impulsive,0.6218873477152163,0.4581625973098655,0.8205998713322747,111.9763219961723,0.1646253446427411,0.37450134161067017,31.0,3,10.877151528037349,0.0997465654346397,12
174ba840-b129-45ab-b0b8-e0e0b56db80e,impulsive,0.5882256365087082,0.26155040353616843,0.5956814166206514,133.9877210281174,0.42108622982064936,0.49197812196642743,81.0,13,7.39082051192165,0.45425740382460517,7
a95d8053-4a35-49db-aa48-1be5cd20ff55,impulsive,0.8208404220667723,0.16878620510681308,0.584542166397644,215.97023465283115,0.19452950208631692,0.13547697522251023,105.0,19,16.8926908078631,0.32651145472112014,2
05116b9a-33ee-455a-bdf3-dd018709df49,impulsive,0.745433493559389,0.20942300917478374,0.55591867162032,128.17621616194768,0.07303395894937507,0.08822014626014317,88.0,11,13.488592078158899,0.2807659631600156,9
31680062-6495-4db7-bc13-2fcd170cc3b7,impulsive,0.5459081016057689,0.45038705136480656,0.4948811612826521,116.33447583542905,0.4397312742997514,0.48000977210553286,45.0,6,19.02663715510461,0.4265240828903209,20
31ccc598-e5f3-4b82-af26-4ac87c9968f9,impulsive,0.7017686544694658,0.1177611331949095,0.6604144120254989,93.12178968958253,0.07230176018682959,0.2599933541699048,105.0,18,25.217816920547804,0.37612181889391166,2
ffa85a9a-1626-461f-abc8-87d35a38f4fc,impulsive,0.778599759243678,0.2922065626621518,0.46598554386347363,131.5650300425678,0.08983145491028215,0.4176239357952906,19.0,16,6.186019651811954,0.37155055938033765,20
c6d2fe7b-c7b9-4936-91fb-61e20ec5e4a0,impulsive,0.7162548791706812,0.09770456297029238,0.7409519243444985,174.4093080119154,0.18991532452730797,0.2304106564334315,19.0,10,12.283013807090875,0.18141781037673305,1
fac75db7-9f43-4eee-8e96-41c5ee1374ca,impulsive,0.7333131420328369,0.12639380342464993,0.7500470441479381,95.9392620340693,0.14808895696258215,0.5259375225831572,112.0,11,18.452611184356005,0.3257625702020385,4
1bde9c78-5bce-41e9-b731-e0eb8f37c4aa,impulsive,0.7292028664779393,0.4564117617934858,0.8824600486779358,119.48197642464496,0.4097741804917705,0.1932282160806118,49.0,13,7.18808807672921,0.5656898641652779,16
54a4c1d8-1b07-41f3-8bbf-03f07576ec8a,impulsive,0.6828330318504221,0.18585500493833612,0.4920532854384073,160.33819217114518,0.3538453725188176,0.5126125245336003,81.0,4,10.950541686038406,0.21462845835670827,21
9d431a28-4313-46f7-9885-e81e225c0408,impulsive,0.6160478017943477,0.1210557960720408,0.4138552759429724,133.01637754907557,0.1697467652287256,0.5317750037558984,23.0,19,15.064318566152703,0.6376087190315181,11
b054c8f8-e5e7-4552-b613-34c439a74fdc,impulsive,0.6204634477622472,0.389513574914111,0.5387659028734318,207.45180926022505,0.1251532677352033,0.4654071242795733,74.0,10,12.125355941577947,0.3899956347217026,21
0574ae40-8020-4d22-965a-37d62b443ed8,impulsive,0.5866056887180741,0.13151565076625743,0.8648789505721349,115.62317510624908,0.1885113726760234,0.3692190935306452,49.0,18,11.550753046267745,0.28157752005714415,9
627a7e5e-6bca-4649-b75b-4429066057ff,impulsive,0.7682625265112678,0.24336648694160312,0.8014145016782609,97.66197937535416,0.11754562877061164,0.5109755925036517,98.0,11,2.6797656650386674,0.5108460181660546,4
dcf50f6b-62d8-4e0b-a92e-2e9f75fa1b63,impulsive,0.7270150329726028,0.3806973218821893,0.6550106204199349,81.00713022036395,0.45624730097276356,0.3754911224605709,23.0,5,18.154662903627006,0.536244949582314,9
06031665-3ff8-4cfc-a10c-a7d56e08c890,impulsive,0.6343530538966082,0.296594717495913,0.7206448798730569,116.56750436962243,0.454787150427527,0.45737502654280465,52.0,19,21.20366137786535,0.5084138346360491,17
1713b29f-b44f-4080-86af-f6f5b8319b01,impulsive,0.652181639513216,0.0117733386531945,0.4725775316529881,167.26891482684954,0.07224484647317081,0.4832454607683737,73.0,19,19.85884060374986,0.23950797177368333,20
c2cb59bc-7fab-4946-989f-63318e66e6c6,impulsive,0.4695308841451067,0.2893002800755574,0.8242201763114582,271.956991881965,0.2837562848740236,0.4492161252302011,96.0,6,15.758479164894752,0.326001023697791,13
d9160654-c8a3-41a2-8518-ebb24b67b6ff,impulsive,0.4380007224558603,0.18804472725804294,0.7864729551573396,192.6997992905549,0.18580652771680306,0.060977602650560764,59.0,13,15.248916595749757,0.7361107219885606,3
1093bb05-ece6-42cb-b798-a01c2e15c194,impulsive,0.7737518962784958,0.4875846946856077,0.6812914313487818,196.2893578678079,0.10203564677301533,0.6402736409873099,15.0,17,10.148522268182647,0.36261862689842217,9
59daf241-c475-495f-a108-526df01917d9,impulsive,0.6527904010108572,0.42107705210119645,0.5491012654458937,241.34861067903483,0.26341270721539783,0.367260122613262,25.0,7,7.771729864404037,0.5420797078528509,6
0c1e895b-db19-4f34-987c-9eaf0dd3c5ea,impulsive,0.8217259444016807,0.1938538862721192,0.4224059370843579,84.8415013501304,0.3173902911668139,0.3173800751224241,113.0,11,11.471115232032137,0.23641943274610422,2
fba7b55e-72e1-4e0b-b2cf-41680e3b397e,impulsive,0.6700836204187252,0.1652440035732317,0.5714939638298413,140.3855956920849,0.2935225380854044,0.5112647094222285,54.0,3,12.544318553635147,0.6142772060163552,18
8ba4ddd1-1055-424b-93f6-fba6f1660a28,impulsive,0.6092312546098203,0.18323851011185327,0.6088488015589858,145.579401298263,0.3043808021825684,0.29113481664635715,65.0,3,3.130261588426162,0.5057583910727707,3
c318a18f-9791-4c8c-b02f-5a6eadd8ad8a,impulsive,0.867769800832104,0.304454714471235,0.6931691553950495,120.77897913536228,0.2350647853163504,0.29349535367795915,94.0,17,6.874872183524487,0.3901601847423051,13
214e50f8-4a50-4bf4-8984-d9233aa08823,impulsive,0.5456002399572083,0.07067872456401429,0.7001379180242935,150.28461913997415,0.02094204320726938,0.23948976441950875,108.0,19,22.372930233917423,0.18336798065474721,13
5995f677-e53f-44ff-9eb8-c1ad6802786c,impulsive,0.8890360844500488,0.04204946689115278,0.7505247862855173,218.16132035841005,0.03534675322930108,0.39891407473153356,17.0,4,8.091116977850493,0.4402632249804815,19
52b1a2f9-09cc-4f85-b9f3-32d513e3c329,impulsive,0.86099197466187,0.05702169796703302,0.459062018773096,211.4335152916573,0.1407857858184225,0.4878493084645165,73.0,11,20.110088115322064,0.49441725423469696,14
eb3d00bd-1dc4-4bf9-aab3-940185033a29,impulsive,0.6667686958926793,0.14664471318322625,0.6081629458477347,134.45341906829088,0.2681339397138928,0.41347974742122634,105.0,16,13.320396667533707,0.2582722071085687,1
e9eb3091-5e07-44c1-86cc-22369d2abe67,impulsive,0.724012093867371,0.20278092457503186,0.5526647789921582,289.18432380758935,0.2609956410863885,0.09040566187477611,105.0,11,11.694527631100714,0.568261272210079,0
cacf2e0b-3d3b-485e-a2e5-6dcf6b0fd3c0,impulsive,0.559896948891756,0.36251792565348717,0.7729861169453422,262.79257035540854,0.47552955489926285,0.3672307139691048,63.0,8,10.976491746248275,0.42812080572494704,15
d1a068f5-8e97-4951-ab3c-9b3a817497f3,impulsive,0.8288583059083044,0.20425090263514048,0.5980156727293366,201.8552289269229,0.021230413624155967,0.1768058292353732,79.0,16,6.020214298171235,0.3547183640440535,8
3c60d18f-006d-440a-8d60-1f8fd45c6aae,impulsive,0.7869468428801428,0.026963389153371,0.43442478530396633,188.02784871568306,0.4186780762407434,0.08011187284876156,24.0,8,15.87617334691684,0.4075238870142189,10
9300b285-ac76-44f4-9c41-0b572391ea07,impulsive,0.34722458907693077,0.4059556197854544,0.9214013332517731,132.26419440901685,0.2329866571059171,0.5816836837602077,71.0,5,17.83328431172195,0.4857416349037371,18
773bd4aa-5db5-4936-a517-f1c7fd65d5bd,impulsive,0.5876919242882939,0.4850504384345534,0.824116152949369,114.37888178049205,0.12262943504635224,0.48089590145293315,23.0,16,6.631903741443199,0.35301379919450326,9
764d7d5c-50c0-4708-8402-d3bf3fe38ee1,impulsive,0.32366161169057656,0.2364571930266718,0.5119066748365404,190.27289647898513,0.185815098543378,0.22435325387591348,45.0,5,16.138094471537727,0.2606806123214761,6
c52ad9bc-5b22-4739-8eae-be1fadae5a91,impulsive,0.4658386755027025,0.2935921677782358,0.6319665294631867,108.93729746604903,0.4623939080605799,0.4022238173214678,92.0,6,15.993630760634474,0.2812130325400589,16
52f39a2c-3c0c-4b0d-a471-bddfc642b6c3,impulsive,0.6921866319935648,0.3711358609953362,0.45955331229345314,112.82999683577772,0.09231046104744696,0.26178778759001997,97.0,15,20.6695386846148,0.2573301388738196,3
54905905-6998-4831-955d-5456b555e790,impulsive,0.7797862012319385,0.30485077448046416,0.867192945821419,281.8862096064852,0.40013197200593287,0.32187729902773243,66.0,15,20.838060968646392,0.5060332264766216,16
478ce939-3c67-4442-ab30-81c561709e1a,impulsive,0.5982360477209928,0.44154102358715785,0.47431985609500404,154.29943525366943,0.22073192944599257,0.5435853645181152,66.0,5,6.495310764723591,0.35357838251275325,12
d4b2801c-7cfa-432c-9c82-d79827a4cdfe,impulsive,0.3398021311454413,0.3202167209881578,0.8608967241898914,164.57989143009416,0.19259535679612774,0.3219925004017736,55.0,12,17.734348364934228,0.48322188008890965,5
ce582a44-5345-4568-87bc-29ba07201922,impulsive,0.7174537358760675,0.01108536249731844,0.8064312669631557,269.42237465031536,0.22788709011813946,0.118081272635028,91.0,11,10.281574932672742,0.1382962757257479,8
d31abe9d-e5d3-4c0b-b559-88695ffef542,impulsive,0.9123877499747483,0.1806501170369534,0.5432515561568093,265.8898331456627,0.10390830498543865,0.18892783683659348,91.0,8,16.4625218724568,0.12542779430714132,20
fcc50961-639d-4fd4-bf28-bd422f178b0a,impulsive,0.49473276527764953,0.5127809629883063,0.8262610496477827,166.25354558174465,0.33619046616749176,0.31043016100321996,88.0,7,9.591919793226822,0.5464670944516605,5
7809d0b8-418d-4d8c-9db2-6dd952535815,impulsive,0.629347872148892,0.1429194745087597,0.5756244717233114,160.15098928310118,0.18819355915059743,0.07029366961380287,88.0,3,17.484491846200562,0.5823372194117635,7
78226c3c-f236-46d1-a019-9fba2dd88b4e,impulsive,0.6165217942412831,0.2993823812551758,0.5843972192172716,208.83562294771363,0.07102976535581786,0.4953929176646865,49.0,18,9.571603128941081,0.25868954892735213,12
5e46abea-a7da-4c2c-951c-eeff353984b6,impulsive,0.7938505021514182,0.4418765677520972,0.5689445535067635,182.11588879663108,0.09538792320822029,0.3968609702834808,31.0,14,11.649911135818442,0.363355624910479,14
bab7430d-c31e-4d2e-86c5-9de58a44f8b7,impulsive,0.7585375416329738,0.10905654151763818,0.7145072340589262,208.55933594690578,0.3413512416636768,0.24276085304795753,64.0,12,11.982592761462666,0.234916493191052,8
53c694e7-c889-483b-a1e0-01890130aa99,impulsive,0.6539506721487044,0.462222876342264,0.4612072466222949,132.23339497368127,0.21012897479763207,0.20244284775130209,67.0,5,5.874257758483836,0.2478661862677209,11
6a560f2b-35b3-4140-97b9-be0483440d1c,impulsive,0.6650547242265851,0.1286294088003929,0.48990077893364586,137.9858932276735,0.26265906331320044,0.3816295783008246,96.0,13,11.73373409625517,0.23333119767657104,4
f48329e6-5f81-4757-b966-c1566045878b,impulsive,0.42223289877101056,0.14572330959550062,0.6998636859127575,263.71458550665,0.22335235720935478,0.48960634333014924,61.0,8,7.6774902774644715,0.620765962764732,10
5b77a040-5f76-4ac0-bd95-efd175dd9825,impulsive,0.7049217385680386,0.09517635996811398,0.6426598761740714,91.33609664847069,0.15178372722748687,0.2889174719396766,115.0,8,17.93332596506375,0.6186712041004339,4
9c633bcc-fcb2-49ac-8901-570b28214401,impulsive,0.7714529365762925,0.03199973921892165,0.7578402129583095,108.49081976297605,0.045159574718518336,0.27067647391401356,79.0,18,7.495049929054226,0.49360965986162064,1
d1a5a199-be21-4c7b-b1f1-084e59bc1ea1,impulsive,0.34627830384991,0.13573076466212206,0.8038784728388535,146.41446416367495,0.2282090570493479,0.10631338528013921,111.0,17,13.720778904422021,0.3147634603910595,20
d071c4c2-00e4-405f-8e71-10f3dbd94126,impulsive,0.9450576697289829,0.26773663721495206,0.6890597885889831,212.29888236846196,0.32637837719804746,0.3487571977561393,24.0,13,7.167844550444663,0.0457099605498878,7
124d8873-6704-40c1-86dc-8fefa1565183,impulsive,0.7653302479047149,0.21344887461102668,0.6815162613852073,161.38414398827106,0.3482063784693467,0.5034063416656972,104.0,3,7.320701430591221,0.28197423445805003,9
c79d427f-9155-4c38-a186-c4f6278f6299,impulsive,0.8029730918176579,0.4338088266934427,0.8830984971414432,168.52000610441394,0.1459439503141548,0.2903123057368082,97.0,5,2.0581619971742118,0.5825767694644607,15
9220a6ca-c92b-41e5-a716-64c0ed96ea21,impulsive,0.6950081886820713,0.09727965436637183,0.5529388582103888,194.74360172816677,0.34280448588780554,0.23976772709840913,104.0,4,15.228549327556427,0.42516611672410476,8
4c200803-c534-489e-b9b3-afe8e653d843,impulsive,0.6224237930022614,0.2527300866054442,0.7624537419325614,134.2817515617533,0.24928648120553182,0.28697901362256095,102.0,16,4.748506738842959,0.2728980746105407,22
5c6b4224-1b41-4ca6-9e44-748ab380696a,impulsive,0.7316883876694391,0.26129737983314216,0.7112714379462144,217.2232086900293,0.2446440244187287,0.1692771083985521,115.0,7,14.980360720687203,0.2549551653495472,13
beb7083d-8701-4a65-82c5-e4046ef8c1f0,impulsive,0.6405174488513379,0.17577946277983472,0.503692282745864,278.28871592010285,0.16671687513333147,0.23936860218430012,82.0,18,2.0,0.502319079555738,21
26300bad-2955-4f91-adaf-e4f805d45290,impulsive,0.638618364829423,0.0,0.6255221149778603,142.0963178797263,0.13279510498204086,0.4574160990223127,22.0,13,5.486432480439166,0.7108615890067942,11
46ae6c71-e3f7-44da-9a93-99fdfe76bc50,impulsive,0.7306325186666979,0.3362700213145314,0.8507666016832937,149.28110698496863,0.15298635269421929,0.3027635309619049,115.0,16,16.109258732585904,0.4544036849270482,13
20e591c0-42a7-40dd-bcba-5fe6a20ddf7b,impulsive,0.747556143074095,0.07452148004341143,0.7883637486153926,149.75397679026167,0.17913233852330684,0.14291258151248903,92.0,11,9.007192853960436,0.4150860893834641,20
5ad77820-770f-4bb5-ad89-da2994eec51b,impulsive,0.47599001006746827,0.266751857918306,0.7292915424281468,111.15380016301883,0.11993912439713503,0.14201924489317605,112.0,16,2.0,0.30324763825709095,12
c6e9501b-b65c-4470-afc6-9b8247c61152,impulsive,0.6289604571047842,0.13029574121836965,0.5754885976153237,136.9223738071021,0.18850480504181827,0.4518580268596882,102.0,15,2.0,0.15862929941697418,16
824beedf-db10-4e3a-83f0-e8a538ba6e97,impulsive,0.7617344722810421,0.18348359576201986,0.649865093176956,173.4401851079329,0.3289056474507276,0.33198868460526876,93.0,10,19.62299886859718,0.4490261199114278,7
872806e6-de7c-4bae-8664-522aa872d471,impulsive,0.48549280607260453,0.19194540348051742,0.41639602069230525,205.22195905580378,0.3573793796211312,0.271044903689989,64.0,6,17.40731871766624,0.4611609288371504,3
d7401075-a991-4c73-a8ce-a03ea3cbe280,impulsive,0.8071444754124455,0.1319826939142905,0.4457674148276568,87.69152763543732,0.048568300420118476,0.36504038196030003,99.0,9,21.60650268810508,0.3591729014890547,13
0f2c30b7-a01e-4f9f-b851-b9f69e14b161,impulsive,0.8447863825405432,0.39983623565627635,0.4362099803141764,189.08620312393452,0.3373090148967125,0.4555106014531548,35.0,14,8.810957030558239,0.6300837040195341,6
7ef34d48-f388-4889-8f96-81928609b778,impulsive,0.6913713291328568,0.3821100765413647,0.6115666982284428,109.51354835338451,0.32915713347198633,0.3987025624238881,44.0,9,14.972418999798638,0.2615592368577898,21
756b5fee-166d-4f0d-9f18-cb204e0fe99b,impulsive,0.2975335928901484,0.3465341060233021,0.6240678562691636,67.66441093628194,0.43609514948493877,0.5171804453773233,52.0,18,2.2379774228536284,0.12569743269746705,21
9cd785ec-d21c-4e37-bbf8-ff0b677aaac3,impulsive,0.4621945498873371,0.22484562029477226,0.4142946587198415,120.60072484038213,0.4271789603303614,0.4641903122650503,31.0,12,13.991159950819238,0.34070358665423667,18
5bbe5502-f52c-4940-ad05-c83dc27edaae,impulsive,0.9266472687264974,0.06674917549645132,0.7838265675356794,225.2943877834224,0.18629094508389565,0.33616261622162613,31.0,11,6.654879833838171,0.41386744916480606,0
0a364b8a-1e85-4f11-8489-3aa7ea5227da,impulsive,0.7405149890394965,0.14486410384556764,0.6253233757934482,173.0985543873266,0.01022153298615587,0.38900810121059337,76.0,13,14.769415077000872,0.6514197592233326,13
7b56d093-2c72-4dd8-9fa6-0064b9dd4e47,impulsive,0.9502555683684488,0.22777412703980618,0.5396916357671301,164.9590116104239,0.4935231667657405,0.30774808917202734,18.0,11,9.6546005251756,0.7001875991651072,5
7be964d7-728e-401f-abf3-0e19bf8d7b3b,impulsive,0.6833015700048576,0.28659348840232657,0.7108865276105646,196.4965324473065,0.2916370419040305,0.1996649552315265,84.0,16,16.265602643330084,0.3946890853748193,1
5e91f2ac-7b12-4867-9014-346db99cd83f,impulsive,0.6599324998875761,0.171383867623763,0.6334376835359807,134.2497691597066,0.12073667324759627,0.21009286798343102,118.0,10,5.655619775687125,0.5877118144904201,20
e61e9013-64be-4a18-8664-850df9796e68,impulsive,0.7453946204471875,0.1939512197794544,0.7136318606181777,324.932979807469,0.18152312678502677,0.2737848366238752,34.0,13,14.416576257012009,0.20284454461140836,0
11402f4d-601f-4abb-b460-64c1e7c6f030,impulsive,0.5207499611941243,0.25207370695662196,0.7475676796033941,116.7347603700985,0.47986875126846024,0.2565526483356048,24.0,17,19.312102919778347,0.510100218660253,16
64bd311f-7ff7-4ab7-989c-65a92ee25a06,impulsive,0.6402465346332631,0.237008130805406,0.7391071765150843,207.63008299042465,0.34838283729205216,0.22855826614964403,115.0,10,21.751241494300924,0.5740446574937296,16
a91c95c2-42cc-49c3-8878-b246f97efd50,impulsive,0.8188369945398881,0.22456497938207728,0.9376598308008883,103.59389355368347,0.3490876637436313,0.35098401507501553,113.0,14,9.790531025025615,0.40557510799900026,5
06b27122-6bc4-49f8-81f6-2fd319775204,impulsive,0.6422058076597382,0.19330311299277717,0.6953289571557973,111.1511483273769,0.43377509671549785,0.2117541739990268,118.0,9,17.14574050616242,0.1191398413374762,23
877cb690-61cc-42d1-a3fd-3627fe707819,impulsive,0.6749187726593031,0.5237728126911485,0.7639915673910073,175.24463862648793,0.22240103025337704,0.1331597274277775,116.0,16,15.32343972836232,0.08512206809660788,0
09184098-d5d4-4c4b-bfbb-0d064cb4bd21,impulsive,0.6526100298744018,0.17485440137843822,0.5757728264274943,128.7159498286418,0.3624518284805224,0.2451815509269932,88.0,6,5.247133780452089,0.3280577337691474,15
01491b22-2b5f-4967-bc4b-22553977f442,impulsive,0.9001180714111299,0.28208364218894755,0.6616688841188743,200.6968702756419,0.22154526400209762,0.42950382700566325,111.0,8,10.540829476139432,0.44510925247752925,12
f74390bd-a0c3-4884-ab1b-bd6a0fdd988b,impulsive,0.8764827097063514,0.15638412589270026,0.4961379915675643,167.624141683731,0.33137132575451966,0.25152032032813887,108.0,12,4.099629441413178,0.38500131970800255,9
168f3d46-3966-4b06-b978-4a28b776b30c,impulsive,0.9245529614782299,0.358592523167938,0.4510163877850352,127.27893254289665,0.23306274016240622,0.29141581913083736,119.0,5,8.712714670596574,0.44174325389679014,22
bfca4257-8f78-4c19-835f-4819a079520c,impulsive,0.5409560516930909,0.3117295295298185,0.5051601810091677,113.80528444497895,0.24563198500571412,0.3480650473384759,77.0,9,17.203448199141327,0.11747798871650351,2
f5642513-23cd-4bb9-aae0-4715ec3dd9bf,impulsive,0.7400575336655362,0.3453496578541448,0.7226928876465292,138.94506056465679,0.4480583588169587,0.2635563076983894,21.0,14,13.923235813827791,0.10827985923025797,12
92649f49-69e6-4468-aaa8-c4a6ca80b7d9,impulsive,0.4825647114712009,0.06996553304311362,0.5825020013524266,176.75148263227558,0.44623624918368937,0.21766776097129886,19.0,14,7.672848347400789,0.2750498259124081,14
cab04eac-482a-4b24-8c6f-0df525579a18,impulsive,0.835130957734159,0.21328377131335985,0.8433363455250423,104.59371463592191,0.23852938112732985,0.43662372778154485,89.0,19,12.508523039692239,0.28182770887761527,11
9c4b1aac-3c7d-426d-a14b-ff09f091a0ad,impulsive,0.8859533386670595,0.22690650396310988,0.4801432625798696,180.31528041580256,0.4862751320648005,0.20992014658090494,96.0,9,8.330451296613504,0.15210619593049854,18
bd3aed9e-b775-498d-bb98-9fa22318613d,impulsive,0.819893302929771,0.1337080235629924,0.5428129298726574,68.18541394411673,0.24846056556706708,0.16179710151091303,18.0,3,14.65994507547591,0.4837993972233454,5
eb46458b-d1bf-4e12-9f25-98a8d44c5020,impulsive,0.6809982249197625,0.21435461889412008,0.4499455573203868,122.75169345286,0.17468260425926782,0.2683691198332572,45.0,18,6.579658697655667,0.22567447435267202,7
43791619-40f7-43bc-a358-42c18dc3bf50,impulsive,0.46047167114660786,0.021640670888287555,0.7872999390065736,214.6131550156082,0.21515166909933686,0.6751019344513749,26.0,13,9.504973910419572,0.3331713157861161,11
18909750-b9e2-40cd-8570-ca2a830185f4,impulsive,0.6631258164699094,0.4457646174842298,0.7969679426049813,131.89713463159376,0.22633858061221998,0.3003390993978906,95.0,10,10.399357743680142,0.48129447328783137,7
28431cb4-7a43-45ec-ba8d-7b5d679a02ce,impulsive,0.6272608298131156,0.3633994966597841,0.5231667530886668,100.47535781209578,0.2457260280177363,0.5978651651279723,38.0,5,6.138274469485229,0.42440695180508065,3
56084799-d76d-49ed-aa70-388c7ffbdce7,impulsive,0.5527964884192956,0.16072539966259147,0.592509122993603,228.15044890086187,0.1888274435943643,0.4642966889752788,33.0,14,11.033419113890773,0.7731726864066868,21
11a52eb0-adb1-4823-bb37-70a3470a26e6,impulsive,0.9464846686995044,0.06174423368350257,0.8012378985984531,98.25190008437785,0.20194342983485622,0.42889202004044996,20.0,4,5.527487496438058,0.6145462227232341,7
e6e67229-7b0b-4167-a8d6-53bcc4192baf,impulsive,0.8715791263792152,0.17771672587363888,0.8156246803402967,58.662888950459795,0.17835779319636524,0.25473080770120476,101.0,17,20.19143272211189,0.35499774755792984,19
5516696b-4d90-42ac-af05-d9d9705fb7ad,impulsive,0.5755580184558903,0.3971570159373359,0.48462401322116355,82.99320772631914,0.11261453168198789,0.6095614295980714,59.0,5,17.498106342676092,0.8522947403388408,11
7e552c6e-67bc-475d-90c3-73a3e329976d,impulsive,0.7159488403674781,0.27093299361585704,0.6545722408303538,240.5274302014139,0.16330449327249774,0.1405640363589581,52.0,14,13.501656266235049,0.4209340304851833,16
ba8925ba-2381-4b4b-be61-a7403acba2ac,impulsive,0.5592699033168006,0.17190637559050717,0.6764896102335975,246.99293342197183,0.09421221972960139,0.5106075310257117,21.0,7,11.448767862204408,0.21712969161065793,12
0fda7397-48f0-4c41-a510-70f98931f45f,impulsive,0.7972998759023907,0.44101993648491156,0.7771164334409948,123.57416995926545,0.13331891910381555,0.46658807704750793,82.0,11,13.774783895489474,0.4693987550761917,21
7a08f154-74d0-4aa1-89ad-8cd0f9da8c46,impulsive,0.6839536841391246,0.11440250502420965,0.6837875114137626,222.33633815818604,0.2283028370739521,0.25639419352119464,50.0,13,15.743404316372843,0.6016240187553051,9
5a78501d-1211-4617-aebc-06756e1da4f0,impulsive,0.3500695706198185,0.05045913914894077,0.4783468887714743,133.2066778581843,0.22165298606888087,0.2752528835811894,37.0,18,14.865540697176883,0.20773168164526135,8
ff99dda9-1273-41d6-89f3-02172143a8af,impulsive,0.7987801997288707,0.28083954582701737,0.5582469306176404,275.27028038809823,0.10868973917538338,0.43420418260487603,80.0,13,12.710874985068285,0.248437820911987,20
6396f7e0-96ec-4c58-9532-839fcfd04540,impulsive,0.39532821903465387,0.2781694654277762,0.40181612063512984,122.43559107702868,0.07393456132784115,0.14307652914525001,64.0,11,7.154939357085279,0.2322223798981736,17
380addb0-005e-491d-941f-8c29940f19cf,impulsive,0.6817457383216863,0.20052898738872785,0.651660713278265,80.35264037987781,0.15723520524893708,0.34721065870049306,18.0,12,4.806177801600802,0.22099194001994785,15
5ceeb1a5-467f-483a-937b-0b229993d9da,impulsive,0.6657054103175969,0.36957837985709546,0.5652045165842118,176.85284841660118,0.13670823543526425,0.16190491754917352,59.0,15,2.0,0.28965924740593496,18
d1982445-8aae-4a38-8c59-ea5b965a3df6,impulsive,0.8034560779121713,0.13266765024998556,0.6101129027594682,191.14643800054967,0.06741743418302776,0.22435316831696778,69.0,18,6.981075845003282,0.1762389062208249,4
00184cb8-6be3-421a-b927-f25c27c2b6c5,impulsive,0.6113943913569639,0.3961749224845375,0.7626298046891702,164.62220587066824,0.14408940485404503,0.4186215325668993,107.0,5,17.309060157258195,0.2058447532687202,22
fad51964-52ef-4054-b230-b0c209d09f82,impulsive,0.664937575484915,0.15556616046916957,0.695863859742872,101.89216181839606,0.04517928658997308,0.11087945012474791,51.0,12,13.16664362909544,0.1741512675374388,19
45a7c147-6771-4c3b-9223-745d2cd70121,impulsive,0.7641652733159346,0.09520494836578375,0.870774888832449,177.53150826609254,0.08881141882889368,0.22515327979942895,115.0,15,13.949109523742521,0.4550031948072545,0
1b406e85-70ea-4f1f-a47d-c303f3a91bbf,impulsive,0.6800297346694619,0.348275665776927,0.673318043091155,125.99283916272036,0.10177307790562132,0.05779942922903066,63.0,8,10.032878646668168,0.2958203921193722,10
b6cb6e6f-0552-4ef2-9a07-95986ab6e3aa,impulsive,0.6038071657134286,0.2703480735854656,0.8955936810134595,152.30829387842195,0.3360236653514762,0.3602254647728986,113.0,14,11.06883345947689,0.6218002058874073,10
f8dc1171-d02e-4dc4-a63b-da26fa2cd6c4,impulsive,0.7714118509796807,0.33057943695228587,0.7325061136144355,83.52951398072696,0.13022121753947977,0.4793968992131471,29.0,9,10.643224893349627,0.522444220200515,5
9c395c7d-b8e9-4d5f-a8e0-ee9fc83e889a,impulsive,0.45221622729895083,0.05254470413597888,0.49719100963692014,175.4971522113741,0.06118989677519617,0.5003662351597754,105.0,10,4.523287052126999,0.3404968790027152,23
e8c5d68e-8a87-4708-b1d3-360c0d7c6cb4,impulsive,0.4713137232434187,0.133789407428129,0.5146177777328668,204.2847427383124,0.18595929793127966,0.5917909857354735,59.0,9,10.301373035473912,0.31780948910121093,2
749321c6-e75c-4c35-9ddf-224b63fa6ec1,impulsive,0.6784607599442533,0.2965572687540997,0.5871366461758347,110.45660359405917,0.08067561137191435,0.07719394326542564,64.0,10,16.138148215428505,0.2708426740605372,3
a1256a99-54b2-4d8f-863a-4601fba0e425,impulsive,0.6752085636973703,0.1909651328045277,0.7930346597835599,116.84504893520048,0.36936069431751767,0.3086344605998343,47.0,6,2.791593957809683,0.5576334806847246,16
ee312294-ad3d-4297-929e-4ab104377cd0,impulsive,0.7617181567507414,0.12680200274302889,0.8579959890411035,64.60644532801713,0.08190086865672248,0.09363399704177376,85.0,6,10.186289292126792,0.11755560122907463,20
626366ff-2a5c-4f9e-8d45-1fa47786103e,impulsive,0.6530955516820413,0.2561832256226471,0.3974741826656546,109.53104513274893,0.05880133776803455,0.380192608914563,36.0,17,12.508787061432688,0.32591393036479444,23
0b8e0cbf-ff96-4ea3-b25c-891bfc2dc551,impulsive,0.898922808556777,0.310430934034498,0.492780250070505,168.67811668836805,0.338081380972361,0.4964017109191653,15.0,9,17.230552387664172,0.22981570933076886,13
b9916236-a2de-4f82-b596-8660bc0c117b,impulsive,0.8556612007299363,0.15828221992369915,0.871485522256036,131.3086465260024,0.1727637563561899,0.08567137519765182,26.0,7,7.5656743218404925,0.4020667549080908,18
e1930a0d-b0ff-48d7-82b5-e3014bafaaf6,impulsive,0.7423867808169764,0.200228035199724,0.43204827012331415,175.3300438465301,0.42065035788024346,0.3759584541311384,69.0,18,12.09000795295193,0.5530738370056661,14
41542b1e-6268-47d3-ad24-2cf027d431f2,impulsive,0.5856639225846545,0.4432147946506661,0.6525850577539404,211.50644205970084,0.307644668534214,0.2949982115728869,60.0,15,8.555377769804146,0.2454950886691014,2
febd03a9-a550-44c5-b817-c3496b4140ec,impulsive,0.7176152272824218,0.5407207840061314,0.7724974978270792,157.79673785276864,0.4215142543258312,0.35355884043907243,107.0,11,19.684053211707393,0.3610550886546968,16
fad91c22-32b3-403d-a360-7563fb937df0,impulsive,0.841858054086685,0.04525247005595488,0.8931975931423994,124.48813392674722,0.4046656737418094,0.22989378892913537,102.0,5,18.76024307129469,0.3883363034840154,17
d4c40ddd-592e-47f3-b036-5da606ad94de,impulsive,0.6274654826071192,0.15242399659294667,0.44501636369292175,153.9000928178224,0.38863308466985513,0.2857248817794056,115.0,6,12.494267256614016,0.7961541428766462,11
fc682da2-9ddd-4f12-aaef-4103a064802e,impulsive,0.7449751695893103,0.4852306072568901,0.679479731272824,94.85222179807506,0.4338846098681026,0.3313964077739753,24.0,15,17.2389006504486,0.19554281420841205,14
0861c0ff-5fd2-4d49-aa2c-b94ace52d3de,impulsive,0.7215775439340768,0.3074434249729321,0.48365750806488683,110.50345949643986,0.3140977681527922,0.3405879869491935,55.0,17,15.289767797157307,0.4716436085147493,7
3ef17280-fae2-4df9-96ee-1647915ddb12,impulsive,0.5753556384884992,0.14453378748073922,0.5385484456203078,62.34654490246895,0.32497822453030123,0.4526747922900842,64.0,8,9.010482626456765,0.2863451327479956,16
f68b89c4-679a-4409-82d6-345ebbe986bf,impulsive,0.4483136510340342,0.08524701348447342,0.8517791579076499,140.4251256564947,0.36132709679511144,0.04760528490576356,115.0,18,11.614252721243366,0.3927860222148362,3
02029ab8-ee74-4921-812b-decec155b7dd,impulsive,0.9001310695984082,0.3561653821580816,0.750621917453018,101.47950283255781,0.4249952920331322,0.5261561313011875,93.0,18,15.142478481630915,0.03816652635662208,21
4fae7625-5b27-49e6-a589-7c9b7dec1004,impulsive,0.8220290293318604,0.25852264419923476,0.48052736226875453,174.34038604009794,0.4228331348066045,0.20255759728777772,90.0,13,12.766360699255612,0.24193862179584957,10
7c671124-3e36-4d75-b609-c3ce0ca54cb7,impulsive,0.8904542070899951,0.11926629993192357,0.7173170079478709,161.31200677469917,0.10861334700237071,0.40112369104271384,110.0,7,4.980568374889842,0.5174665890636939,0
beece2ec-2f4e-4556-89f8-f260cd91838b,impulsive,0.6362808290124867,0.26169396446841353,0.4133045216886034,87.20810053955306,0.23310054087480547,0.1729751502022369,16.0,16,13.313346550676673,0.1428075783643195,11
4edb2214-2458-41ca-ab9b-d8a0720acbcd,impulsive,0.756209615863578,0.11933176688485708,0.8449396127073325,70.54816161288363,0.18519345463358305,0.4518867237710751,18.0,16,20.248476116712975,0.14198355051836756,21
4ace68c5-f6ab-443f-9ea5-0d4d64b26c8a,impulsive,0.7681442712860778,0.08926534511588868,0.8173838582826753,206.53336576321283,0.07963742648714223,0.24738285177909916,49.0,10,12.962290747651469,0.5513255134808013,18
07569418-857d-40f6-9b2b-300a27345205,impulsive,0.6535609283906302,0.09502409254951824,0.7367356979476064,144.23749855625076,0.14021278242020832,0.19392272221459145,100.0,16,15.628058857617066,0.3674154968368002,20
87238592-b3c1-49e7-89e2-0cf078fb2064,impulsive,0.7539373082561922,0.3572958095159692,0.7539025476044214,87.41873642667322,0.0077862497689430085,0.34151664501263057,43.0,16,11.822221984327252,0.6573437293362541,22
1c3067f5-e2b8-433a-8c6f-4f7a8bfe7893,impulsive,0.9027810817493969,0.37000999012710223,0.7533524722151362,312.77398977087614,0.21863628971167215,0.5459794086160891,16.0,18,12.854957788239842,0.636138434965316,17
eee0f151-b7d9-4e3e-b425-0f5c3a4fe689,impulsive,0.6521822445022751,0.010976898630968825,0.39418582790539486,145.68811254029154,0.19175939758802454,0.3899154677900497,43.0,3,11.238490892427032,0.606526180848825,4
f403848b-2d8f-4a86-a279-8d0a844585bd,impulsive,0.7488870766834566,0.32590509494745856,0.7504564397057528,180.03992133225347,0.43199388852701764,0.18899534161284767,18.0,5,16.74080926744583,0.3414708346743366,7
e06f4511-e136-46ac-afa5-4577ccd155b4,impulsive,0.6179025021129887,0.2249665703661185,0.6426992137908948,150.2654751107978,0.1295418830744331,0.268083836826537,92.0,12,20.351973653715575,0.5313614546922814,10
8c9bce45-c1be-4e05-ade6-3842a5c2a8f2,impulsive,0.8433670077621533,0.48184855363886386,0.6187800301511724,124.82039605024272,0.2901190204970132,0.25758806364333015,102.0,6,10.930770799577356,0.2533682942702826,18
0e547870-9da3-40a8-a207-ecc3a5247fd6,impulsive,0.8768234277158319,0.07192029088770843,0.5207718211533593,88.53516350664366,0.29123778265909445,0.1971733150503205,61.0,8,4.414030326742882,0.6324935313797656,1
edf6aac0-659a-4573-9473-3d434c323ee6,impulsive,0.3915777532473992,0.4283624586989962,0.7628312286701269,231.0162067437401,0.20612634098443214,0.0782509242261529,67.0,18,10.091152002476138,0.7119127346049523,5
d73bd908-c4e2-4d23-9963-830a68df07b6,impulsive,0.5232900852889217,0.25527339941365773,0.7503218921148973,117.95823228251845,0.39480884393296367,0.19511662890082032,30.0,6,14.958856866834441,0.13437170616121472,12
51824857-1398-4c0c-8c00-9b4de9f026b9,impulsive,0.7017820360590659,0.009827532890068935,0.4450018164255954,173.57221945019097,0.2838977100384007,0.12656172226525425,85.0,15,17.77776173301439,0.46810181362134895,6
adf7172c-da03-4822-b412-b96ac16d8b07,impulsive,0.6813429008870531,0.2794269651220994,0.8521339296905404,182.79132120979403,0.14500906619435502,0.29496508664047894,94.0,17,15.157122268116556,0.3551301056611304,0
a05790a9-1a53-4022-9bb5-8448ba49ed39,impulsive,0.5263470627538696,0.49114052132687014,0.4009319565767914,157.85384221102444,0.2184081200566116,0.09903767502730884,107.0,11,8.736557851731732,0.13779928688854845,19
0ad3a57e-ea60-4eec-bdbf-0e82f9efa862,impulsive,0.48583848424840886,0.12764373992141675,0.8167147646760066,277.1831797428665,0.08711138020521672,0.566023401944072,95.0,11,2.9158969202408045,0.40427964744590283,21
e026596f-3129-4fc5-99d2-c7d7bfd5f38b,impulsive,0.8230798889855023,0.47933471633592406,0.835290427715797,315.598180371111,0.19340348072915206,0.43872558408132123,15.0,14,6.992450024956979,0.511749383495073,11
27cf0cb2-2740-4f3d-a57a-b6f082a074f5,impulsive,0.5911786831959759,0.2813103882234805,0.8266484870620511,77.63654512090761,0.14801237518352683,0.3338679399734878,55.0,11,17.972216246235476,0.16658803974055225,1
db6aebff-6c22-4c66-b2fb-b167a93013cc,impulsive,0.5940371866662407,0.45416304263911744,0.7219013519794851,140.4688189041933,0.3034984414659032,0.5853652140524735,94.0,8,9.893074590182707,0.6996235963323307,8
f05b3c66-9dbf-46c5-87c2-fac92f11af8f,impulsive,0.8331709987883846,0.4748750028913875,0.514009078694354,98.21431429079276,0.17984110720000582,0.5650720780720399,64.0,13,10.515731704659364,0.3052229148679104,5
3f9b209c-882d-47d5-8d91-1de9a67e4b13,impulsive,0.926836809413591,0.09462246335140514,0.56779386765307,97.25163374374216,0.3480835208135368,0.4158990383254472,23.0,13,8.53714206650581,0.6340519033356686,17
8862a27c-73c9-4c62-80eb-c6d8b7cb6f28,impulsive,0.8309367928600582,0.13500403894903035,0.5887941649073234,380.671938619589,0.038103367071084006,0.348706318755034,18.0,6,11.967557786685635,0.313773725014078,6
fbcafcdc-a7a2-49dd-8d16-044e907e9ec2,impulsive,0.6762300255814888,0.3935967893964808,0.582082969829111,345.3278944886336,0.1458525972952878,0.09844031065430518,47.0,12,9.579443161507655,0.1340907467668909,5
0c195bc0-7e2d-411b-bd86-4a1d698d7ea8,impulsive,0.6145088004317883,0.3945453544482144,0.8932296265155422,85.80130784123243,0.1452283347802033,0.19263214655274816,44.0,7,20.498326777038663,0.3908871856869273,7
b137d52a-24ef-4a9f-8012-3aec985225a9,impulsive,0.4614408741423107,0.2911671135556726,0.6750061563733655,111.83779460600938,0.4498122051173685,0.6603758455228627,37.0,17,8.310064634423995,0.3568671191494351,21
4076c5db-27c7-41f3-88e7-3741fca13cc5,impulsive,0.8059002743689737,0.19861103225011376,0.4602078852555438,243.73662630997632,0.05734034963263467,0.3581196476776806,67.0,13,12.53402966138823,0.4236633223787709,1
d76d620d-ef6c-41f0-bc4b-370b76405606,impulsive,0.5975208652745914,0.09158602930989088,0.6218034115977141,103.13075146535228,0.1152061212495409,0.551568101140727,40.0,17,16.126275848708023,0.5559851760718386,9
2b1a3496-24d9-48c4-b70f-6025794228ac,impulsive,0.6030911735384321,0.16849222440148182,0.5617951619782507,228.6028993532706,0.24249377983375267,0.32969778929422755,117.0,4,4.174117102114003,0.4154459211743444,14
0c74e58b-8e63-42b1-ace2-8d7d2eea2a71,impulsive,0.5913637892519192,0.4700133344238509,0.4419201549110109,97.0164801840435,0.06228201033866934,0.16132848723425722,24.0,17,8.883901496204476,0.29436831697898225,1
d5ddbabd-5773-42d4-b296-11c721d489f4,impulsive,0.39756581946138414,0.07075859399115031,0.6734498681485364,81.53966572659402,0.21785623500374687,0.5017101091187071,25.0,7,13.43767696055287,0.3380522635820234,17
d5c46237-c5f5-4c3b-9887-2fee5420d33f,impulsive,0.7218684125875278,0.15306652107338345,0.7575816534992773,161.0147462346946,0.4518734608627116,0.23218525144998248,62.0,10,8.511516500740223,0.2517440636827313,10
5e1dd2e8-8153-4d9e-80c2-ba5d5e97898d,impulsive,0.6262893274520752,0.1825625522824661,0.49053859198495947,47.31801344897988,0.23090214894582523,0.034837713217039774,35.0,19,17.78891575963967,0.4043605879179521,22
ce7e790b-3779-4310-bb9f-5adb951338b8,impulsive,0.7688038454426072,0.24234034415356198,0.6011100765085542,163.3711380970004,0.4472524249380985,0.5143186372162144,50.0,14,17.493171166328626,0.07171777342226834,1
1aeefe79-d6b8-45da-a17c-4f60b069e3db,impulsive,0.5337071398441965,0.13267532778968272,0.599866850661826,111.1728658462769,0.14722465228523093,0.30765409878942174,47.0,18,14.370419780281967,0.20089519453769084,6
203ad4ee-8e16-4519-8c2c-16e9e7bbbef6,impulsive,0.5363029956003642,0.054831139721005825,0.742564186415086,152.20427956525606,0.21269292415529484,0.12035704160916831,77.0,15,21.557844476921453,0.06708328593639613,5
4441a6df-4700-4057-a078-310001f74cf8,impulsive,0.6979276099618341,0.1956222350236011,0.48633007949498486,311.7163229000051,0.3706661552458586,0.3977098289627359,47.0,10,11.566838919035236,0.10682054013342705,9
f3bded5b-047d-40c1-96c9-91276f1bd457,impulsive,0.7676055111715098,0.4364237574578406,0.690709428902877,157.02793207641182,0.2570637080756709,0.17037194129318517,90.0,5,10.288251716407483,0.6401905846008538,6
d381ac22-7a33-486d-a207-35cac51b6261,impulsive,0.5816752169875027,0.3979669877415861,0.4748321679158842,151.01657703539894,0.3932141917706282,0.16698399134238684,69.0,4,10.464520548305456,0.5297315096730482,8
8a095671-183b-4558-8cb8-3a0a8c253a7d,impulsive,0.49361052203936234,0.0821725967765557,0.7670147689339533,162.77945378780043,0.07045673835078521,0.5710929464413094,114.0,19,22.4613905739676,0.3274392863873756,16
7303620b-fb00-4bd6-ae3b-d7bf5c0af690,impulsive,0.665010876452975,0.4695241602827424,0.7044682176549074,141.93874955836026,0.20863663028779744,0.22519401127035596,30.0,16,8.344570005180744,0.36710679944394914,9
b554bc04-f058-433a-a819-7a68bf69b922,impulsive,0.7014936552882269,0.08360476549137479,0.8978589168522412,281.04107685004954,0.3477850688596373,0.07085713594652411,22.0,14,9.770885802432819,0.08272569262404095,2
af79fa92-df0e-4f7e-beaa-9fe56e845376,impulsive,0.6727422260448621,0.16717171219269772,0.7195207340638452,217.50158881066912,0.14523500012995064,0.3095412433907626,111.0,19,9.50429304195737,0.46867005870444645,15
a180cdd0-3fe1-4097-9aa3-4eca79022c49,impulsive,0.7371160342023537,0.47020829521335755,0.7386842608864198,108.79706727853534,0.48948064524945606,0.31445361151355194,82.0,19,13.40713445859325,0.2473731636540185,15
7e5e7a88-123d-4c07-ac36-d451b84a4df7,impulsive,0.6428087612227694,0.23716263700453763,0.6342221070157003,206.59280525731222,0.18536191069988953,0.1650789689878773,53.0,5,16.92041826376978,0.556156321759304,22
0632e0da-ca60-44b3-ba3a-cb29c0387d96,impulsive,0.47440054679459626,0.2917934531450907,0.5030186897369497,188.02418137676412,0.3113648428112005,0.364430849728656,101.0,18,12.166908998731254,0.3553654766821858,11
f223d3e6-e090-4a3f-a755-b3dcc3bcd255,impulsive,0.7377106251182355,0.4226126801536285,0.5190405227379314,113.69188629492376,0.27450368938155645,0.37431195566563036,51.0,16,6.518703628688229,0.27950871946116945,23
246f4bfd-e4fb-4a25-b0a5-2b5d07b828e3,impulsive,0.8752151187799327,0.12701036163671814,0.4632192465345051,128.4986562700863,0.4643263008333653,0.32724234582437284,106.0,4,6.851554022768751,0.6286125333767647,15
a0e6dc82-d427-4753-8780-666e1828a0fc,impulsive,0.7924024464780337,0.1975457284850713,0.5768134858671767,98.4394929828832,0.17363059815523443,0.30508473031392674,36.0,9,5.826368925678797,0.26943897344164436,9
bbbaf2a4-666e-4f85-9907-b1f880f5d68b,impulsive,0.45691009729253795,0.23594338509760324,0.5080251740620738,107.7477717208499,0.28668552861477004,0.21310602015604865,50.0,8,14.903346472889515,0.2387080742847437,10
1e176ec1-9ca6-4c2f-8ec3-ff92b7ec80b3,impulsive,0.6131418269445617,0.5027331392382497,0.6958939194213162,138.08428614651328,0.12521158031039767,0.054366078162678966,24.0,15,5.665771305945379,0.16557630838506207,17
0336e8d5-8d74-467b-8328-49b21a27639b,impulsive,0.9040152787277849,0.14347632753522183,0.46676395083553557,230.04756783666272,0.0933758870007213,0.41084893682409235,61.0,17,3.3138816803500735,0.3181895312427163,14
99872274-d776-4222-bfbf-de694a591655,impulsive,0.5138140798153359,0.5349953563217509,0.6043345380674454,109.2578190750088,0.03783063861616448,0.24919108108879137,104.0,17,13.499948013180596,0.3842906337876556,18
d3c15dd2-d6ef-4ca8-89cf-c5ec05ecc4af,impulsive,0.4281086294964647,0.07893821600504128,0.46273762068902713,95.17419036303293,0.4539004899474743,0.40336621372902565,42.0,3,11.102334012333769,0.33416609329581487,9
c43f3f40-7923-414d-912a-16eb6390b557,impulsive,0.5333257092204934,0.12165496652622654,0.6316917843601784,146.22736831673598,0.20067655948621282,0.30020058884741957,84.0,7,18.570386200271912,0.6455134092478663,7
efb6f80b-845d-4bcd-8d44-0af0b5931d03,impulsive,0.7666338151654585,0.2516933336347632,0.776134568853165,256.7086729070376,0.33252017251481225,0.4001769819351839,105.0,8,8.375070066508222,0.3597592403618586,0
756a4d4e-f916-48ed-89b5-7d6211c1260d,impulsive,0.5064254131344655,0.06206223050111333,0.4365274594574464,139.36436894133084,0.32122196557390165,0.2548790579576025,17.0,9,20.566697771372674,0.5054418705976338,17
77415cf6-47d1-46ad-a0d9-cac447eda326,impulsive,0.6725338086033498,0.18942665528314934,0.458614654567556,172.60984404202492,0.1657960690052848,0.30541864378577277,38.0,9,14.131504572237818,0.396688791317116,10
e4923338-7fed-400a-a12e-db1b70312a03,impulsive,0.7993120170896836,0.49769600462634545,0.5198597276173501,145.90305201961243,0.2159685803688408,0.3532041920319538,68.0,8,8.704329459970262,0.22750798419583154,12
81ad20c3-f3b7-45af-9c21-19d5e810f9f2,impulsive,0.5697570575617187,0.4534193601894765,0.6453857065653273,264.2545094706282,0.1800390701943948,0.6472091636028191,118.0,5,18.094337607071168,0.4153336442205101,19
d50de481-ff6b-4e7d-a555-320857edbe0b,impulsive,0.6393403480627117,0.4168188904902902,0.8379474301363572,131.0612383353992,0.0582839274570537,0.4441274173229126,57.0,19,9.332161497860076,0.37565342845715566,21
5e34f382-279c-4e86-a87f-4c47a46728dc,impulsive,0.6154180636707368,0.1533671297818926,0.5081017795208437,106.28641633283279,0.34933112221726526,0.31787956464328504,26.0,15,7.671120930939853,0.3491555519574617,17
bf69eff2-9e98-438f-99fd-ffe08b899a0f,impulsive,0.6475576610200776,0.23946242630405884,0.6853546087800461,194.99037698203094,0.22054288823343343,0.20566820210186346,96.0,8,3.950236346088923,0.285686905568642,6
e45b511e-f01b-451b-a3cd-73a199149eb3,impulsive,0.5739594890788475,0.06551704846933724,0.8220443421962031,107.31918114454115,0.1343707702964396,0.20553139116349858,78.0,9,7.822487826268922,0.367836818018195,23
b2409ddc-66bb-43b7-8a5e-b2ed818719c3,impulsive,0.7771662050526935,0.23105223400762742,0.6725963790093257,171.97280255989688,0.2946383866757448,0.5181564500689761,59.0,19,16.002399041753304,0.672433088594758,21
102e8ac4-cc05-4a48-a983-9157561ea3d1,impulsive,0.9125258879015531,0.33338456932940497,0.6487860052448056,108.80706531559858,0.354763074221818,0.144461575405604,52.0,13,27.088769738743686,0.6705603414309877,20
5dd72c0b-3dbb-4c59-9a24-b91bd43cd838,impulsive,0.6892620094230953,0.21768765655027897,0.47421718446358047,115.89749637799711,0.15801807391095898,0.2214195109086573,22.0,7,11.76285769679844,0.601215590354178,13
f37f6ae2-c8e3-4d99-be13-b568c9d37023,impulsive,0.5218621591715924,0.2605401094665637,0.517775271141011,212.1266862965734,0.35238946324634174,0.2099268795890368,107.0,17,2.0,0.2922981935307566,20
2baf1242-a418-4da2-98bf-9cfb1224adb6,impulsive,0.7750089356499456,0.07304663798395791,0.4249137018990333,161.68217102868195,0.0738212668784379,0.0,33.0,4,15.311084293708547,0.2823199332321549,12
9aeceb3f-663e-4ecf-bde1-5e55204cf024,impulsive,0.7918922915049614,0.4977730203404367,0.6473286901189773,72.31224003067753,0.39402957827701196,0.34224840238118276,83.0,18,13.836370464661368,0.5318085407862597,13
3c93341b-1fb6-48a7-afac-1c6f0982eb51,impulsive,0.7098362258843488,0.38506859544985156,0.6809811374947157,192.20021475028068,0.27354399082155406,0.39966770043479444,83.0,5,10.938823475680088,0.12531296726917057,21
2683d162-9214-4f1e-aaff-017f9a425d2a,impulsive,0.7309996019020233,0.5001333293755631,0.7912112713984355,178.46317163916478,0.30657311155298844,0.38953968756272417,15.0,10,8.864748647882633,0.1440362078554767,13
630aa68b-b503-409c-8a3b-3c8612c34acb,impulsive,0.8383547164683288,0.3186108823824863,0.42984653287248764,103.91833941913646,0.20602636762483936,0.20437720950103655,116.0,15,2.5856819829633846,0.19611371584798176,12
59733324-0281-4160-aaa6-a7507237bec5,impulsive,0.4803072574782024,0.08257658716663065,0.5966455393372142,174.1241707744441,0.31700065502120167,0.4052676607761983,93.0,11,5.788824991025564,0.22352608473572777,13
362285bf-9d01-43e0-b451-60eaa8e1aad7,impulsive,0.7895118182152829,0.03771621539457415,0.4247867656370556,251.32941406104848,0.2136725156131436,0.36674525602067437,49.0,6,8.963478909264193,0.27830121718578804,3
b264fbef-3f14-4fd1-a8e0-1db0f9b580ce,impulsive,0.49170202524621653,0.142811774565508,0.5928434914988692,105.79997028253311,0.06344297522138442,0.22739101350119917,28.0,10,11.797352091820832,0.608073001769694,11
9e52b9c3-feeb-4809-b4be-6dedc3c7fc51,impulsive,0.7004110707078691,0.1933203600685851,0.6607795302721962,216.0298375508181,0.36115394278427143,0.5714683634496823,103.0,4,12.996774922124407,0.39600073586896195,1
69f4df97-40b1-4d13-b595-ac89e5e6c70e,impulsive,0.8404660107445797,0.06505386834609451,0.6112978903995178,160.900653824823,0.4848429500393863,0.27381406152904414,45.0,17,8.26825626321552,0.3507981447801677,22
3d878f9b-1109-4862-961d-a2ebcac7d854,impulsive,0.9005876324702182,0.11693151979736499,0.6509572837663047,162.43057632251498,0.16378206892848352,0.5391566920145963,33.0,8,11.998514067839668,0.5262138741914549,0
062f1965-b3ac-4d52-a37d-7aba168b64a1,impulsive,0.5597935643174798,0.33785925156622065,0.48586342645972935,115.66762261028201,0.37603633060449154,0.214740271596213,41.0,18,8.10184662834429,0.248202445049002,23
924d1d8b-586c-4e45-adee-27eb97dfafc6,impulsive,0.7553387918859372,0.05938816161437602,0.8762600597009853,159.68651186726868,0.07249262793528519,0.43955763192144814,70.0,14,13.820159184382275,0.39141554198827616,22
f53b9c13-a0c5-4e4d-b874-99ce0770336a,impulsive,0.6158608902800069,0.2848492036165139,0.5001842424347124,206.85313672396853,0.2312110800408937,0.22667715402060956,102.0,5,14.69634509105745,0.38922404904169644,15
489dbc1b-a25d-436e-bcd4-a8453385ed24,impulsive,0.5979073266479681,0.13858434634609226,0.7129917864142469,255.75606982411364,0.4646098282830951,0.27286313213477165,103.0,4,5.787779617630398,0.5638310824601198,17
8a75d56a-4b5c-477f-864c-cdea2ac11931,impulsive,0.6754281664312247,0.4027725997917216,0.6926160672069201,152.69936929489222,0.36403076667184364,0.07796915301573235,79.0,11,10.757954949404292,0.6321463583904602,2
ae283b75-49d9-4b8d-822d-502bd34894f5,impulsive,0.7377998400613474,0.2646957396721039,0.433711090339939,113.67591451081233,0.2884207335417666,0.20985660574636583,83.0,7,8.37922690523283,0.34339667517236167,19
550a5dea-f615-4a6a-a6ee-ac3b3a35dd09,impulsive,0.9952806816132108,0.3900244976490374,0.5222103760072411,190.98159453579498,0.43641631977860246,0.34017095952074883,103.0,14,17.07348967521831,0.5101133984162641,12
158fbc80-019a-43f9-97cb-eab3a0e62e6f,impulsive,0.8492341478162405,0.5027419117277185,0.4825753333350907,355.10673899810286,0.4940036893395461,0.0904528038605609,100.0,17,15.51633280759554,0.2379892463463858,8
5eba54be-0914-4546-8fd7-22b20572ed65,impulsive,0.5258204961629144,0.1318678078346584,0.6310412215377755,221.14823556506454,0.18998937411308192,0.24501402444218998,57.0,12,22.48375651987073,0.262820228251732,17
5ef0ee05-1eee-4eaf-90a7-3960e6b3bb7c,impulsive,0.6984578814903893,0.36708483828337346,0.711508731359481,108.16838775507215,0.09752137988631913,0.13718726009812507,68.0,3,16.500204075074073,0.391790565284156,8
6b4cdf8c-7fc0-44c2-9c66-c3a6bcb7428b,impulsive,0.3398134059112792,0.3047170244730629,0.7490998349869693,114.9545724696283,0.3061726831794646,0.2490644263811907,118.0,13,17.53548200295455,0.2702888849726833,0
8c71efef-c8c3-4f49-9013-5d48a79eef40,impulsive,0.8397363268137423,0.29889313973929127,0.5229175001827528,135.74517898810458,0.3437471099660177,0.4586741937357556,103.0,12,9.298725201473216,0.46049698602801653,17
ca07c9a7-8f21-477e-95ba-d430a27fbbe4,impulsive,0.6875120768444875,0.4344508458356559,0.8557475367922093,194.07582500962752,0.07009793070535379,0.43863697087556697,58.0,5,2.969014281181707,0.4368522106128922,14
530ce6a5-aa7d-4a0c-a7de-b20682d581f1,impulsive,0.7009987455203615,0.246940086038084,0.8463164187264139,128.55328847018856,0.05673736481365271,0.6518903544303848,95.0,12,15.684880667341186,0.37650495459634065,19
51d8c8f0-c7ed-487d-9c71-80b4cf0b099a,impulsive,0.3207718409362002,0.1875571471404959,0.6848600937144086,193.8899747889114,0.4273470104158307,0.5271392861180074,49.0,10,22.83194275122107,0.21361188004581622,18
9fb63026-fb9e-4840-9770-e79609df1780,impulsive,0.6787238040762137,0.21468826072045372,0.8919457705193808,132.03095954999176,0.4461753605300897,0.28085492054339195,102.0,19,13.191875092580661,0.5523542420220657,4
601746fb-8b23-45c7-80a1-7ecc00ffbc9b,impulsive,0.7016145831176755,0.029779062992886955,0.5793010446277891,262.4138875894358,0.16623388850200946,0.2512088076216201,112.0,6,13.22993231092413,0.35264434056473326,23
bf609d55-3f62-4794-b7a8-512100ed3afa,impulsive,0.6662325911583878,0.14336333862797235,0.4339103057282944,167.6117061389067,0.23384231961813787,0.4506645284735008,31.0,12,7.469439101196051,0.33642399298705855,23
d05ffbd8-2b6b-4c31-b54a-90c27ab97765,impulsive,0.7733537046610828,0.3401027866324939,0.8132818834402121,93.1919181135794,0.1837792377336879,0.2326549258426855,107.0,19,17.639907672471214,0.5799395370633259,7
af78b00f-16bd-4402-9c27-ddfc0d8e0b2c,impulsive,0.49518492313793405,0.35725559800408335,0.8343743098783271,184.49157138371203,0.017402539476739986,0.15858324664805973,56.0,11,11.231050034869332,0.5079331453619893,15
dc8b73e7-ad5d-4c60-b514-d86b01e9f0df,impulsive,0.907443053855906,0.1522920593129309,0.4496442432107365,101.03459030880258,0.25991630650019704,0.2816861481942115,58.0,5,8.100046509548193,0.10518376348009781,8
c854f0e1-2545-42fb-9110-aa771b678c77,impulsive,0.8505186712214797,0.14319283133988678,0.831755404202884,232.5366768745781,0.07694000648624814,0.2855161437758054,97.0,15,9.08040038816065,0.47198751504933206,19
94edf73a-82a2-4364-9f1f-278256f1707b,impulsive,0.9439880730518236,0.08408349980449924,0.8457132384981191,182.6722979220078,0.4413912530192857,0.3751771643017835,119.0,7,10.256275847655356,0.5649877965957875,4
bd15a1cb-44ec-421d-a708-3ad5e5162250,impulsive,0.7674487277526703,0.2269097295073324,0.8425310345832877,109.21726487748055,0.39604027023204985,0.7106584439285561,84.0,3,11.400946780699984,0.3539784821388439,5
1ba851d8-5a81-4ca1-82ae-ee6d2b3a4f1c,impulsive,0.39127589464122736,0.054619419064356224,0.49874287405026163,172.29120830014944,0.22613102950625932,0.3136237676059715,108.0,6,15.776790112819086,0.34548867909472636,3
df0ad07e-3bb2-4630-846c-9c047bdcaaca,impulsive,0.6117261393086263,0.4664622099161514,0.8984530314151514,147.27666228435828,0.07711560944361465,0.6225732139445916,97.0,8,3.533125814272003,0.38283166106168487,14
d997d1cd-3fad-435b-9ca7-e528a81ac72b,impulsive,0.9233391238238476,0.4950057708958462,0.7012086248578091,112.72153485897468,0.2598572366057482,0.34549155778307294,63.0,19,11.447145885356097,0.565585193298633,13
275fc3ba-f4b9-497e-83dd-43cfa1723f02,impulsive,0.8824108103519513,0.2787105024972412,0.7924805404790256,124.73036455199632,0.07943018966509134,0.3516662795828051,59.0,4,4.101986045387003,0.22850969992565917,12
7be26827-59d3-480b-a765-defb07222aae,impulsive,0.8319576202221501,0.07320311297668974,0.39129035897606856,68.29539339648827,0.1870832479368101,0.43525700881341767,82.0,14,6.389564517895916,0.2948979409519468,19
7b9c91aa-e728-4c17-8c4b-c3d7705d6a8e,impulsive,0.6057861574692504,0.21870973621722362,0.519162576160208,139.11735186191737,0.4225690692644863,0.39619482500462383,61.0,18,11.619073007664388,0.38193974426248145,17
c2d3c1d5-5e44-451d-9640-1f825e185fd5,impulsive,0.7349193390224121,0.2870028287817848,0.48268408493201714,167.73983798436691,0.08443099368686682,0.5078599628429049,116.0,6,21.99485459974444,0.30923212123644495,12
8440fe9f-9918-412a-922d-f0a09ab6bb29,impulsive,0.7865431180139704,0.1262167447138538,0.5132618012003414,116.92327425399117,0.22807173161191308,0.2957951322962265,25.0,14,2.680327979697047,0.5022553312424644,22
a909ac3f-116a-4424-b5ec-b1ab3c188254,impulsive,0.4220116151935975,0.17493403763710366,0.6397441285821771,130.90176012838674,0.3245465530228831,0.6642362227425854,55.0,19,11.232844949953494,0.6441185677069565,21
de9c8e90-0b2d-4df1-8496-a63370546af0,impulsive,0.6419352260242376,0.31998616934820034,0.5593726825021164,131.49609237352695,0.19900838315028166,0.38320234166870537,65.0,3,12.793617917757208,0.5487525837504721,20
a7abdbda-8dcd-4b59-b89e-1759f0bcf579,impulsive,0.6834750856982146,0.4411846854321051,0.6443890847081682,162.5171507178178,0.06321073824790788,0.19297393544042868,64.0,16,4.997071809729485,0.5064719645896191,1
fba51e66-1bba-412f-8e0e-3c1781cce535,impulsive,0.6482116127459245,0.11853362550953393,0.555300668601205,211.65539408671506,0.21060394684295985,0.2999657969719231,38.0,11,21.654854518781562,0.4987281022834087,9
94b18290-8875-4ed9-9346-825d698f64fe,impulsive,0.37714021873308584,0.04957555943503066,0.629779323845591,234.84862682724128,0.44253183661059026,0.3235341794552863,88.0,6,8.83953313353048,0.41024585272700403,4
22be5e7e-93a4-46c2-9d6d-58de10c54561,impulsive,0.5109393981122504,0.16355050903515325,0.44471447747071335,130.93646613895262,0.12424798042454713,0.1691110821602106,105.0,15,3.7971556651587335,0.5900488705579513,22
375d22b5-6f56-4c9c-ac97-63cb024f0f26,impulsive,0.45595833360493493,0.19704121346774248,0.5088237709488165,201.88505908512226,0.2390982927703701,0.3124715099759602,23.0,15,18.21574801184663,0.3521923749144988,2
33d27350-6d6b-4b39-809e-f337c705408e,impulsive,0.7103603491215648,0.27731449464634467,0.7316270007498432,189.62337619373585,0.14558389458031054,0.33294808802393944,57.0,3,9.095779007741374,0.3402292611543055,19
df511c9d-65b9-4d45-8a99-b34330da8ffd,impulsive,0.9119226792525974,0.4942024154264745,0.9744402655423552,95.79553590363984,0.4330574076360392,0.19968081120974657,17.0,8,3.8855753311855157,0.3779074853763712,9
7d068bae-0a08-4aa0-a4cd-38621a94c198,impulsive,0.806537642254626,0.2573496295613929,0.6501744570372764,103.86397309948386,0.19990096225448278,0.5834872889663092,88.0,11,7.3206993783898655,0.08074202571557715,16
1de96bf1-3f9d-46b6-ba6f-cf8d54fe2275,impulsive,0.5601410377197173,0.24950052699500205,0.691682419753956,284.81929591253987,0.14959519211345212,0.29980824665893524,56.0,6,6.204133593805077,0.15313586177097335,21
1a8c1ae6-8ac9-48b8-90e8-509f21c2aa05,impulsive,0.44500294420272846,0.4315387749208227,0.6868131055094688,261.36556856139634,0.14116941297276878,0.2922030125219189,17.0,17,8.723114656634845,0.6981250769252185,17
4c098e0d-c4d3-4bf0-96e0-4851c25489a4,impulsive,0.8631403595588633,0.3582888571494315,0.7403556769462475,81.0758736807618,0.16817804486391474,0.32908148030117335,92.0,7,23.836027241752213,0.27983086215615477,9
addf0871-c4c9-4d41-9632-cb31e061d53f,impulsive,0.5012344939067187,0.0,0.7052232610532252,171.05414878546554,0.12434658009188869,0.09543558260701704,78.0,8,2.0,0.4731383486997167,20
09c083a6-0ba2-43a0-819e-0d7d354680ff,impulsive,0.8084031821572065,0.16767215858861037,0.41261008782098896,172.70125437922883,0.0921649823073458,0.21954808690850422,21.0,19,15.348988412659228,0.5309100243368423,13
425c369b-cd7f-42f3-85d0-9233cc8e3ba7,impulsive,0.4287676834510259,0.15845313247216064,0.6134522695073303,236.97456071354466,0.3846695233806121,0.3880274577308006,50.0,4,5.617819733326627,0.2182482697327215,1
4d7e3551-f143-422d-828d-8f5c82fc114f,impulsive,0.5235238794227924,0.42253747790519,0.4831345374534232,225.6389329371188,0.24853550555739906,0.2777739797349422,32.0,9,11.355311072512691,0.353559796117608,20
12812e43-d9e3-48f4-958e-acba139a0dbc,impulsive,0.6009264489271353,0.35715284587523005,0.7035780596860968,131.3628466729165,0.0247388625138643,0.2906636754303787,105.0,15,18.451271916234315,0.21778622417904375,0
fc3a75cf-2858-4763-bcaa-e1f04b23f736,impulsive,0.6523442454055636,0.5553075627218995,0.631302436705811,91.65291506294278,0.1326043789671429,0.03109262556078494,38.0,16,9.376638319407197,0.3275447707785076,20
dc09bed0-0830-4efb-9a00-5f74de646ab6,impulsive,0.8049613591178364,0.2229876129819938,0.5866074866228345,193.7195886163971,0.32340673012457954,0.4028546586946456,65.0,4,11.74491478141869,0.27666834536096846,10
b63079d2-5968-4861-9d7f-0f3de09cd489,impulsive,0.6282997407450764,0.49086190234109034,0.6295520891590114,347.45350417481757,0.12415517996849468,0.3076196464201503,50.0,12,12.816203598952372,0.5787298415970604,7
c8544378-ab2c-46e3-8b3c-5df200881839,impulsive,0.33145806035139685,0.1873813671077166,0.7831909507417407,187.90712934640516,0.07847196967073512,0.16478664353371353,79.0,11,14.923868153137036,0.5219702218743166,17
66a552d5-d580-47dc-bb4c-74bbab2394ee,impulsive,0.8142907507865067,0.0,0.7327254097082871,136.96509518252316,0.07423977076430598,0.402924995852169,92.0,17,6.1038712811287725,0.15775348566418299,0
dea1ae26-5e5a-4461-81af-abc026842ff0,impulsive,0.5256498870477097,0.12012373942675982,0.5191894315570545,164.7394483069225,0.09267459821379857,0.479728371675416,19.0,12,2.0,0.5037110811790955,20
25c0eb34-8092-4cdd-b848-12d2b1cca2fc,impulsive,0.5285559596751586,0.12074363849181996,0.7330797031875256,68.49546550474193,0.167512800686518,0.23436220031433067,91.0,14,6.849530785631133,0.49512504128555246,8
2c6c4370-5e2e-4df7-9c0e-ea745e11357d,impulsive,0.9247634464310026,0.4525174633838711,0.6653060204208407,107.2275818522432,0.13721451687647235,0.20684771678112102,100.0,15,3.032244618098657,0.577152827473358,3
9f88fcb9-52a8-4e02-9e66-b381251da564,impulsive,0.7827959579689702,0.2746220344201503,0.4703831503066956,151.10083385025203,0.39042937786666243,0.2847909577831993,72.0,5,11.935713237050594,0.306505055468471,23
32b74c8b-7342-4357-aba5-f7a0d5e6c85f,impulsive,0.7091960986569769,0.08664108059699782,0.7342782020931897,137.69097388770388,0.46006965862651794,0.4057428720532665,74.0,8,12.931705174081843,0.21015126111189755,15
c8492ed8-3004-4a4c-a4fb-02e357a91321,impulsive,0.674717995488079,0.22988215505859974,0.465355281745145,106.41377084677825,0.0426803046067699,0.3683816843660248,37.0,19,9.150794999625237,0.5784348166884914,21
a741fe0f-1389-429e-bd8d-e7d2eae0fe5d,impulsive,0.8731277514427257,0.01349129829482451,0.49446617161511547,176.22543408344916,0.2526114719058387,0.2238232563736674,45.0,14,13.638268926363008,0.33472782301784276,17
bbbb303b-284e-41b5-8e7f-e4e48cc94ef8,impulsive,0.839387763338725,0.003483920242941356,0.6394702581083915,206.24731929177383,0.24058975153677187,0.3263120727194356,103.0,16,9.710182500151367,0.1603597005508252,6
1c721801-187e-470f-a3d4-dd0a37d5235d,impulsive,0.6715296352992217,0.26264998097012016,0.4705499715904735,132.95801113550678,0.11362734735291756,0.08000739886672184,109.0,8,13.7504550405253,0.5135164261473197,12
90403344-ac28-4aad-ad77-84914bf6342f,impulsive,0.7587308924463076,0.12074807842445195,0.7800026318849601,232.69830145967802,0.18455078880938694,0.5650836381167916,79.0,10,18.762021674519435,0.3341788715671424,3
133ceebd-d7ec-431d-ba2f-81f7817aedb9,impulsive,0.5948051537258107,0.25579898173132704,0.9447015729346717,171.64754530736343,0.42416692666763245,0.37234865026099323,118.0,6,7.802928405031183,0.23374343654373336,19
714a3561-d7bf-43e9-9e83-341428f58209,impulsive,0.6071693629617209,0.19247442216185784,0.5784916371086603,106.73295459061788,0.06341405492834251,0.5520855923726247,71.0,19,10.448714602231034,0.6160751689484795,2
5f83898a-b92c-40e7-9aba-f671beb0c63f,impulsive,0.49437466521638385,0.0486719001476445,0.8888396121612534,113.23156122433238,0.27161200693040805,0.3347093893247682,116.0,19,18.165675484074065,0.5164452399310818,0
a40d25e0-8bf5-450d-8799-d2450162022d,impulsive,0.6026882055938144,0.11756063667686717,0.8254124247797036,145.40752470235543,0.12607144229401854,0.34021140008871,54.0,7,15.212383924973066,0.3148930822894914,11
19eeb3d5-6720-4bfe-be70-678300973763,impulsive,0.9195373037398603,0.4958710031725551,0.47557051309458936,188.362222436989,0.13931399125412725,0.12414141779805743,72.0,8,16.751023079352116,0.20698591525072643,0
50f8f610-1f7b-4898-b33d-d33055b1790d,impulsive,0.47031660289836147,0.05884966158533328,0.7252925751330158,135.57574554056546,0.27998905993800505,0.12251370311979545,38.0,5,7.756506873656696,0.363142686755574,12
62b9a0d7-b113-48ea-807b-b9d2222f0857,impulsive,0.5778599055435045,0.041658328646934396,0.7784881831213962,154.47658858202738,0.14714631306722234,0.151059452562664,24.0,4,13.06782646114401,0.6443853995810979,11
4900586c-48ff-43c3-a05d-db301a4c8b49,impulsive,0.6985317954444338,0.14142239173530846,0.8881072476835674,205.84615773006445,0.2659919106325626,0.5755968787786131,35.0,16,13.761414102471777,0.3440409982792873,16
c8ee7121-6300-4c20-8171-3b09cc1b691b,impulsive,0.46762905563369067,0.16774188090108533,0.43804781520446834,171.478218649921,0.05772147144697524,0.5402328962141791,113.0,16,16.45782178450939,0.39228861547219884,11
fd0f05e8-4497-4174-920f-38bc7cf75632,impulsive,0.8172282205916243,0.11668314124579487,0.548893027710463,198.19420563729565,0.14352931615203787,0.3410797053107327,33.0,8,12.86505981914046,0.3572946359398787,8
a47973a1-bf78-4c84-bbe5-30c83c2009b8,impulsive,0.7267230427077737,0.3530643918788208,0.5517575482577946,275.64882110193406,0.20586450197301812,0.406713956820608,41.0,6,19.68543243217205,0.22603500422299597,21
b0e962f6-d874-4e64-aba3-8611d2364850,impulsive,0.8292396866055253,0.3173944605560492,0.8426735334834135,173.93238386662114,0.1753101031658671,0.263421835274359,87.0,3,16.76827088766683,0.17708559692303585,13
c09d3712-30fa-44a2-911a-c6bf2364d871,impulsive,0.8663661549863862,0.21863893830775533,0.8129090686899186,108.61210427689072,0.14735275515171364,0.17941200206541114,74.0,19,19.808972963259038,0.12778311975443332,5
21c7a29c-a6f1-46e2-b650-02f79dfe9908,impulsive,0.7934510131064653,0.12396310802029792,0.5758750515943226,74.6655042831905,0.10345339277789,0.334114646091965,108.0,10,9.715316049458771,0.2970054626174811,14
d4ffc2a4-93dc-4b8e-9e3f-d310c224fb27,impulsive,0.5154139431872529,0.27162226333911266,0.5896698288665003,144.94352720948373,0.40094900267016753,0.2133168457803468,24.0,12,5.209169611748304,0.3579969171556162,10
ec278a42-3153-4bad-8a71-f0a266875f26,impulsive,0.8068076906893591,0.30318992372109305,0.7613296377690892,153.4076740354337,0.08387551947051605,0.22268097171824863,25.0,4,18.9378940861965,0.3412802305960339,18
2d90f241-9391-430b-b33a-dc5ae34a0ace,impulsive,0.3500431751637184,0.30691786347268685,0.4499232719139834,98.30462108844158,0.48044455700666466,0.2191446499945094,111.0,5,15.473257251011841,0.5150471997415521,14
4c955132-ec00-4b34-80f8-41b0acc099a4,impulsive,0.7643229930295422,0.20626104971849832,0.5767371022023651,135.92965289221598,0.16793715834059572,0.16821339331467158,98.0,6,20.579214504276692,0.3982216244244974,5
507f0dd5-829a-4a7b-a058-9d8894d088be,impulsive,0.5673360365229099,0.07498202096546434,0.5090756659543153,201.13483424759596,0.1329886330073274,0.19945592092810868,76.0,13,17.0683835259767,0.5354447604898454,22
cbd0ae0c-ab41-44de-ae94-f4854271ecc5,impulsive,0.7149716789581586,0.3630473559771734,0.8823146616130854,89.61580997394628,0.3175419540559335,0.20662246179474686,117.0,8,18.05797113829737,0.16403693166600536,23
95a74469-beda-4cc6-b926-f5e0c8b5d29d,impulsive,0.7447085483003696,0.17857458013227892,0.6814000414191804,120.81240581616038,0.12681586695313907,0.28770889569699404,16.0,17,9.416449743062678,0.6624440256824444,0
e8b91963-f315-483c-be9e-d4b11934556b,impulsive,0.6308315326099417,0.20689843873224192,0.5212336986305042,123.99317670203087,0.4527032906681836,0.5740917869846409,82.0,10,15.52771406128124,0.3721099049170831,4
cfe4e391-0b46-4f97-b163-371bb9e02f6e,impulsive,0.8692398716573649,0.23094990674202806,0.6248876329245402,70.2007910952179,0.1758613191472204,0.3840362739162714,31.0,17,12.918429202389115,0.4412221312538293,6
e904c478-bda4-4167-b9fe-a76e8c050c7d,impulsive,0.6010956187506767,0.45611114425795146,0.468418585177184,89.12576919217304,0.021141393938104096,0.4577898691956015,91.0,12,3.0423178874013743,0.08820287896280646,8
b78e5e46-3e85-4331-a79d-1c06325a0361,impulsive,0.36346121540466225,0.02330811876284148,0.4656016788429484,64.888491541042,0.19672033956257326,0.29129941831915096,23.0,4,7.892120295396895,0.5285992427534485,6
968ccf8a-0c66-4ce9-a5d6-fec096405a49,impulsive,0.6095201586690159,0.12939584830825132,0.5275156379029264,194.85743344946167,0.07163573992856798,0.3128407533219758,96.0,3,7.344995722796026,0.515876220678494,4
db235af8-b396-4c10-9474-93d2fa291f72,impulsive,0.6813818396077976,0.2703143688225109,0.6361962081011047,238.56682845432036,0.5061119015963046,0.1702370867269364,46.0,9,11.182194352232939,0.2847867668473564,2
36d2403f-2265-4d1d-ad99-b572bd95e6a0,impulsive,0.7792576678979388,0.35877303791267434,0.5914184138552911,170.57806043657095,0.03064220143944065,0.26081747160577123,119.0,11,14.021546721165791,0.29214937597906493,7
9cbe8b57-69b5-4105-bfaa-ba3dc619c4d3,impulsive,0.5767293463110016,0.2552822901158572,0.7968398159229813,217.7458503443987,0.2746630176051088,0.3774278890971459,103.0,5,20.319103665108326,0.45416513827432936,19
a818012c-34ff-45ca-a9f7-d7d1d4d3cd59,impulsive,0.3594124748464653,0.22170282823740017,0.47868291487167086,193.69665756556225,0.18606041109695698,0.1424657472637031,29.0,7,13.480607066647245,0.30091307611538715,18
d1830cb4-924c-43b0-8fef-7b90c3b64fa1,impulsive,0.7268357087689654,0.25903939400156156,0.607216843462423,205.10579580206155,0.24291460985206992,0.26032923033211686,70.0,5,5.070406582543523,0.21772205009405704,11
94ffc12a-8363-42d2-870c-70fd5a50d1ca,impulsive,0.5259484084875554,0.2310281898678043,0.7132280522807761,123.21054401135154,0.04037988132352281,0.4323512735497808,16.0,3,15.80103196272765,0.46678151699671006,10
77e12d06-6303-47a2-aca7-78d873349ca2,impulsive,0.7364470158454175,0.2014999109786081,0.6876525806750143,109.17880316824734,0.016569516686210956,0.2275917586384938,26.0,18,12.301864506695116,0.08367196237951684,9
0e3a6e08-aedb-4927-b4dc-3100f858348f,impulsive,0.46776836162066443,0.4897378454084376,0.7022467586561554,284.6340859389802,0.1938365673444352,0.08164227053925432,119.0,9,4.170064100100168,0.46237237761286853,19
c1f418f2-4ea3-4888-a902-757803ff065e,impulsive,0.8140104858856764,0.22780426095225093,0.49859651391169957,225.15079622927863,0.16282268632514868,0.4021394980410287,72.0,5,20.557439024262408,0.08009467360684028,19
e2dbce7d-b3d4-43e3-8f37-cca2793bb762,impulsive,0.4809071897483442,0.10256783962787952,0.6999051633995985,106.36482350681814,0.10238182291250371,0.3707226135332948,107.0,5,4.056307638097243,0.3988122546496498,9
66f9888d-3849-4413-9cf5-0da881b5dd9e,impulsive,0.7067307915072865,0.3407239878443795,0.8098251346355357,294.66607082817177,0.134116747424113,0.2763918586392304,85.0,14,4.630387838589256,0.4060916595616399,6
