user_id,label,warning_dismissal_rate,risky_url_ratio,avg_risk_score_on_bypass,response_time_variance,heeded_rate,download_attempt_rate,total_events,session_count,avg_session_duration_mins,device_risk_score,peak_hour_activity
6ff11b91-7f6b-4a97-a05c-c1f1ee97aed1,negligent,1.0,0.9415134556215536,0.975526942529138,63.793225217828684,0.11181490089890664,0.5957099648363342,36.0,29,31.746157330016516,0.9047903789759748,22
0dca2f74-21d1-4aa7-bb06-98acafe3193c,cautious,0.43901344196708647,0.06561125154891097,0.010553672951852111,18.455044366224868,0.8441864505721657,0.0844514867659664,73.0,4,28.495971825921483,0.12552159030420082,17
8df5b5e7-4d59-4fc9-aa05-183f7b89651b,impulsive,0.5705072831715973,0.1767349070128216,0.7440251000608025,175.1112097914105,0.4114264307657234,0.6474759746004458,40.0,8,10.661343134179637,0.376596118114243,9
72cd40e7-2518-4862-bdce-6553eb81e039,impulsive,0.4282941029539929,0.19749187643109353,0.6282457678760633,149.7760800975523,0.11014063315342561,0.274110237544964,20.0,10,13.920022732093333,0.29162434268985227,6
e74127e2-501b-47a4-b301-9febfbc4c2a8,impulsive,0.7423366391092181,0.14571474312883778,0.7188055998936072,159.20234653877307,0.045765409347891944,0.6571731023128125,94.0,15,19.95492163948579,0.2991817031268326,5
1cad19f9-205c-4a2e-9ffa-bd4f27aff0e9,impulsive,0.5996621282093525,0.19739849837248985,0.6694025008653808,123.22201504671584,0.013866395711467215,0.31686802510978446,59.0,14,17.992925900876994,0.3260083372891279,14
118be25d-cb5a-40d1-9eb2-76913ad4cd04,impulsive,0.5794795054418033,0.21945792061590702,0.6792588659240516,95.91670162474173,0.27026345579762023,0.41939574284609893,108.0,11,16.918224885523124,0.5326153526554397,6
ba120fbb-cfdc-401c-8e69-186c4470a1c4,negligent,0.8980590972969383,0.8421108766297005,0.5948561938100254,300.33041530254957,0.02253012417533537,0.43649922660780055,25.0,15,23.55306512772424,0.8458615634969328,20
31591c77-a330-42d5-b5e2-8f8a279aa04c,cautious,0.18776702527891634,0.0,0.07597458446635472,20.577096436403973,0.8653468594571078,0.04838214627819486,67.0,2,12.50496451102112,0.05561774609824273,16
8de25d97-d551-4130-8054-944f94096d3d,impulsive,0.5748808767114013,0.3840792146264943,0.7725589902532132,257.2267618772072,0.09462157963463018,0.4738470396272754,19.0,6,8.628720591682555,0.783547732428239,15
4fa97346-4bcc-4d2c-8531-7583159de021,cautious,0.011865207090457033,0.0,0.02378974493120898,93.19219194883526,0.7478726885432005,0.2633460113263561,56.0,4,14.723478128231553,0.06140958853903268,16
abd9c10a-c6d6-4c1d-8f55-2bac6ee3eb3f,impulsive,0.8182447626643025,0.18205678042977935,0.6223042007541661,153.47311411354434,0.173803263306502,0.07725230134334245,69.0,4,11.466262043582894,0.39325106077432015,18
c9e4a2aa-7b7e-4ba8-a206-0051c531037f,impulsive,0.5744344632414105,0.3123819642277756,0.8351293697750303,62.757626588452254,0.11650228761178598,0.3771514218104565,59.0,15,7.023106569317435,0.18163155205794276,14
ce56846a-c867-4f97-acda-e1e8e0675508,cautious,0.13091371834451443,0.1305803329509888,0.045325190948576136,68.74043975156209,0.6536569921658946,0.22438293550160476,16.0,4,22.144922802090647,0.2922710713422192,13
4cf2ed2c-a2ad-4016-97e9-566b69a88349,cautious,0.04090711288891254,0.10511263559429507,0.03322958381886315,43.003423738358066,0.9133722663104883,0.0,12.0,3,12.222690444414292,0.03786641546370428,17
fa658049-0810-4171-9e6c-757b04009815,cautious,0.12130441559189957,0.06444460960372371,0.25350373426474526,295.8808442019735,0.9626526912782535,0.13824406859192628,21.0,3,31.62893519125002,0.2848411878303986,8
c809f3d0-8b49-47cc-8a7a-a88baa85e219,cautious,0.12355682485568645,0.10586695213727443,0.09013744081520239,32.79571328793537,0.8543822568231099,0.16533606264630515,49.0,2,22.462114798299126,0.04341944066514176,10
b112ecfd-ba1c-467e-bd95-fdc9b008f03a,cautious,0.0,0.0706380190622654,0.1452292429991414,105.2040689872512,0.9292485251721412,0.25574572189499234,20.0,4,10.264228346807917,0.16513702547946027,12
53f85565-9b9e-42fe-9d04-3a230ce6e1eb,negligent,0.9508646999568169,0.8582959685514324,0.9535614952099788,170.01831200320345,0.042438693469978826,0.6934178427503183,64.0,14,38.863932716741814,0.9341000960385035,20
536af276-46ce-4df8-8af7-c2aace8fc87f,negligent,0.7432980224489123,0.48666162776967287,0.890216238568403,187.06689868890885,0.01533287628605819,0.4847582753322708,162.0,5,31.865624758089993,0.6841784222262994,21
58c69f40-bfcf-44ef-8d8f-ac2a16b21077,cautious,0.060180345610106364,0.20602036604486879,0.058593258622260815,69.91332984784431,0.9858120292862795,0.21763966232717766,13.0,5,24.101126389860937,0.11646517329753661,17
cf747558-e6d1-4772-8ec0-02bb07a7c7d0,negligent,0.8948729131313041,0.8952146896282102,0.8295291479436435,151.40943960422902,0.027683491179047642,0.11252737590136232,174.0,9,54.83251266355108,0.9170046811469899,23
22a292c0-67ef-4932-adb2-aca46b409b40,negligent,0.7753211746401734,0.7994884104477193,0.8078989306320193,211.73139820888056,0.19556069926410632,0.6732897989548233,35.0,20,36.54575273450908,0.612668532229953,20
659f51c0-b93e-45b7-8cdf-c6f7843d382b,impulsive,0.6337187709924282,0.2775509373045268,0.4559534594438348,126.19472297380261,0.457712370795915,0.11602168888660479,71.0,14,12.493993901642858,0.41316881603872474,16
a8e59f0a-3d19-428a-af38-8e00de96fffb,negligent,0.8951414695021597,0.9371916604763296,0.7475745287014819,298.4134700961516,0.11385316110969122,0.876867880961504,66.0,26,32.89142561162019,0.7175218926635146,20
95e6dfde-b2aa-4a37-913b-13a4da178d60,cautious,0.035338975680504335,0.03528068215464136,0.05901434650813282,163.07999757288587,1.0,0.18715781956827462,31.0,3,41.77180964436456,0.11760307646891402,16
a818c69d-3431-4450-8c4d-251239f508ad,impulsive,0.7330925708203729,0.21789746696941067,0.7768862551993136,117.82473101034306,0.21435654202011692,0.4700410889578034,80.0,5,21.314315110518976,0.46636857882970834,12
d0029cfd-9324-4141-ac5c-36f0111c4a70,impulsive,0.9102799875374591,0.07957349241897352,0.8005886929749685,73.26827246467643,0.09665917492996752,0.15740993385378288,92.0,14,8.810449770600993,0.440032711163985,6
935ca131-325f-4a16-a62c-6fc9ea0f44cc,cautious,0.10494368964357452,0.2731587607339789,0.0780809276031804,114.49106887925615,0.8066320940944496,0.14427926329498536,31.0,7,30.01765074235722,0.07211417136571133,8
5934f491-580e-4d5f-8a2c-a268ce75a771,cautious,0.17331353245924713,0.0,0.11155860049789083,29.42196254668203,0.9161909164191069,0.0,65.0,3,30.73572381785112,0.01897455211894895,9
cc51b131-8ef7-4f08-8eb4-b05171153c45,cautious,0.0,0.06759990141432405,0.020213812308646092,56.900629475476535,0.6441111214385892,0.03852365046318327,21.0,4,31.587623623729613,0.23371384192468497,11
42b9615c-3e03-42dc-9452-5e31b6de09d3,impulsive,0.7901020007233455,0.12687075679148088,0.47651528244748154,75.65396877681395,0.09857983749726065,0.6229972345510166,18.0,9,9.516440401915915,0.5301543771852651,17
500b68c8-5398-4d77-8822-36f32d5c4dfb,cautious,0.18332174016972796,0.030464961989279477,0.17999383472674782,108.98717199257626,0.8602843372789246,0.14052177975663102,50.0,3,31.355748955839235,0.03235249807184894,9
6c148e56-e0a3-47fe-84b8-024a7ff4135e,impulsive,0.7287033452694116,0.15885074489528758,0.8497588502570954,90.15471625532008,0.0,0.6878435837275527,32.0,8,13.63795348337811,0.7713299685556864,1
6f64e195-cc9f-4a9a-9c41-c15e1a6e8662,impulsive,0.5558657429048363,0.4325052756783289,0.8482736307757653,232.4349986162706,0.41677416889857444,0.1958572406264115,23.0,12,13.791513933046174,0.25636337389335745,12
acb524c1-9fe5-483b-933b-f03561d3d19b,cautious,0.10153026676365168,0.004426714676803237,0.0,131.57704380682006,0.8266980000336711,0.057197882835707564,75.0,4,30.157449802279633,0.09652703162565483,10
b9c40b7f-be28-4f99-b60d-a9e5cf72f410,negligent,0.8051357075441272,0.5557244065281693,0.9198413297208873,168.22205045377325,0.18262620179065953,0.4471164603279638,162.0,13,36.41942719598752,0.8909586479316491,22
bce17190-b1cf-4d19-849c-b799e6738b1d,impulsive,0.6552329472414996,0.24203877611859143,0.7069961950116128,173.71524121162224,0.2637893214126951,0.085809449765129,65.0,15,9.943990100653192,0.6117214891722725,2
3c987db3-4fc9-403d-97c9-db41a8aeb25d,impulsive,0.5231844740271981,0.09213264118443745,0.5050332468656908,304.7482205380231,0.34109680989477753,0.06053376334792377,118.0,19,9.399037515294353,0.20008318697121816,22
6d8bbd3a-06f3-456a-a07d-60a3c63870b8,cautious,0.5237786754863524,0.029861688854456028,0.06020145611512718,155.66002480063221,0.9639935482658659,0.16201488326396116,52.0,7,29.873514650679006,0.0018936939142752184,16
1db987d5-3f64-4168-80e5-6bada9ec320a,cautious,0.14272462360693336,0.03771232417334687,0.3453218614936882,38.9665179818287,0.8830084850498302,0.0003793918675024672,25.0,6,35.0809003740223,0.00040954231477505074,11
9052600b-d96f-427f-98d1-f127f3823c7e,negligent,0.8958277569115551,0.4759489460240051,0.7944657727286459,176.22488805276868,0.09818666189872925,0.2436304837398726,193.0,8,38.56776824337468,0.9456051650935559,21
4331e8c8-b3e4-410c-ac2e-38231397eb00,cautious,0.07755217997293151,0.21010881667585218,0.04132942341929363,65.34587244018957,0.9498612150017306,0.13074319942895252,71.0,9,23.633312445277763,0.06072494162489109,12
5d466453-0dd5-4f2e-aa23-7963cebb40bc,cautious,0.0,0.040111880092090706,0.10384859049077375,101.59793341075536,0.9232086953891845,0.0,43.0,7,26.001367425214635,0.16336574630976486,11
7198110b-83a5-4ca5-b8f7-349a7874d3f4,negligent,0.9396194638085198,0.8056672496307331,0.7790532152220021,203.80125823317934,0.34185966866405904,0.8583804377487598,148.0,27,25.452941069265496,0.9123810235911985,20
6c3663a4-2920-47c6-a4da-a9d645d2b270,impulsive,0.7285861292022304,0.15134086098623645,0.5054991240289207,253.31008752066356,0.06754158157735068,0.3204693970135054,39.0,16,18.590540653033788,0.3000815010422736,6
0002c270-973d-4a5f-a26d-a2d6e947847a,cautious,0.11244028950884186,0.0,0.12525999966873788,67.21657745412092,0.8928767099342179,0.04730336125129894,52.0,1,21.75446693074914,0.0076064401391149105,13
62f480dc-77f9-4e66-9d8a-3a85ddad04ac,impulsive,0.5067883294321371,0.13317783386900037,0.6789151031979389,165.82883978705217,0.30069857843205045,0.17539568226640798,117.0,9,21.26821347289638,0.20861820300431083,3
b9910135-d5ed-4ef6-adc4-111c8156518b,cautious,0.16328745309301818,0.22079949920352715,0.030781998292675906,38.682760019932836,0.9266297353762206,0.13767948955939224,22.0,2,27.42032387243734,0.025896253616148654,15
e008ee0e-9a65-4110-8790-e93d27e899e2,negligent,0.925739652604952,0.9900321419936253,0.9645892221023011,26.821792145539018,0.22115836316925475,0.6047446594577159,100.0,23,43.103611107614945,0.8730052956305203,20
17d4b418-21d7-42df-a4f3-141763df8e18,negligent,0.8760299115476594,0.8755812367576636,0.775419875856521,282.20866334874887,0.027046127135019065,0.6825464321894112,173.0,15,28.171799291891183,0.8157604323719583,21
5d00b85d-63b9-4952-be19-099c724fee46,cautious,0.09018484994269271,0.3265893520659642,0.011988987013135418,85.48320595226483,0.9924764556414405,0.08518636505964959,78.0,1,28.482512321440417,0.001241461116225304,10
eea5dff6-aedc-4129-a299-e9ff629690ca,impulsive,0.6843037735167861,0.07296128262965629,0.7752882409407043,183.63081505267115,0.11112947274207186,0.4504687387314348,25.0,11,13.903543331529606,0.4051129940256322,7
89822074-1642-4601-88ad-13a4d5371e8b,cautious,0.10655557427686133,0.4585713787815208,0.1463401595291206,221.62478297333897,0.7970654267299584,0.0,28.0,6,5.0,0.15869226006592552,9
5c7330e6-9d2c-498c-8be6-6a2402a84acc,impulsive,0.8404200519155763,0.07414805555461548,0.67237931791636,124.61630586751255,0.4368877291124176,0.22244681731232718,54.0,11,8.978039391036194,0.4801579701050933,4
c0e0c75d-56cf-4a39-81e0-f591d2b6c7e4,negligent,0.8729108299781481,0.9156521157708221,0.8256986767962998,141.7701990314683,0.22184249200302014,0.29326931990084926,176.0,7,47.43646160544728,0.9824200077000678,22
00b9ad15-fc77-4ae2-8f63-279a31dcd462,impulsive,0.5880994266662422,0.2942725678616956,0.6244279481187178,79.32693700806328,0.4309076645227805,0.5969873945603608,99.0,18,11.074919470302437,0.22919604141277822,23
2abf168b-042a-4436-afa6-0d8b8f97dfa8,negligent,1.0,0.9327991431230592,0.9230851840973906,161.59164149261977,0.05009348553112836,0.5384444609069008,88.0,17,46.544435140134325,0.7948552198981558,23
6b307466-3f6a-4da6-ad99-da9808e53618,impulsive,0.7829063020659118,0.392764600425991,0.5976480465454052,97.99752254161308,0.02982400703570573,0.3091816140509028,60.0,15,17.160235006852112,0.48712735917901734,15
08356044-cf07-494f-993b-0cd45e858e7a,cautious,0.32625451178556547,0.10001992002537069,0.04382944179149249,27.00763444939824,0.9094187661755001,0.27457231744180566,79.0,6,36.443339987217996,0.08520138395130675,13
33ff88f6-8ca9-4446-a1d7-750e234526ab,impulsive,0.8294713493124335,0.356338625756022,0.4863702558381036,93.491481926571,0.3377629849894977,0.07763028426416926,60.0,6,8.42127734880766,0.33716810021675675,8
903ecfc8-6650-44a0-95d9-3049843fadbe,cautious,0.01986002121493077,0.3317123853306248,0.12474412658300474,156.9809770065876,0.9811913190143657,0.3009050033621308,68.0,7,11.008311317683567,0.145798855907996,8
64581f24-4bce-4c25-8482-1edc475e0a99,negligent,0.945358351729007,0.8331664157336003,0.7565564707550955,578.646298781232,0.015497123741182266,0.6557461031659451,76.0,16,42.483241892046024,0.9655831266598499,22
bd77dafd-3278-4f9a-9af7-d6fac36f7d6d,impulsive,0.6991577552171514,0.05964775918715198,0.7718411008659216,217.15328858783917,0.41708473685438974,0.3554717955754961,115.0,17,10.246239871569308,0.18691941264428633,17
cb8f63f5-7269-4a80-a96f-a49b405e368c,negligent,0.7791913545480046,0.7651064254092619,0.9351024174986876,156.04760105148802,0.11079288499651421,0.7061567823750701,56.0,5,40.941134089531005,0.7015659068459533,21
c2f510ad-e020-435d-9d78-fcbdc840ea52,negligent,1.0,0.8169188114433752,0.8732250331821951,376.7254686319441,0.06557643064524984,0.32702937906759755,180.0,18,27.606833795273744,0.8499569664370366,23
66a35b61-7b52-4ec6-8e45-4c83e310ee19,impulsive,0.5962866609828295,0.0951338546457706,0.777887597460189,74.20921698519538,0.2707572848942136,0.3083333514657244,110.0,4,15.79583101379969,0.1757935289329801,13
89d7f5af-57ab-4846-a3e3-9feed3d34768,negligent,0.9265482227171858,0.9539326790466837,0.9025725479178677,158.41801641627572,0.029399464951681484,0.8510120479473042,109.0,5,25.84031243440191,0.5584491523068867,20
547fd170-f58a-4c86-a1d8-ad24565fe2b6,cautious,0.17159787186748982,0.007742890904426945,0.0,27.274802172794306,0.9130562401999247,0.016473819395537923,19.0,8,35.3732007636404,0.03621374595144012,17
6b087847-18a5-4200-9ff1-5e718e6b4c44,impulsive,0.6901366818463464,0.057687662246535716,0.6878232982863441,158.58570286524403,0.1335658079090711,0.6310043238854595,88.0,9,13.700602202638795,0.5276409711465031,0
752cd837-e651-43cf-a1a4-1968585790f1,impulsive,0.7442416060520564,0.18230104976419245,0.9031782391642564,99.00548800735044,0.31167581929764954,0.2535922021750159,85.0,10,8.75916442520468,0.46894253965171784,10
2322de59-8a53-43ee-8207-bb86cba9e962,cautious,0.017962356948562595,0.0,0.11486672787348011,56.89043528773172,0.9478024963615255,0.1469954155686414,25.0,2,28.140877024862505,0.016664236346966562,11
3800bb41-a080-4048-8f56-8ebe87a2792e,impulsive,0.8403337004987106,0.25345829402308273,0.8419914824811885,112.25738229369401,0.14793142111602534,0.46553142135279935,54.0,10,7.588839319266196,0.5651447232904458,19
de736a08-bd5d-4744-a407-178b636ebce2,impulsive,0.6333304895378761,0.22539958764312856,0.7672753117610869,212.10264974943823,0.12090666536043305,0.44877591759642105,97.0,5,13.490892534822022,0.6543683002243847,10
a91a1adf-3aa2-4a04-8e31-df97c1f231aa,cautious,0.21151944512598542,0.0,0.14519940869871062,93.21532847034949,0.9384015905341051,0.12691121665127716,18.0,6,9.923213461393471,0.10545619570499687,12
2c962cab-daa2-4a64-bf7e-564448d759a1,cautious,0.0340214524476432,0.014648414951150067,0.0917804908702035,193.72489606060765,1.0,0.06424499142102966,65.0,3,30.007671505985883,0.05941615638627582,15
895e9d12-ae35-4641-87aa-1a212d2dd46f,negligent,0.7198802072231106,0.8674178115375987,0.7396993082685654,590.5947287109207,0.05292367953004452,0.5629716434724632,26.0,5,55.46931173055153,0.6165790861383411,21
8bdb39d2-a876-43d7-9944-465ff679999c,cautious,0.051133328731683844,0.0,0.028134059325091748,32.1621930116696,0.972943350186471,0.0,66.0,3,24.301780493333432,0.1597026233383259,9
6fc251be-a5c8-436d-9e89-f303cb6469e3,cautious,0.05990271523532961,0.0,0.07286571253052228,245.24715326235986,0.866647512932006,0.26902825569249134,51.0,4,12.237656955027749,0.14092070366916012,16
cab71349-dc02-46fd-8aef-7ccf11b38d8a,negligent,0.902152950418682,0.669050514028833,0.9381039021512899,328.56869176263183,0.08238707747598971,0.5969419537560049,66.0,26,22.278170623805458,0.7165285171306731,20
2ebf9f92-18cc-4bc8-8b0c-6be33ea3e0fc,cautious,0.16618945602213542,0.0,0.5675702086624554,212.08641084206627,0.9886037921630486,0.33764189796923283,74.0,9,36.510263917946,0.34802947773946324,8
e442f156-6fb8-4dc0-afa6-5d632c911696,impulsive,0.5721354918250716,0.1992583133862366,0.7372650429961403,39.92228697250511,0.21735453681705083,0.6802804637793753,59.0,4,8.705780976318843,0.15957904452685232,15
2f3174ba-2f22-4133-8b2e-ef5488fb2c68,impulsive,0.812211815830295,0.19582498418910674,0.4584263163281187,167.87089709513336,0.16769895492471273,0.3075267738662565,85.0,13,12.15934422776782,0.481102401741113,22
36200759-313c-4c69-a6f3-7e923fa593d4,negligent,0.8996151616807921,0.5110481551398766,0.6365487020450183,160.88382674873216,0.033460735522963865,0.5748868329736421,62.0,25,43.78667963986072,0.6269270954527042,20
2f2a15bd-e508-4acc-9cb1-a8274f0bffc1,negligent,0.8721693079701122,0.8403757329342033,0.7919892506226478,116.54738059267157,0.009651411808873812,0.9502654615360592,84.0,10,56.58342357678643,0.8868713899030051,22
69ce195e-902a-48b9-b4e1-098b2d886ec6,impulsive,0.7746334354128527,0.06853363598872789,0.7788227297300402,133.91999630444485,0.29059163036801594,0.2477783453791296,105.0,15,17.50468292486616,0.3469299652265275,16
b54fec32-1f24-419f-9d24-bffd38078769,negligent,0.7952720792563799,0.535211335401691,0.90298783028538,212.80675841114413,0.06762852571458527,0.5491331879969221,162.0,13,35.78827608993788,0.9816602755558701,21
4089f4e5-f32a-42cf-acb7-4abc85fde940,cautious,0.007149070948434512,0.047451626805155016,0.11011853708778271,41.61673897117814,0.9408058761148143,0.01471896822536646,69.0,9,8.42260501658913,0.036778848687607314,10
10f524c3-57fd-4b5e-b39f-173c9d70eaef,cautious,0.15541384112589193,0.05282584961618339,0.03206823239619086,25.507188174632727,0.9252297209345466,0.0725202847002992,44.0,7,30.088573316185105,0.04724857195124873,15
1349a989-bb36-4513-a3c5-2dc9be038e50,negligent,0.7722644584538473,0.9590663704038894,0.8031806709666811,201.3843735794489,0.08933695342889013,0.7135657012040144,106.0,13,56.93174910607906,0.7989144189613597,20
8014b67b-8e16-4882-83b1-730b6a636295,negligent,0.9149382614992501,0.7469265731827849,0.6332646679784071,160.05982507917648,0.0,0.6064049985123018,44.0,16,13.708249178315434,0.6026285805831506,23
9f29af29-b5ea-4648-865c-27fdab6ad5c6,negligent,0.8981678984140904,0.8579159127395666,0.8011177736296732,401.3637034335136,0.04854203498387421,0.5248833024872613,158.0,9,48.258477748405284,0.8334019376953407,20
2e8e3829-e486-422d-9ec0-b0b048d7acfd,cautious,0.0,0.17150444932832584,0.08001278792097852,18.096304834528816,0.9913865429496086,0.14600843363457824,72.0,2,27.09693031015872,0.1985569630703212,13
8838f626-20e5-4123-be10-9551b01eaad3,cautious,0.021297870216444338,0.08448380064823964,0.10014346207397595,84.2473452703155,1.0,0.08265426336312888,61.0,4,23.72878312310394,0.005634487190423025,10
3b17cf91-9a3b-444b-8c48-14f07eaedcb4,negligent,0.8513691962250584,0.590953405957611,0.9785732174750035,368.4635033108077,0.27362038273527495,0.40154472530691643,35.0,21,36.38933697441438,0.7592492191105427,20
6200cdb5-9e6a-44ee-aca8-24d9f62e0db9,negligent,1.0,0.8760774088285218,0.8410752300010851,421.1989230262031,0.07896695748496549,0.7099840601186477,93.0,27,34.761677198735605,0.5516745917409294,21
3a988d9b-a5ed-47d8-865f-3635c7951004,cautious,0.05250831290210634,0.2495234929365177,0.04615942467196839,133.0808161733027,0.9209148637643286,0.015937733627431762,37.0,5,20.247587883494027,0.38471919799906834,14
e2f86245-1ce0-4ce1-a827-c9569a5bd192,impulsive,0.5438588967248962,0.24497006012492173,0.6344999593133699,112.47781409929428,0.39590310817669266,0.22082481112201924,96.0,6,21.251475212548158,0.3454655521924185,13
b2682789-834b-4302-846c-ae17f711d04d,negligent,0.8547261173210621,0.8196210418395813,0.9661628154366197,158.5417098082305,0.03417443551022724,0.4004594918730665,160.0,17,31.438766596365063,0.3436828015460618,20
92cb7810-e564-4ba3-b9b5-15b5e7e96033,negligent,0.8441697855292329,0.7862918175077537,0.8895139003384024,134.96064935773995,0.15933063486463633,0.7929861424850868,93.0,7,29.513079301927615,0.561396608066527,20
fdf7922c-a84b-49c9-ace7-fc28de3c24b8,impulsive,0.8307768392220897,0.11284469840899378,0.6819875135213015,197.85310612565027,0.29096126271553985,0.3959907854046872,116.0,18,10.168528621549363,0.4137969033901644,21
181785e9-4635-42e3-a8c5-7234e6df4734,impulsive,0.570696587258477,0.16762769475640363,0.7814848134075634,122.98410471595425,0.23468150819703051,0.47695524385835203,101.0,7,11.744390481319588,0.4601903838525973,20
059637e3-eda1-4282-bacf-b407909b765e,cautious,0.17968818551079557,0.24904689542356154,0.10491787072053971,211.95756675195972,0.9700953973305483,0.0006198541014045753,25.0,8,29.85580873904535,0.030237732315635958,13
10a5706b-17e6-4c14-9512-ebc83d3f0d9f,impulsive,0.4692772302071501,0.3724150538843269,0.4887957022294178,145.1769528328268,0.23478020809868175,0.3221619619235379,54.0,4,9.391707600593534,0.6181569458108955,11
d6f6c652-eb4d-452b-9ef1-7ecf238f32f2,cautious,0.01668135814302523,0.02255252492520255,0.08050137135285748,96.11207305334807,1.0,0.07392225280535723,71.0,6,36.36509702223907,0.02963348404494526,17
a4acdcf4-0b0d-4e75-af5e-8fcdcfde7191,impulsive,0.907839037500992,0.046158318184028456,0.9256127758835606,103.89013969658038,0.4727424838596729,0.4274846016210561,84.0,6,9.350433051844249,0.4575096443339573,2
5f08f856-1627-4255-843c-2173157e4d07,cautious,0.013984918869344729,0.043985082512667605,0.022109738892559978,116.26516642030347,0.9016091546784513,0.0112629221856963,54.0,2,17.993994150179176,0.20274131632948575,12
9c10706b-b44a-4483-9cbe-f1ae3f3d85eb,cautious,0.19313078385499582,0.05388621286065461,0.09315654481888813,29.64830061015627,0.8532804587845222,0.010044481186195987,23.0,5,19.782379975264064,0.018415533858286093,17
bac1b944-d1df-4889-a246-f8fd2961939c,cautious,0.040972089155967714,0.3145056600256416,0.0,41.74836304210325,0.9208718682625854,0.4719699860476279,68.0,5,5.6261137739594425,0.055024515481926224,16
885e1461-b58f-4a2e-aa27-3852cfa9b48b,cautious,0.17793675471249304,0.15969576926926957,0.16327393017065905,314.405165343502,1.0,0.05607974766350958,59.0,5,28.836525791710102,0.13864116271120122,14
99c3aafc-03c8-4312-bb6c-567e4d37a856,cautious,0.09654731201989114,0.0,0.06147332833408269,240.6460871976732,0.8718846360946775,0.052854947846935244,58.0,5,18.08028973118617,0.03902499421136868,9
51137145-7f95-4760-ae6b-e195ac54437e,impulsive,0.6669524988357648,0.32075970221922984,0.714513198860081,150.5368753087295,0.21095301268737432,0.07893623407571654,32.0,7,13.808106383121201,0.16477977334579091,20
5f93b278-09bb-4408-863d-83b178eacd35,impulsive,0.5353454760855172,0.14900096313838146,0.48025010744506574,230.84125019079022,0.2824470014741212,0.1916673474490764,88.0,5,9.257413938941408,0.24295228850825898,3
7102d912-af1c-4262-98a7-524ae50fa311,negligent,0.8624884983092007,0.9087876940458463,0.9060190067542366,319.3125647150713,0.0,0.48272385602585943,135.0,20,41.53161171815732,0.8637484635660353,20
455c3e1b-7392-474b-abf3-e69e25642e10,cautious,0.12187045777269964,0.0909062260956671,0.0,62.145687119253324,0.923691004761992,0.22423261239820014,11.0,4,19.93304487274758,0.04504154645954379,9
2a381396-f309-49f2-903c-4917c961746e,cautious,0.06598855940846723,0.13752728166083178,0.007659023613540809,111.72617040349463,0.9703098972863644,0.28578079669860224,73.0,3,27.179619574860762,0.0678725173392996,15
c9d09fed-fc76-4170-aeba-6c267c2f1ba8,impulsive,0.47150094676592835,0.23778306076820283,0.827371959006975,152.10752163729364,0.10416723473137789,0.2735775608727739,96.0,5,15.640578650301762,0.37766321360051947,5
3197fa6e-53f9-4646-b750-2c5f1a3f8a5c,impulsive,0.8206567656239555,0.22623007066800188,0.8272192285110249,99.4393945537356,0.0,0.1708137710739728,48.0,18,8.973976344756665,0.41306284996091247,18
deae8ac8-5ddb-4bfb-880f-51237b348725,cautious,0.05589217806986882,0.2057286590979001,0.0357178399778932,159.8242289215778,0.8894883093001347,0.1302707944725296,74.0,9,16.226185199318486,0.08704271617007915,15
a404fc53-e929-41c6-a9cb-fcb74c10c46d,negligent,0.886911661729485,0.8973788653436339,0.6533843529365787,233.5763368839629,0.0,0.507118450172019,85.0,9,50.35451956346657,0.850829029248112,21
890eea4e-564e-4988-99a2-e53e4f2d1799,negligent,0.7696592428721983,0.6603861311411265,0.59170504682537,357.73347849815053,0.12175248839237632,0.7405176446360446,198.0,13,30.408771337850574,0.8877794931494154,23
7adf9558-9fe5-408c-aaea-0e94ebbcce5c,impulsive,0.5107084399580885,0.3305952660468903,0.694996993294143,184.05302797022372,0.4474476961418969,0.184932228234927,108.0,19,18.886338357634028,0.20876337552233848,1
71f91182-3971-46d9-bd5a-a5570e5d4909,impulsive,0.7945857387715829,0.1330605434419611,0.6692018397937292,123.58122922977702,0.49062617129318026,0.8073899620535215,66.0,10,5.87312055810958,0.39049389532108436,16
572f0495-a07b-44b1-9909-a98e2413dbb5,cautious,0.0,0.0,0.08156363269508586,54.66999668361184,0.8803674442663864,0.18676277865007687,25.0,7,27.728735413519594,0.22883318226787586,15
9420ab55-1a88-4b21-9dce-363761af4187,cautious,0.052748239289022635,0.0345710591428989,0.10258481119036869,43.28077898435416,0.9209189099734945,0.11516756771013191,25.0,7,28.7403885797847,0.01589045492597033,8
9d7c6e1b-5b04-45c7-b066-93c11f123000,negligent,0.9268587654151452,0.8341374057519464,0.8104272564079504,520.0991376935187,0.09595260422155293,0.41131525690930537,57.0,27,35.47797916164913,0.7790132544108007,20
e5586946-bdd3-4620-b333-85e65e0051f1,cautious,0.13730951500700775,0.014157100171882998,0.10582215719373239,90.48454712385755,0.7039239410997399,0.03226420812416558,75.0,9,21.195177985339168,0.1409383886591887,16
1612ddb3-0f8a-49da-b4d1-50ed01b68a73,impulsive,0.8030619694611396,0.5284617723199481,0.8681500935618919,149.16208256768132,0.43962192439697667,0.293892888260994,74.0,13,9.400551125213028,0.5154846625233009,17
8a8be003-9a5b-47dc-97a7-72fba18b5689,impulsive,0.6410782865818666,0.11339434367332565,0.7207509995539556,160.0013388475062,0.40704040488387067,0.4027925020726637,41.0,15,17.76692162638068,0.3574602932730924,6
d29be13d-fc52-430d-86dc-89d747a94962,cautious,0.33511068792171883,0.0,0.27842611779532467,15.219870014427036,0.7586281078874081,0.021202676023461105,36.0,2,26.96993577335935,0.14360714448940867,17
e935f132-ca00-4cdc-87b0-048b4788d4bf,negligent,0.7328787143379748,0.589925975710529,0.7798676559699356,143.473244531406,0.05924062208418334,0.7918313142335075,44.0,11,38.63487367814902,0.8307212425692266,22
b1e8eba3-1a6c-42d4-8fed-81118641b719,negligent,0.8922453848873682,0.9285650401716555,0.8740478883625138,347.86954296560504,0.05350312950528722,0.770752398863353,54.0,10,29.732803097216756,0.7691444282103176,20
47c875db-b8fc-4288-bdef-bb7f8395fc03,cautious,0.04971552883896073,0.11168484193679316,0.0,8.783586327022896,0.9058540043174168,0.03350581488119378,74.0,3,33.67950434111332,0.03646970683481326,10
d880eca7-605b-40ba-baa2-37b41b04b5d0,cautious,0.1442241569594637,0.2501039050460848,0.2461204926219981,144.79703754193505,0.8438418238792706,0.03545372207398316,28.0,4,18.02937858963347,0.003385588902864451,12
d22b29ce-066b-4a30-9ae7-3b71ab612b15,impulsive,0.9646240817075815,0.0866663822066279,0.6111882976236033,148.89699027943715,0.2621473626168052,0.404275973725589,75.0,18,16.51286530122492,0.3358343050277472,8
78880b10-8a67-4a49-8aed-64c6f6661641,impulsive,0.3490366533980285,0.20665364971080502,0.559905157118874,115.18597975176286,0.07467134848701587,0.19396420536147174,101.0,3,16.944521411700215,0.5775046894569547,0
900e7f9f-05db-4e23-8b1e-b65ab9154a00,negligent,0.9071570384993594,0.8954858821890781,0.9662049565715393,381.4273379434327,0.2619415860123195,0.47703662988401385,170.0,29,25.853610880047384,0.884751526548534,20
aa41b075-0311-41ae-a9fb-37c41334a829,negligent,0.9449315484767972,0.7158715569439703,0.9186975642415788,256.43971775478576,0.15577018045501675,0.4745404065404972,160.0,11,25.840890753826983,0.7763253137074011,21
ca91c63e-3451-4e33-8eb5-7d350bb0d7c1,negligent,0.9613087557005064,0.6668111642170185,0.6925713579973055,151.9580847835834,0.13519931620570952,0.45842652605744605,51.0,8,28.50805189241007,0.588537430450223,22
6fd58a2b-f7f5-40a7-b4fa-8031e6179848,negligent,0.6975540155674294,0.5167533807582452,0.910434448918964,170.78730677383078,0.042787210671236454,0.5277779445661838,122.0,16,50.42179027911577,0.7192630192201408,20
bf80dade-d674-446f-b611-9cd0111b019f,impulsive,0.7509955169442587,0.1303078071760711,0.7037319656135359,145.78989599296267,0.008654995852536606,0.16191936005401392,34.0,13,12.786881830351993,0.38948772922169,11
a1781a05-a2d5-42a9-ba4e-93f755f6cb53,cautious,0.04933307087199261,0.22371823252347253,0.1011503260635401,100.45395702551183,0.9083630918270638,0.16438641621379024,40.0,5,20.74508247981683,0.06554426214798989,15
f14e8bc1-6bef-42b2-af2d-4f32d9b343ff,negligent,0.974081151761627,0.6211764137088408,0.8926552855365433,491.5053792729126,0.07677979193291899,0.30987082841563984,137.0,9,19.56435303743145,0.8162882221952057,21
d107087f-5e56-462f-afae-b36bad306bab,impulsive,0.7704250232590926,0.19407060435251644,0.763010426605298,61.97135274559109,0.394403138363672,0.39955858987445897,95.0,16,17.31600076729036,0.3295107936492201,1
aec77b24-8b42-454e-b1b1-e51a89aca439,negligent,0.6938515627794501,0.8741443513872302,0.872266936017753,49.272477940800854,0.07618885482996823,0.9326912085486811,130.0,10,18.33298106916904,0.9262841056236835,23
9d9836cc-0426-4e34-8a0f-d043fc3b4b23,cautious,0.06910176200261482,0.009746379930213836,0.0987125658234794,51.742085166671316,1.0,0.10644815515051534,10.0,2,16.175625677962827,0.010138220187373351,15
05727c4e-1f60-4d3b-be54-e0fa8eb4017f,cautious,0.1950440067679719,0.18148088495011833,0.16972118662765986,29.535387224899306,0.9330925749241512,0.039770601558324264,49.0,9,25.775801480547806,0.1745396481982555,9
3470f1f2-7308-4957-8220-78bf4e77041f,impulsive,0.4413829734104962,0.1726642577689826,0.7024726397491944,195.83482084468267,0.25517762994764204,0.15607950456820657,90.0,3,7.188801283189562,0.3289479904736326,12
b076733f-de68-4583-9ec4-d742651607a1,cautious,0.20746185549519308,0.0,0.08043654532112618,104.62344482549821,0.9178921304941693,0.2094173800262215,50.0,5,34.444036603642225,0.07184564160220597,16
93a3fcf9-6d21-46ec-a223-21d58ecdf8ad,cautious,0.08344480146664694,0.0,0.08833265657364572,193.56457816849291,0.8728070186452882,0.0430152244949982,21.0,1,17.907466131936662,0.03099403097516997,16
6ebf16a7-1be8-4f81-a705-294a4c23f86b,negligent,0.9675519764559223,0.7442017787199229,0.7989473911540114,920.5748860878523,0.08803995681541035,0.4241780930091832,90.0,16,52.12206374603589,0.7362182220592469,21
885a54bd-50bd-47cc-933b-cf3ab65e069f,impulsive,0.7300230357721493,0.49830552151517327,0.5718498836178958,66.49912821431818,0.4834063491378456,0.1339547654293367,90.0,7,9.014470966968592,0.40780377712030424,1
314687ff-90ed-4367-ae7a-6a31426790ca,cautious,0.08543165920349939,0.06249811546375403,0.05346887444561088,165.2319923483562,0.8683392394525214,0.183497196958561,32.0,3,27.742524613064045,0.15753688239632402,14
856aa706-c2d9-4526-9e74-6beb5c7c4d0d,impulsive,0.6690495890612481,0.3893306939143977,0.8207856082207104,207.8640907952017,0.16126717257810502,0.38773581517103495,83.0,17,21.129394287208683,0.3488336974928243,12
9ce1ee5f-4002-47ba-b531-24c6888d4cf6,cautious,0.04293545238749048,0.21011522189734003,0.04159432829260537,60.54850462521798,0.9148775581819052,0.1449609493534207,40.0,8,28.066931756389764,0.07567175400239727,13
c80beb2f-67a1-4665-ac5b-4363f00847a7,cautious,0.008831111358780307,0.041403754448258605,0.00998243226927563,106.94640926409878,0.8454424350851965,0.0,57.0,8,29.48842402814896,0.0826610119468374,9
1ecfb0ce-ada9-495a-98f5-03b6bdce78d8,cautious,0.010651089392695105,0.021725279498474144,0.061165717347457155,112.51697581672089,0.9337710515314326,0.01485101489384949,19.0,8,12.78771322684202,0.12287191347223225,14
d7f7af76-e531-442c-82f7-c3849272646b,negligent,0.8799723885385868,0.49238805422238835,0.5803329585064876,242.31765372022753,0.25140711674975585,0.89412226058096,79.0,23,33.480586654794436,0.8097297108801553,22
7681bdb3-f24e-41d1-a41e-62543152a04b,cautious,0.047781742796916084,0.194445550834641,0.032139645095389066,49.78438059384002,0.8763322654567498,0.0,18.0,5,12.432691394824074,0.02808172451218548,9
bc947899-1861-406b-b5aa-b90a58f01742,negligent,1.0,0.9133206254453665,0.931798594606556,163.84779009910403,0.03928378278119424,0.5060276271787524,66.0,13,27.83990420470852,0.6356154824694038,21
cea38512-b955-4673-a73a-0322bbda4291,cautious,0.12510992197733795,0.10269642640793995,0.017272580473452717,53.3484060925868,0.9452294114166475,0.061995366915149216,51.0,8,19.3465985689623,0.3119769277171153,10
81bddbdc-8964-4b8b-ac23-86d32a9c324c,impulsive,0.729513209603297,0.4992329876857241,0.7514274002431757,143.07365432764269,0.42542401300449634,0.21755035007023585,15.0,11,9.372972381385004,0.2352859996691667,16
4ae12b2d-f7dc-4102-911e-0d07a3e04b72,cautious,0.1445872088113481,0.09892995981918436,0.062277853887676086,44.33741026568494,0.9293441753533609,0.033125017868121207,28.0,9,26.394308912894687,0.15414302788405862,16
8010518e-3275-46e0-a81f-e302e60da7fa,impulsive,0.4567488936170183,0.13457076127158157,0.8427724594895697,112.78241099005626,0.21207766842226258,0.19103126923313352,83.0,9,15.998392946068817,0.3059683875201471,5
163a315a-c1f4-4cd7-895a-3fa6e8bc96fb,negligent,0.8967722043584834,0.919808783986269,0.7618619104263323,414.5579038157774,0.19381545252360866,0.1999446115278932,181.0,22,40.689013698867754,0.7913217638812484,21
afd6c9b8-eee5-4b2e-bc2c-70d12a2c5b4c,impulsive,0.7631992882370994,0.22768578478641083,0.48693178401857673,134.47789451808444,0.26966250488224797,0.3135441194127547,29.0,3,8.910689105548467,0.2794863319590177,8
cbe4ee3f-f435-4701-b867-802b980322da,negligent,0.6353827562132496,0.8331809396309662,0.9708083486040844,320.4759039265638,0.19127872521034178,0.875775931175532,130.0,9,44.526542207063784,0.6696069694395607,21
b0f6daef-cb9d-434d-8ad1-91f9bdb6aef6,impulsive,0.9063900103785701,0.21720623002847708,0.7120718797095404,186.99227904910433,0.08327295672706356,0.21183796212064795,78.0,9,5.234519994591669,0.6691967814615606,1
ee875121-e6c9-44b2-8e42-25a99f526a9d,cautious,0.012930827007389005,0.15892869420266525,0.043055655186275826,122.74844332342063,0.9349163800909595,0.053046486489386965,39.0,1,11.85313743334891,0.48247711591720993,11
e00802b0-7aca-4889-b2b9-add8b2c8845c,negligent,0.9813878091713139,0.8844974814565971,0.77503078985855,319.33380369305013,0.03490215962027751,0.6562948305772494,20.0,10,28.330183492073473,0.8080838107882747,20
5e2a7e70-163e-4196-ba3c-8f99ec4f4c3b,impulsive,0.6343083166661024,0.42934722902081757,0.690993783869508,124.90781857914425,0.024844198948132785,0.1987794490593603,104.0,15,7.427281689448344,0.22849655966513796,20
bef9a7d8-e0d6-4730-9994-1150a40c8240,cautious,0.1264613364312551,0.20627758601918514,0.0,3.830111167859618,0.990974797308244,0.06813473282795615,45.0,5,33.99482832121315,0.01732917811453266,16
fb8f854a-d347-4b20-82e9-142c48fd8aca,negligent,0.9054631759985688,0.9083618307590565,0.8036687354290833,143.5526474755429,0.06448260436439851,0.7206863203034762,69.0,5,31.08840830232907,0.7335546675182825,21
e71560da-8360-4ab7-a0ff-ecef3ec41bdc,negligent,0.8042721570570531,0.8435285472055516,0.8421852961919168,100.54543554580991,0.07364121889722744,0.5955722022510636,32.0,27,54.960486748265254,0.9067277083882189,22
5ce72afc-ec55-49ca-9dc5-3a9ef797a2f1,cautious,0.007123141869823914,0.1817946472301655,0.15878949629403097,98.73660346976365,0.9449215944198871,0.018483513140772796,36.0,9,30.139963671836746,0.1167858752604844,14
d71c2107-5c65-4dea-b54c-8adf5493aeab,impulsive,0.664416180256918,0.03130574609196095,0.5191918761402724,151.16562892444946,0.2595516199082728,0.30299161626079063,45.0,12,8.136237344475251,0.12475318412744989,7
c4e2d068-ca10-4eee-9e3f-891e5bd7eaf1,cautious,0.028985568599846506,0.017893345674576983,0.0,19.892021312401297,0.927693541994198,0.2323393275240185,53.0,4,33.221225018880226,0.03497119778544099,13
4a8d7fb2-d550-4952-9665-1fefe6c0de85,impulsive,0.6240621800198453,0.20396396993918595,0.8154827945401857,114.76421071898255,0.3390631031379767,0.230956008822387,99.0,14,8.874837083335699,0.3417018041063617,18
d21bda3f-bf0b-48c1-9016-21c65bc96745,impulsive,0.6109332496777146,0.2867560142030453,0.6488873551117944,157.88786357896956,0.3470244117168844,0.21770199856350556,71.0,17,16.58208488958638,0.3083474080904879,3
ab9ad7c8-aa6a-4bc1-8bee-d9a46a7586b8,negligent,0.9732658733250226,0.7447908771298839,0.9258032743207704,170.91548515311135,0.015295877786489848,0.43524154801430837,176.0,6,33.232292142145006,0.7953386339512639,21
796934ba-3c22-4070-a59e-7c81d5a97cdd,impulsive,0.810609246569031,0.24307777101237274,0.8797392179743172,169.66927165827667,0.18580162569291925,0.10888968227277215,51.0,11,13.857779671660374,0.629304519864926,22
20e70fd1-130d-4667-9437-9aaa5a9592be,cautious,0.2929082570773348,0.12557565419541344,0.10810181079626308,90.6985903859812,0.8706598208536251,0.14358537091600215,48.0,3,25.954691032209187,0.3226608751496108,15
6224e127-de30-4621-ab9b-7eaa19e001e5,negligent,0.9573523126410404,0.8182095964147866,0.7345297421923999,50.25273776537279,0.0878240592577257,0.5788599411181016,68.0,26,37.42330654274506,0.7752334960914391,20
b8affce8-2c70-4db0-b40e-dab8a565d857,impulsive,0.7910548291877145,0.24376196221031493,0.48114633090732045,121.71990701099514,0.27245544198184524,0.173788084016431,22.0,8,11.889790348059316,0.46338800181459927,12
e0040284-ac41-403e-90a9-a7ed296e4b98,impulsive,0.5320962323093227,0.3811480549262067,0.6744512494501649,238.3948091140686,0.0,0.3437747115028715,35.0,16,17.820442336239115,0.2919898069291963,5
0bd279f5-cb83-4a1b-b203-2a1f20b41885,cautious,0.0,0.11638822969696776,0.007029887214241765,57.480144354435005,0.7803756999911113,0.08068946989947046,54.0,5,20.25334476444745,0.07972567384735302,15
451bd03e-d976-43cf-8eca-935a404a69f1,negligent,0.9399979609584945,0.6227798352255127,0.7116519907460244,476.01991633891873,0.14436176486523533,0.3994131158435726,101.0,5,53.281327158598316,0.9052679264890648,21
088465e2-43fe-4aed-b264-4a8683f0a9be,negligent,1.0,0.8373526811010599,0.5992864526898499,195.0673705010896,0.12803480468754844,0.3186210378015046,176.0,8,40.176485294207794,0.715927232142965,23
7cdda31c-4795-4f29-b102-46e55475ddf9,impulsive,0.7436835682016576,0.4983482569222052,0.7433125069798779,196.94942813386245,0.28674781918623937,0.15835348838513993,103.0,14,11.298308114437111,0.6315367145287659,21
1020b6e9-a8f5-4d45-b8bf-c4e35322690b,impulsive,0.5954258877901799,0.29372612942596915,0.6424294211210426,129.67813024760056,0.287660769916704,0.22356358113240155,108.0,14,16.782879043629904,0.3945458034988084,20
a0153b0d-f761-4a51-bfbd-d9b60d7d3351,cautious,0.1388195744017012,0.057071968093948273,0.0950434149056298,220.59661973940817,0.9395340057726661,0.1631686338470062,74.0,7,12.580260398850996,0.024409054583222147,12
26711813-fd9d-4d2b-8161-bd8904694d68,cautious,0.0,0.03608850195344896,0.09902205691738572,227.85960609792178,0.9831129885715035,0.15594586564867877,75.0,1,24.827543730129637,0.0755751241196035,9
54635b94-5b2c-42a3-ab4c-220d8d6d273c,impulsive,0.8840991272979232,0.2711193590745361,0.6237706942617973,137.0956676549721,0.23736862174208853,0.2903528687551462,66.0,18,14.232521709961905,0.08947883960734358,18
cbcfee9f-dbcf-49c1-865e-248e54e4bb2a,cautious,0.052465011569803155,0.09981096928840115,0.15869490808364656,73.69807520003341,1.0,0.2247392838935292,63.0,7,20.883211656547367,0.031135060458323472,12
87ed0e06-bed7-4802-85c7-d770f444b096,cautious,0.0021048971906221904,0.06054405469555161,0.11015477603299588,186.5651243976436,0.8266662216631325,0.06892806510627417,32.0,4,19.88363391722252,0.027698223221346435,10
9ed134db-2cbb-41f3-bf6d-e1751b35a79a,cautious,0.09316258623618998,0.0,0.0,26.651954163626908,0.8976180242325379,0.028592831074819698,37.0,1,22.686070305006254,0.009055914034516655,16
11452817-e413-4332-b02b-66cfd3d7c895,impulsive,0.40557119774491307,0.05334060218837335,0.3816672006539037,212.00531957605523,0.1122169088348406,0.5035205289040942,30.0,4,12.479930284090297,0.2037393978690325,6
7c9f6888-bca6-4d18-8b11-9ea5f94b6b8d,impulsive,0.607315878699475,0.17649213191984212,0.5434707562744397,169.57997087627456,0.06895971602921834,0.3529166424225446,68.0,4,2.0,0.1515241107780433,21
43eca4f1-806c-4643-92de-6aea6bbf1e22,cautious,0.026070518367175367,0.04339931970353779,0.014388373122974234,127.66123028566238,0.9794171343594807,0.034280511171915225,64.0,6,22.077905292648254,0.03177858458804408,16
1614c7f1-da78-4c3a-a3c7-6140b6458a78,negligent,0.7783037482365698,0.8609404140441215,0.9092354628765721,327.33892612763157,0.0,0.6111310119923288,94.0,19,29.597143418061055,0.9579511187343022,21
bde16545-a3b9-44b5-ba53-f7380d38d9d7,negligent,0.7020157137121285,0.833594583947366,0.9603604665789442,138.91080118332027,0.0,0.34055696463456364,133.0,19,15.911945064963227,0.7354609023184947,20
a2e6e5d0-8586-4c04-b026-a1d83913536b,cautious,0.06557333467149372,0.05734506293171025,0.14316219860024598,56.64046732477696,0.9275713466037007,0.06553871798430384,47.0,9,16.056564942916644,0.20074660716991274,17
3e7d2a95-923f-4d53-83ad-43cab94c3e77,cautious,0.07381490214711477,0.07247395458599479,0.21122578144590512,130.39325836683585,0.92953028190906,0.0,26.0,1,45.12884349764919,0.10905095905415574,9
78818b60-d661-41ec-90d9-9d915bfb2dc0,cautious,0.0,0.036270679759692906,0.12455559856766676,180.57338658057162,0.7778237853683204,0.10452706965348306,31.0,8,22.085404951835166,0.0639870219848934,16
e569a48b-7c66-4093-bdf0-99d3964d3cfd,cautious,0.18825614678070332,0.13232528840246863,0.020357569438945795,153.2160549710266,0.9603553193259051,0.0,59.0,2,7.739737092250255,0.03175634718799303,17
ff252c19-b6c3-49a1-9d4b-2fbcec3c6fdf,cautious,0.042580365174608815,0.09172963361207478,0.09443675281376392,14.705334800008377,0.8868130617421148,0.13376164501426793,46.0,2,33.715643298166256,0.10012165860483649,11
ad7b935a-7f90-4abf-be6a-71a0d95f5cee,impulsive,0.5876242478636511,0.1550406398842901,0.8752762305402015,246.07102425773735,0.16009836184968834,0.09736768120814984,48.0,4,9.164551938052387,0.1404598270872087,6
2ad9d65d-27e8-4df9-accc-fa7c168f0ffe,impulsive,0.7555742848228186,0.26194743437751183,0.5781807081165288,158.67350334591396,0.08594982458703657,0.22939918428916325,41.0,8,18.01575611529232,0.1196211206293586,22
33c8c15b-904b-41ef-bccb-04a748053078,impulsive,0.48964838950300243,0.38689870767413687,0.6537952535730757,136.739058856952,0.3744592903540417,0.1426651824981245,39.0,17,15.425415932252221,0.3812719757771907,16
ce32de9b-3b94-49b1-869f-307fc42e9296,cautious,0.0,0.03707877949849257,0.31909374483544584,97.72384677369838,0.9093119184281485,0.0,30.0,4,8.189476408047284,0.028912996266399774,12
666f0bf0-e920-476d-bcfa-d154b91194db,negligent,0.9311957754742827,0.7206030795572058,0.8477577473774758,297.5653411694602,0.18979200363918985,0.503710378181719,143.0,6,37.53368713492671,0.8723123047908435,23
52500d8b-9caf-4ffd-825e-9722884adcc8,cautious,0.17607025117168773,0.11774679607550068,0.08011458844784693,234.12852539061544,0.709684876376137,0.0,44.0,8,33.74455407933438,0.07872721895919187,8
4135f344-22a0-4846-aeb9-914696a039d0,cautious,0.14526754622225918,0.11102475850172415,0.08407076559148335,123.27754770970498,0.9063973489220997,0.08956892288639073,24.0,7,33.231527660224735,0.2345220171337688,13
fc945180-4a6b-43ad-9bfc-a5a5b8a8497f,cautious,0.0,0.014839188735018025,0.19803027497368683,23.00162267147539,0.7387190486201876,0.16282457718563018,32.0,3,21.051890967656323,0.18562658388402312,15
639afac7-0c17-4946-88c0-cadca1b8d288,cautious,0.0,0.06441534794223111,0.3095536105502161,217.37499774012923,0.8248313348571095,0.09989453168520065,44.0,7,16.89404968358098,0.10101994201526321,9
fb71734e-50fa-403d-bda1-f38b89293455,negligent,0.9544120738934683,0.8729085119026729,0.8653436158883723,181.30233053944252,0.10346346627398004,0.4399672376881876,130.0,19,41.14964622388435,0.7894490235342569,21
d69a9884-976c-4b4b-8a3d-ffdd8d180eb2,impulsive,0.9346621580483397,0.023930286271276295,0.6439582869491803,211.7142014373296,0.16866994907921037,0.27742667826918016,40.0,7,10.852004802780279,0.5158942241253903,0
3e9eccfb-31fb-4c8c-99a9-6d60b2004f00,cautious,0.08217705827023526,0.06609172154884443,0.09209718199636227,55.460848710576926,0.9178036621201862,0.4127789975480661,67.0,5,26.368367439432316,0.10245642325979776,12
0e79c0ce-ed02-4d44-b40d-151bf40a3d77,cautious,0.09955992051059404,0.0,0.09470897618512397,70.37010134453375,0.6802241559747659,0.03973157579609562,66.0,2,29.508074633508883,0.48273377310697896,9
585c8407-a3cc-442c-a0cd-7c0f57812421,impulsive,0.4086868408453046,0.22605156832452528,0.45520505618598633,245.40339607459217,0.19778679651441894,0.25381733077105284,67.0,16,5.1895613027211,0.5213446184276858,7
6c6f33b1-c2c5-40e9-accc-a756c9116d4c,impulsive,0.6590066204247441,0.22469243810363299,0.6685505811118035,107.530783628433,0.2382521810171411,0.462566428997238,27.0,16,13.84007501260415,0.4707711019930387,19
eff1e300-11c9-4dc1-874d-14189c6b7fd2,cautious,0.028147732846842508,0.0,0.004021247490204423,267.7224159352248,0.9633213756395276,0.0,67.0,5,25.601209809664155,0.08352472266702486,11
1a64dff0-1a13-4746-83db-29fa9dc95c1e,cautious,0.0,0.0871975593000903,0.1862749071909985,65.53123396403087,0.9426782368416261,0.12557103654715693,19.0,9,8.172069096616859,0.01653751851709144,9
6f69f779-015f-4bdf-831a-050240191c20,impulsive,0.4251481777869988,0.156378041023608,0.5592294291828355,174.46286019296537,0.3189660550678756,0.08659262922614885,51.0,6,14.308575065474587,0.1533615578184585,20
462170f8-6b0a-403d-aa79-ebe0dff5c7c3,negligent,0.9022187552957902,0.8187981093615647,0.8171475984453158,154.30599285122614,0.09100104899055282,0.4106653855427658,169.0,24,50.570956700192994,0.8674979879443079,20
787a4267-8cbb-4c40-8fac-699aee4c2f3a,negligent,0.941207047609768,0.8928474039265699,0.9154148317829967,153.78524890577918,0.0,0.7183762383843619,130.0,22,61.71415141206693,0.7119901615948789,22
6cdafc2e-51c4-4454-97d6-8bc32a19bf80,cautious,0.10609258938838376,0.09155245588638541,0.06009692462934014,202.69046968820317,0.960139754760198,0.04504074657834199,33.0,9,24.457871902701623,0.03834507820402066,9
393c9792-a2f3-47a4-9fa9-7c6a511f63b1,cautious,0.01675870439482374,0.06597295971204925,0.07405658198967756,24.569226119900506,0.944218365731514,0.3207541662244126,14.0,6,43.47746924851384,0.002839968217239851,8
8e45e5dc-f2dc-432e-b8d8-48d993190a33,negligent,0.795435423154387,0.6359875423117552,0.7772350400438228,165.92550039247106,0.08005449610310345,0.4317589806379856,22.0,10,22.16182736182956,0.7540194883309156,23
0cac6020-2a6c-423e-b7b3-0a906f5b697a,cautious,0.1732485306142393,0.045017174518292125,0.1958543173641423,45.39063098231324,0.9800670360310285,0.09102391318564472,51.0,5,24.42102450102119,0.010756218050727937,17
8a80d652-3797-4be1-a38f-73a619577829,negligent,1.0,0.7638953198715697,0.9349277032811936,160.66071450977202,0.11522832123388692,0.7023597384331813,82.0,9,19.90259728994468,0.6938210111745062,21
6accb297-8e16-40a8-b4c7-e00e2863a6f7,cautious,0.12582945649180904,0.08200157740162513,0.023319931045038773,243.85296832129373,0.7445580097781967,0.3066712811011618,67.0,7,32.20312186607365,0.0513911217610097,13
3ec7aa21-8f99-4cd5-a873-a90748f4acf4,negligent,0.8824406934363097,0.700959493355563,0.9565238325195066,177.95977212880388,0.2014964296724998,0.6786940948258856,86.0,21,35.50366500248973,0.8746470970695728,22
28cac564-f019-4d4b-b5ee-fbdd9ab75c50,impulsive,0.7173367826046287,0.1625867410705908,0.8738343934086891,198.27598362448362,0.12315754130473544,0.6017402858213958,79.0,6,12.245729057117378,0.22471231196067615,2
afab2e29-f3c9-4b70-8394-ed01da305da7,negligent,0.9316192976389117,0.8542727621053514,0.5568761497346693,176.8599831584924,0.035958438787624857,0.4282290595955251,191.0,14,12.963253348858675,0.9169448909469783,20
a68e317d-7081-4a4d-9a2f-4d3b98885a35,cautious,0.027225541445524512,0.3239183790571819,0.08669510106872033,100.33537699986972,0.8412203207909583,0.09623832840183862,52.0,2,23.45185832649299,0.10503126289590191,10
6a859cb1-35f4-49aa-8a6b-f4085826a4bd,impulsive,0.6845377140362007,0.14356508449480782,0.6427336738747027,112.76509226938984,0.09215158723524938,0.035026046128910075,45.0,14,13.170247707401709,0.19370871040912463,3
5ffb62cd-7469-4e65-aca8-523e556979e1,impulsive,0.6686058221228783,0.46910924095972856,0.7088784790947523,195.02898483514218,0.04976229942312656,0.06256597383596485,105.0,15,13.227798297458808,0.5161222267532937,8
5e8c2eab-4c15-4cd5-bb96-f960c8e51124,impulsive,0.9015429842286177,0.11162267768595517,0.4123018302833138,140.79061187385003,0.2808282177291778,0.35185954850609913,60.0,3,14.347035371684242,0.20771376194296318,11
a2ee2435-9b35-4c0c-a9b8-1d774103305c,cautious,0.09096583620170524,0.09460872156071869,0.0647946028714465,18.388395896326553,0.9817487386869553,0.01022004304437872,61.0,9,19.282811868677037,0.10613979416656762,14
85cfed28-2ed8-47da-83a2-42b603c639ae,cautious,0.004740273975151255,0.07812122364599347,0.022974476649189314,3.8894443041198072,0.9923181403623942,0.049919687520413425,50.0,8,26.30473585975039,0.018949063282684208,12
6f182f6e-99ec-425d-9396-274e863cdfee,negligent,0.917411993149063,0.7606241799647975,0.8376026186616525,425.3307089673225,0.25115487779592993,0.504035037444239,83.0,11,37.90541562178875,0.6601626483649818,21
0b828980-367b-4cf3-acca-42881b695b23,cautious,0.18726998598531233,0.22221128703832824,0.09857193410880154,51.473597046313145,0.9349900961832024,0.016370583926990995,17.0,6,23.9037646762758,0.18895705301388763,16
2dccc394-ed09-4d81-895d-514fa36f8ce5,impulsive,0.32536455052193497,0.21746976178559452,0.5851532290882603,62.8087027743193,0.1848408930428804,0.1863166321224162,79.0,15,16.031625874244273,0.21359438855754737,19
b85f4e1c-58a3-406b-a4dc-791d00826dc3,impulsive,0.6394932665788157,0.0996167891224614,0.7451339292919076,127.0602777593414,0.09888359341484812,0.32813332477415114,66.0,9,11.062893683517355,0.27351987296852154,8
1c4a8485-6fee-4741-8df1-db9c1008ff48,cautious,0.11318748169649888,0.0,0.09519192900290495,58.856241849467814,0.9499324374406908,0.005840065964944276,77.0,5,34.750566818191466,0.1280383162382397,17
dfbabf26-26fd-4167-a21c-616e07f73e8b,impulsive,0.8533962489951228,0.11885180262258756,0.48632851810963157,183.00914138969173,0.05474776752153203,0.1787208666774216,119.0,8,8.594571668420944,0.6461150396753699,23
10890917-ab41-4275-82b4-baf5bbb34c59,negligent,0.8515571972746472,0.9210979026102947,0.8221709807258154,343.3447536055755,0.10657769732813914,0.6202229294802073,178.0,11,31.46826423961978,0.741861848046125,20
f5d3ffa5-deb6-43d3-bd99-fd444a79e56a,impulsive,0.3910958928517403,0.3766962514126971,0.8014823947216985,170.30412181396287,0.1894143377695524,0.1584371990327389,87.0,9,15.05081551090689,0.16741322206763687,9
69974a1b-188e-43dd-bfdc-718b17b106c0,impulsive,0.8612100330024839,0.3820382347452998,0.819892633384604,83.21163114555362,0.1593758865194868,0.16134222311158414,19.0,5,13.41855343690998,0.4068348179732023,17
36732663-a025-4c2a-bec6-a7819e58c724,impulsive,0.6136700325263955,0.03904883859103252,0.6339058095975223,156.47254933209035,0.4611045719778851,0.5511789042975829,69.0,14,3.832932944338447,0.30866958003214306,23
df38fd7e-2566-4d9f-81a7-9b3dd8a204e7,cautious,0.011802615786152701,0.0637314230187145,0.1046645235007192,146.03054943712266,0.8487638309357082,0.0,46.0,5,34.16025785556098,0.12814660172589645,14
df0ea734-acdd-41d1-9f83-6fc047ecd163,impulsive,0.38507250170676255,0.34793465580101285,0.651301956876082,134.47409500450445,0.03742002233403233,0.27032632955079783,98.0,4,20.42353315733085,0.12890282470590372,7
a7f4fbab-1efe-4547-a3ca-17692d5dcb56,cautious,0.05767069900934329,0.0,0.06882180125126025,52.50613750613567,1.0,0.11122400639042937,69.0,8,33.49390808965984,0.14683303023768754,11
cb4a4ae1-da20-4e77-86bf-4779f021864d,impulsive,0.8018601483946134,0.06898743061287546,0.5127697577276321,187.90609667931986,0.2483647059667335,0.3539872660132052,58.0,9,9.83786504439606,0.6229118849000325,0
9f7f4381-0988-494c-8128-7ef46f6a3e13,impulsive,0.7505834880832744,0.07981441562005612,0.4377293195377683,99.35615734427323,0.23680395748656405,0.26922165243297574,56.0,18,19.493067693804004,0.5276926433134648,0
7533d813-1f64-42e7-ad0d-df02a53e4ec8,cautious,0.040367347475276594,0.1226647920018173,0.02303065965417813,167.56202043400265,1.0,0.02500766556887063,31.0,7,19.23326054725551,0.1035225338415027,9
9de79a83-cc9a-4644-9a53-d7e0df8178d2,cautious,0.02744987730109642,0.08339766024283597,0.025849795624342323,32.37626421136361,1.0,0.007902068053975192,44.0,8,14.937668941241231,0.1853921745118784,12
92a71c27-1374-4e1a-a2e8-745cc3d73f8b,negligent,0.9912652344323117,0.945612800061671,0.7147126962997672,161.61636448762528,0.015353406802961187,0.5307239318759962,128.0,7,26.07242081744943,0.6658210649715023,23
6e909d53-28f2-455a-867b-2b26d4f24502,impulsive,0.7037464636687474,0.1852607259363655,0.40897632515634624,96.14402515257552,0.2750641501102557,0.4912134030246608,39.0,19,10.549758767454572,0.30748389478557203,6
4236c62b-d325-4992-8c8d-2c6849e0f010,cautious,0.017194715009347415,0.23280870916578805,0.14465697825762663,96.35173411886744,1.0,0.3362187434303877,66.0,2,15.023215733357185,0.22335869118270338,16
af7d6848-27c9-4eca-8adc-0bb9166d3a80,negligent,0.7669098911385781,0.8754391082750422,0.7153071351661842,77.1884409629917,0.026367770315773902,0.43982470042460664,26.0,15,59.50324077805265,0.9801897885088324,22
c4887d89-cfe7-413e-9b84-eede35f81092,cautious,0.237251118569878,0.014281797653742576,0.06353982318873358,237.35894768306602,0.9603002041890681,0.00798617738213102,46.0,8,31.894830880833766,0.016156140323071094,11
bb6ec8fe-e584-4f91-a866-c3232450cc3d,negligent,0.9058750468620966,0.8235543408102161,0.6788497020331311,206.74345168717906,0.07680951379512967,0.5415783391948861,180.0,26,25.865035369012734,0.7255805630879157,23
41d47d10-9d2a-4dd3-bacd-7f4edbf5a120,impulsive,0.8639189228685968,0.22276852418274742,0.5918008332375337,186.1848433598362,0.08142492063271861,0.5662887952094728,107.0,8,18.29667599159695,0.23544527211721392,7
c51e5271-682d-4d73-ae1d-5ec861ab5bfd,negligent,0.8895563054432697,0.9306035537810011,0.9040537581153648,569.3540389295599,0.10361108269652639,0.5070865851846751,144.0,8,29.697235841183588,0.9382587903549288,23
a27e05a6-a157-49e1-80a7-10e076227297,cautious,0.13541569670795175,0.014492187886591283,0.23891995460686127,59.392952743940995,0.9898832986268736,0.003345101421014667,12.0,5,16.013853180646457,0.012738229921394739,17
7eb5f7d6-42be-4c60-834a-11fa8c95d50b,cautious,0.08300316765116339,0.129581611727503,0.1756684781666768,61.592571822766494,0.8980960491058397,0.016020781558208026,31.0,1,30.840288107894047,0.031015268852611282,14
7f340729-0dca-4db9-96c4-720f486105f9,cautious,0.10265671449618831,0.15835235679443743,0.056128529988835815,66.41019320825193,0.9635141873426364,0.3012097437307659,31.0,6,11.591174768699396,0.008859118285935646,9
79523e6a-9d58-42be-9e02-a831355b4242,impulsive,0.7410781628027279,0.3347371252994134,0.6814767518903978,276.2958027612448,0.25587408005265855,0.3260623422107954,102.0,13,18.72432810682327,0.24417524815184577,19
c4819265-a4a8-4b2a-80f6-a5728b0fb8a2,impulsive,0.435354774793985,0.3261818161963247,0.5656874162967993,155.52924405083422,0.3239353160336108,0.06443775589584913,49.0,15,5.690822000400207,0.14311576478209942,12
4213b262-481a-40ec-9a09-477ae99a6229,negligent,1.0,0.9906958365452398,0.8385374679398897,657.384933547196,0.08605360397604346,0.5187928008675317,88.0,27,35.932914048125745,0.6174279102264557,23
fe1ed85b-73d5-408a-ae5d-7e5010f61592,cautious,0.012904117235845941,0.09192460405870741,0.09172546482110755,102.12939831374237,0.9365324890433773,0.09829467984811517,59.0,2,35.09141170182554,0.10352419929505745,9
88e31ada-4822-4f6a-953d-cdf8c767f161,negligent,0.9307688810810703,0.8415383312899846,0.8461523129193765,131.71166426463816,0.18589516396874117,0.6174402422372145,182.0,22,39.38856367451694,0.819569652167278,20
cb6d7000-4bd5-412f-9152-40d73bc3e0d0,negligent,0.9574393157801586,0.939243711176829,0.9660415383794585,209.5479488762001,0.09944293308671068,0.8058273377868694,22.0,19,33.32988696892168,0.9554269388871726,23
194e7d50-3f2d-4bd9-949d-7cbf502cc225,negligent,1.0,0.5776557137513003,0.800362686959852,406.87429344498764,0.0,0.7733174015817587,179.0,15,40.281535959739635,0.7956287033138714,21
62bf2c9b-0720-4d2f-8c21-83389123dcb2,cautious,0.24056152710870737,0.10198140289435526,0.08668853463506207,69.30622301943318,1.0,0.01828699277664975,37.0,6,37.28656957541649,0.21219544893366457,8
bd991875-be37-4fe9-a1f2-ca1fbafab6a9,cautious,0.03165330229098217,0.02107365816940336,0.08952420962321272,64.17014397843033,0.8629445461592682,0.22433577100142893,45.0,4,12.541360030066333,0.35490880130843255,13
93c1d9fb-b258-45fd-a4ff-425655380c3c,impulsive,0.6711179905293595,0.16533330874319813,0.7175825237714273,114.82895267457194,0.12357526817741578,0.5013575200792701,73.0,10,16.515487267904064,0.13085585061179372,7
5a22357e-f17e-4b98-8f85-c497ba3b7b22,cautious,0.09210485528970166,0.04639922832177666,0.03181039624747313,206.6294806232698,0.9014908384469934,0.23958692967061634,77.0,5,33.69193342143742,0.2415111354106978,13
5a60a99c-cc89-4071-960f-91130ae8e4a9,negligent,0.9813554727075375,0.7720833647213108,0.9078646689508425,163.35310012483257,0.10548889569083882,0.5497917093650715,133.0,21,41.56197489015363,0.8195037794463598,21
1ac7f92b-9b75-41ce-8124-e1d9828d7316,impulsive,0.8036991722756796,0.18966368960183283,0.7681971854641169,282.14376244495236,0.20323649072955083,0.22019096062590657,119.0,12,12.694743008421359,0.35861241690701856,17
5e6b2c3f-01a8-42c1-beeb-a9287d54eaf2,cautious,0.007950517662298252,0.08356171811319005,0.11559157208733803,195.08740983625194,0.8865077677664543,0.23465894245699487,36.0,9,35.429257315214116,0.25432446557199584,8
23290cb5-739d-4375-8010-dc330405b849,impulsive,0.859360795940172,0.3889001784118296,0.5467518253100884,91.09080889460438,0.23765603348570824,0.06303320011594352,111.0,18,8.513305245557175,0.18406989985560263,10
2c612f0d-fd51-4c2a-b5a6-97485d330d1e,impulsive,0.6883213613537915,0.5133600517965315,0.7749327718780799,132.5170895543444,0.12706908360739805,0.059867765169596875,46.0,9,6.034462009081162,0.4697578399627286,6
d7ada439-9e09-4825-be35-1e95c79adae6,cautious,0.27901682351733825,0.2148522868380378,0.04200113331925664,81.12207345689053,0.6771216321265312,0.06178681158948449,51.0,4,33.54367381388806,0.0920289984985996,10
92529ad5-c611-4316-b6ff-0b2618af0b28,cautious,0.005778413670731567,0.12747630248949163,0.0062278083161169916,125.88767489230983,0.8917466359319778,0.12406630908088345,71.0,4,24.27597161154051,0.009685439078512787,15
6688f028-dc20-496e-bb9c-bc6c131ae672,negligent,0.9651956859512727,0.5982988396503246,0.916185502192004,346.6946016441626,0.10174133871912908,0.19135454830960857,49.0,29,12.900143831115354,0.7524043561133695,20
2f1f3586-9e54-4d8a-9f6e-bcc6e6f0061b,cautious,0.2137510863512309,0.14896784773720015,0.15365473352311237,177.23691375970074,0.6277386574884458,0.022435258528140406,44.0,3,33.33870187922111,0.08155437908645902,8
6ef66ec0-9794-4e4b-a239-79b6cf5783f1,cautious,0.0,0.019260819310471796,0.20003174143513122,7.255078373331523,0.9496778641328244,0.11278634353485945,11.0,1,19.58389825090052,0.032190032335170135,13
0a390565-1aab-4e30-b94a-c28d704e13a3,impulsive,0.4748769734113237,0.2665795656296457,0.7240498416863115,175.3771361480879,0.0,0.452226141110686,48.0,17,10.992353249984259,0.5589525458468635,0
70855333-c5f4-41df-b7b8-95dc5752410e,negligent,0.8532937196924201,0.8377731888044098,0.7332004276225055,120.0918594847061,0.007910804323136776,0.6881536023583242,48.0,23,39.93776883784057,0.9150642837040305,20
be6bfefe-17d4-458f-adbc-b570f67c93c6,impulsive,0.5795177827981778,0.3716518462932392,0.7223574665848667,145.36844894822013,0.15145208242371686,0.21072674622988866,59.0,7,6.2046253711547905,0.6956267112873711,15
ae93130b-5356-4a11-a6c4-db22198ed5d1,negligent,0.8636224494399506,0.6125611222060904,0.8808685832504305,138.1588037357578,0.2834328859678877,0.6081124529042622,102.0,25,31.124942012136344,0.797573477422462,23
e8f17740-efe4-4b4d-814b-84b8fb7bfefd,cautious,0.05193044008375182,0.22058082489209782,0.05437853472230045,113.51178947649537,0.9794701706956944,0.014177811046683777,13.0,8,20.253576871021934,0.028575736731101583,8
f268af3f-f832-48ef-8afd-22457b7fb02b,cautious,0.0,0.06469099344242692,0.09372202567566595,134.58515639998552,0.9725496924703322,0.0,70.0,9,12.820086120707492,0.07333552250552246,8
f0b94658-20e4-490a-84b9-671c1bf448e3,cautious,0.03851771531872732,0.0,0.014817043636014179,152.04955532178792,0.9107379001767828,0.03004589580576135,38.0,9,30.780678488265643,0.1262991034361062,14
3b897470-e92b-4159-807d-a276f17c6e23,negligent,0.9449322612619174,0.6355902324352433,0.8661438957433499,109.67425548292792,0.12882728795461726,0.7288213421683689,42.0,19,38.72932637304211,0.8473148773817146,23
c3bae634-ccc5-4bfc-b8b9-b5697dde61bf,negligent,0.961213423477126,0.47474584411339144,0.6288734681265464,137.20330894394658,0.117432038107803,0.701282087671956,93.0,26,28.18022011526675,0.7661657743547651,20
3fb98d05-0792-47eb-ad21-49c004271b97,cautious,0.1460634213156593,0.1008613629928279,0.11576284317069395,60.34576655330819,0.900376786777462,0.0,28.0,4,25.466394541195122,0.06977827151888556,9
7d2d9d27-d678-4d3d-ac98-3c353e3aab98,cautious,0.06489060553981693,0.08983832988579848,0.22122553988055835,79.0079502745692,0.9645815893377137,0.2512752501699161,54.0,3,32.07359693531541,0.07270380186879608,12
11209405-c9d1-46cd-a833-c9e05988ca18,cautious,0.16801965581891026,0.014524697877084918,0.0,93.15038642634318,0.754407272736144,0.24618693089037313,75.0,1,28.619881778095706,0.07932205937107517,9
1b1a0c52-b100-429c-af5f-f21ac44b0b90,negligent,0.7193068243929769,0.9528076077785969,1.0,81.5725503741634,0.13348538413710603,0.7353593607480712,93.0,14,20.201843717473967,0.6912554368048827,21
6a24d772-8d60-4de0-a47d-7edf1ab972de,impulsive,0.6453679705206814,0.2559616961939015,0.9289838965198296,189.25710998050351,0.16051484373077587,0.6013732926156277,84.0,12,2.0,0.3235537511773385,16
53aecbcc-18a0-46d8-a435-d1a41422a1da,cautious,0.20690237113683915,0.05388936270817761,0.11676303222970666,37.086310723666465,0.9271724476621059,0.22425756316619877,70.0,8,24.534427897761493,0.06913938967293523,14
3e155b30-2944-4f88-9b9b-155c7fce1b97,negligent,0.7264793196002417,0.8201017448047669,0.8634097255797049,66.59667195586837,0.3230400281169092,0.5409864573410796,144.0,20,46.03471914436354,0.9661511549808857,20
89d6c1b6-4240-4d44-9175-d8867231f2a3,impulsive,0.44197670048226695,0.5009349791706555,0.6008519362676015,165.01674882049696,0.3615549377413786,0.23938558323899078,28.0,6,18.429317717482846,0.3762048228940236,3
4220589c-80b1-42e7-a175-36bdbcb426c6,impulsive,0.7358672277315415,0.0707000943075129,0.831950426849544,199.74752388325192,0.1290594540007556,0.29265667704309406,72.0,19,7.66702731437703,0.4479230109841689,3
f3088806-c62c-437f-bea5-4fc84b1b45cc,impulsive,0.5556547809076389,0.2445823639536317,0.7965694877999254,157.51673053892387,0.1842719618697768,0.42660154125066657,24.0,5,15.721700923646114,0.47177175487545453,5
4120e04f-b365-4f5d-a10c-37443dfc5853,cautious,0.0933572932508504,0.20982014520642717,0.04858967791429639,120.72072591321061,0.7732925100913075,0.42323067742102716,37.0,1,27.18268448675257,0.2479615814217453,9
bd708a21-f2ef-498b-aa0f-9e12f9da8869,impulsive,0.6683286937443179,0.07644905219127025,0.6990689062388584,276.26057893187595,0.21163637080802117,0.5493285392178858,63.0,18,5.179897556665679,0.5614239456206709,4
28cd8636-f908-4f12-a379-a4389bdf0926,negligent,0.9558538129268448,0.8936518995001224,0.6980503281877126,222.79801684876696,0.009935198332909033,0.6036300532955761,179.0,20,41.13245223493536,0.7724955838981762,21
37970fa2-dd94-424e-9ccd-51ab1c32045d,impulsive,0.7468420636866053,0.11778824056779709,0.46098991415922513,207.68539806334337,0.3511601131420773,0.23690021658809138,111.0,6,21.06583037822424,0.37013817934547905,3
940d0402-2415-4e9d-a85f-deeaa1f44e77,impulsive,0.5201738476907706,0.5037499937805474,0.6548165552689025,298.00362917274873,0.09852680821717011,0.6495035686488128,66.0,8,23.717477875383764,0.46170195724573876,1
bf056a83-bf83-468e-b148-328253f6820e,impulsive,0.9075754293192976,0.3804633833606425,0.8012505096723884,96.85634104851617,0.16080524782406627,0.27716316201320035,97.0,5,14.917242531742353,0.19715751390888653,9
4a06ce3d-ae7a-4011-bfea-da67412099a7,cautious,0.0959563274063162,0.0,0.2265138778408522,68.23461518569141,0.8823503108131907,0.006451175373110072,64.0,9,38.16085564414715,0.0736524777357087,14
05f26f48-003a-40e7-a18e-ab9ae47abf0b,negligent,0.7151342304075666,0.8729800839467888,0.7887504300614333,312.60281565897117,0.05596850744145011,0.5514063118974306,64.0,12,38.13778552246629,0.9521318333269745,20
cb4dd8d3-f774-424b-87a0-e95665587f4e,negligent,0.8924042933255673,0.7925330977602595,0.8345786908586832,295.6475393704212,0.006993101345415607,0.6501149550061338,143.0,6,39.75368684169008,0.6333728618953198,23
83a09792-d3b8-4620-a9cc-76351e233630,negligent,0.9387896579501682,0.7952137202307936,0.8904207582918119,167.40026043180222,0.15009457099657997,0.4993688403012946,64.0,17,62.117453739879565,0.6491508732422974,20
07408238-7cf5-4131-a0ec-21679a6955bf,negligent,0.9502780849430559,0.8638971039251412,0.9419595283969909,155.2333848423311,0.17751597320433157,0.630633882602378,60.0,9,27.556831051523588,0.48405594531644247,22
377ad083-d51d-49a3-8f81-8f8e240ecb18,cautious,0.0,0.07276984387299354,0.006782089357749602,64.07354519301356,0.7772710329661161,0.030807745147246365,37.0,5,31.77097717786229,0.36014712960268747,13
c15dcf56-8607-485a-8bd3-a65cca849249,negligent,0.9683759734841484,0.9466979790002661,0.9287558321113843,33.65872732496637,0.0,0.5479475361364856,198.0,14,34.111147172416594,0.7349750567372726,22
8ad18152-d9bc-4636-b139-341da0ffaaec,cautious,0.06691440459619846,0.6378831533381103,0.0003438481571309479,65.30509229896373,1.0,0.02776151704416558,41.0,2,20.887095814850976,0.0391764869208348,17
7e509c83-70be-4712-a140-201e67730074,cautious,0.15825455441522626,0.11678812304310456,0.14935980816885364,53.52224399310822,0.8241261850928449,0.13829665660169993,18.0,8,20.789523810024164,0.030373134938462783,13
cb4b560b-d92a-4d01-823b-65a06173ba6e,impulsive,0.6526767852395621,0.10323074100730048,0.6856064116387819,205.6551747328071,0.23336500124039927,0.34247755201072927,89.0,14,12.582667028491551,0.31355470385237066,14
9f1e6913-0a0d-43f8-9e7b-6f5be1a1dcaf,cautious,0.04352628630812646,0.020927381826140994,0.032308772579931366,126.7440257162048,0.718641555122741,0.0,28.0,6,11.34761125953132,0.04811705372896822,10
a17e5b7c-a1bb-4c37-9c91-266118eeec84,negligent,1.0,0.7796185081260271,0.7104067607930808,230.1314830003147,0.05199658823965877,0.3525071270212984,35.0,17,31.22491650739835,0.8221044097080921,23
99a8ed7f-37a2-4c00-855b-8fd4eddf699e,cautious,0.2342500168998905,0.06519136263465035,0.14660916980024266,18.601361681496307,0.8573015664145535,0.3547353458208336,40.0,7,17.81000096601517,0.08262211355133252,10
556ec696-2229-4136-b0ca-bf451ba49803,negligent,0.9343284300312252,0.9215495277301681,0.9743759600713614,51.9255653184951,0.050991245663945695,0.6817118276688373,86.0,12,49.038151000397136,0.4988757786984923,22
0740895b-2f1a-4cdc-9f85-cb4f94338b25,cautious,0.02477242425842923,0.20150842570757313,0.01959660202043651,258.49831645103455,0.914915463292523,0.15772769527637706,56.0,6,37.216533529797516,0.004766878667066753,8
d526e98e-13bb-43ad-9357-83cd9293558d,cautious,0.10661711953118756,0.052824660902528985,0.0,8.479343397071728,0.8364827745023289,0.11834269247813477,45.0,8,22.34123259249362,0.028799787588948553,17
98bf2c4c-541b-49ab-aad0-811e31abd9d2,cautious,0.04937150377733907,0.10880952530370577,0.10715687217058739,21.517930997232057,0.9121851418954401,0.1550258474399562,20.0,5,25.39229691024764,0.13734449442494207,8
f1956691-c265-4e1b-b722-8a776391b05b,negligent,0.8331511365560691,0.9150688273884241,0.8096800769529886,183.93987483904345,0.1355209863699262,0.7119887738376137,172.0,6,20.97329343702083,0.5195962853331962,21
8b07f4a2-c7ea-4120-b617-6fc237d69d94,cautious,0.02673599081854086,0.2404234435017297,0.07699830170965863,24.734254731542592,0.9373405448867194,0.0,59.0,7,28.40013854490841,0.2842000648170804,10
aff4965e-499b-472a-811b-b9a1268e68af,cautious,0.06641099036956276,0.03604109863427799,0.10159002936018555,171.4118905407426,0.9257436353529788,0.032855811709394105,20.0,5,22.261608568598824,0.06335463044755352,10
4732edaa-d652-4f9d-baed-60f8bd39a759,negligent,0.9112390606341475,0.9933822500021292,0.7772373412294563,267.4657818588283,0.0,0.8931623159486425,37.0,5,35.252899312120256,0.7861892692398331,21
073d3d29-55f2-4a12-a56a-5d0743675056,cautious,0.015816988628785007,0.04466547214996008,0.019411762251719387,41.36140379753543,0.7688619841687463,0.0,61.0,6,18.680535409100983,0.3284160096572413,17
2990a355-9a4f-4c54-80e8-5f72aa03b844,cautious,0.0,0.009792443128937995,0.0015853813334334738,111.34445292542866,0.9623384509578278,0.3477079333058447,34.0,7,26.06268754300394,0.11952674637848769,10
5e7523a4-382a-4fb2-a67e-a864b02bf0b1,impulsive,0.6527761852230124,0.09755338496552889,0.5351833589906808,239.92357087373335,0.432395017041394,0.7643201348286822,60.0,12,12.709884988023198,0.3434164337685932,13
435e6187-6b79-49ac-8c91-585074e345f5,negligent,0.835719959730559,0.6843355552230428,0.6321002324108409,75.23047654122641,0.2900464385169051,0.568929944114478,129.0,5,36.48455713868054,0.754084330661959,20
baf1161e-f401-4765-9cd6-0ee88a2d9177,impulsive,0.8393984854075506,0.3819747189775009,0.4444553327890611,175.70059615439877,0.2705589955137766,0.2664283617965927,53.0,13,17.37907881326784,0.09588937845893374,4
46173d7c-82b3-419a-b9ef-89fad632c414,cautious,0.024309153437270317,0.1565922474119554,0.14756703384408704,189.55684909803986,0.8003174561976919,0.22166457412285032,28.0,6,25.464869293991878,0.05918122157781961,10
0cdff16e-4c69-4cde-878c-6ced889680fb,negligent,0.9180673480419567,0.8651290422420578,0.6148076579610594,189.90382289889618,0.0,0.6423480401471976,139.0,27,30.390627192618673,0.5831958212049435,22
1fb8fb50-8d9f-4204-b881-8a66d2dc884a,impulsive,0.6351892343790198,0.0679024964333847,0.493500437653441,153.0932614543887,0.29854836133947416,0.42653536054075153,27.0,11,22.124130991142227,0.6254699418104686,4
2fa5a6a5-2bb3-407a-b5a9-02e3ee4b239b,cautious,0.19673719309922647,0.14311365135521342,0.10372791241904203,90.18632806659559,0.9502993444925553,0.0,11.0,5,31.20011284625199,0.2449621279519793,17
bb469e05-c8eb-4b48-a441-a06766f34aa5,negligent,0.8908275538009945,0.8035656300773966,0.9925881465847985,148.85979418547495,0.1096072302687907,0.4560344479305538,104.0,20,58.88571298784723,0.7544524103311488,23
6da8734d-c7e2-46ba-b0bc-9a844fb16475,cautious,0.09632555134171755,0.04918923656019031,0.020866024277565662,37.6867836327327,0.9794323146192965,0.09714188120217003,15.0,4,32.641127095740586,0.1000086762716832,9
6fad9ed9-d8cd-4260-ad82-9d85a4446c83,negligent,0.974348611501464,0.9344164454458691,0.6291626463766954,192.4947615211288,0.02240015351673635,0.1382136988298394,43.0,6,59.25486055661575,0.8665496338949672,21
d004f5e7-e118-4703-ab00-4ba089d439b2,negligent,0.8415265807312884,0.869019011309079,0.9081414579332049,54.96590440180056,0.03671169548429648,0.5817952287710362,81.0,24,20.224510237931565,0.7872538455083563,20
76294871-e1d9-4c0d-8c73-8e3f6213f7d5,impulsive,0.9370175367478758,0.253409570557801,0.7896518177187305,151.42421494585574,0.030691726045938034,0.12153324189458725,82.0,5,15.76053286176349,0.10846502711352145,3
86b4604e-9eac-4de8-a0e6-361e2605a05a,cautious,0.0,0.08220051961226035,0.06488253561725715,94.11265050014921,0.9755682601248895,0.03677750799850125,78.0,7,37.93388293186552,0.023887313938356695,15
0ed6d74e-1568-4187-8d11-040fc4cbfe54,cautious,0.07851572795900495,0.035579091452305325,0.0,49.11488301824514,1.0,0.03965009735458009,32.0,5,31.63177952619111,0.08267986493616637,13
690a28bb-a41e-4eaf-af79-803c4fe00b00,impulsive,0.7645074003921016,0.11332605506071672,0.6270570480452107,153.8185228660821,0.20620943803640346,0.3193919081499807,67.0,17,10.282589920165696,0.5593867854916925,3
2a2329cf-fdf4-4d9a-8208-8b7e3e90a415,negligent,0.8975290851178542,0.6849082594393583,0.8424118214938736,338.7375822443949,0.0026509046569498963,0.709473222233186,22.0,25,23.52756486548707,0.7843131856109322,22
d1d27852-c7b5-477b-b42a-b4df926ded4e,cautious,0.3470354777689175,0.14450623950688943,0.06852513437208159,131.41885498746456,0.8654824695593808,0.4171578373376996,34.0,5,20.978728154446582,0.30837421992151715,16
feb5f5fc-8e9b-412e-b14b-31a3fa56138c,cautious,0.10574414027082497,0.10836428033025133,0.11347678208628359,96.00392537000054,0.9660630557312735,0.21378879304354415,60.0,8,28.8892291627684,0.3909493895105127,15
9364d0ee-8e3d-4f72-bfe0-d54f2db6dba6,negligent,0.8929106008253688,0.6022340935144772,0.7229473997409396,251.89529798724124,0.036777219694919906,0.6851909578160739,176.0,25,34.776937333611826,0.911117925973712,22
b4704733-0260-492a-8b84-47ba87579ba2,negligent,0.8796917678793482,0.8443124415439442,0.7911385661447113,172.80529476175838,0.08415766750304457,0.31646832643708356,84.0,24,35.47520932358942,0.8154511940845609,23
cc9a331a-9577-40e5-8408-ddf7e5ce404d,impulsive,0.651910633899431,0.49050606587928675,0.6229726786187783,300.25611209791305,0.2738093072486134,0.015847214707327507,39.0,6,15.713975027650106,0.276822571336045,16
bbf9597d-ea6c-42f4-a46e-d421077d2525,impulsive,0.730944888288221,0.3283817136808356,0.755791742569809,102.55454527673524,0.022442640652570817,0.4520965114101851,23.0,10,22.102514095935135,0.32414387478232776,2
91000538-48da-498d-bc19-10f2046f3307,cautious,0.05549519607286163,0.07371835496520426,0.015822621686141743,86.75990219527785,1.0,0.23829202867747012,18.0,3,31.76128639124951,0.07748048006890365,8
f45756a6-3a7f-44e7-8c5d-38a209d686ed,cautious,0.007653065327810984,0.0,0.09937088391074002,111.26065950791013,0.9102603294883439,0.0,62.0,8,29.727630616439104,0.3324840145579083,10
7bfdb3ea-9cac-42bf-aeeb-5a6c74ddc87b,cautious,0.09693907190753974,0.08273200933308886,0.3940525016960631,107.80239757126083,1.0,0.047268057616885975,24.0,4,32.82361425813059,0.18730019542862006,15
4413a69d-fcbd-4886-a4e4-efba02f48093,cautious,0.09555037687494781,0.33088931773007846,0.0,34.42491451147823,0.9836572041467249,0.0321914777626828,73.0,3,26.38382250815928,0.1713648861212738,16
f5999102-b80f-4510-a977-8915bde49fd0,cautious,0.08147865563529483,0.0760387306709135,0.018683544128907707,96.06314721082384,0.7969131910857775,0.10457375978210887,24.0,3,29.46015257802492,0.09449927518625027,11
28ba87c8-af32-433a-b404-cbbc6f76926d,cautious,0.06029223531056685,0.0,0.12473200594296549,40.41572822143569,0.9388985887334079,0.021235916362018138,32.0,3,26.151610343016387,0.057461093818543224,16
11507810-579c-43c4-adb2-8521a4ffd624,negligent,0.8378834352705511,0.8284052420271074,0.772627040598917,346.4939910530403,0.12018177036332195,0.6446503963061263,20.0,23,40.28315248445952,0.961322694723028,22
d7d0c3ab-c143-4deb-a652-762b7b9aa720,cautious,0.09001823783111344,0.012419431247629918,0.0,176.94628582124042,0.76391862898269,0.04931416435360191,39.0,9,34.533692287783595,0.19550485397092046,10
d1dbdcae-9ff0-41f1-a115-101279cc0b44,impulsive,0.7272383260431972,0.2043537475215967,0.45330115079352473,258.6384199535853,0.1088695489591509,0.17014908237709148,111.0,16,12.630407549350203,0.555417441949782,19
6f265396-b484-4ea5-b7dd-d1ead1edf291,cautious,0.04687286826479479,0.0,0.42765712012515356,126.10040756414018,1.0,0.0,30.0,9,22.812197375774822,0.060914864360377456,16
be806608-b7e7-48c4-ad91-5dd7b3020e16,negligent,0.7918770389987195,0.803411969509943,0.8775513652971733,480.50848433306624,0.02274454921647928,0.6598051602772435,31.0,11,26.877218755747762,0.7536162611038271,22
c7e5f94f-de50-401a-9723-9cfff1f93f8c,negligent,0.6957835094911524,0.8643692182754853,0.7331969512508665,273.3689533817247,0.0,0.7595327051406134,66.0,16,35.582983038046656,0.7407544533476748,20
16e2859a-9e78-463b-9d7b-b761119b56d2,cautious,0.05428898356067638,0.052913881864284674,0.025871535622169407,254.2514488867495,0.9596457994241234,0.01996992927388132,28.0,8,25.90888990179958,0.06398405320278497,8
73384dd8-aa19-4129-8806-709f13b2b0fc,negligent,1.0,0.9659477003344288,0.9174907023067617,465.7415041320303,0.1681826434193347,0.3828514616438241,26.0,25,41.843768787738654,0.8523213585557446,21
8bfcfe5a-0134-4921-91e4-3e9f8e1c4ed5,negligent,0.9973390384158027,0.8990852811904849,0.8587700001818753,330.1704926802985,0.14930094894534993,0.4363431221409603,172.0,27,28.301383923340158,0.9168224558480406,22
1ce1cc4a-bce1-427e-bc55-9ca36c695f88,negligent,0.9252146573329002,1.0,0.7748993707475132,176.4677721189293,0.027116828410719447,0.5569405279646095,117.0,13,24.587708309528477,0.8692651392559704,22
189aed01-c4a8-477f-a317-bce34d459b6c,cautious,0.07398757038623974,0.11083894520770969,0.06763559942305371,61.04679518653877,0.9146993695828635,0.04789768690702984,53.0,1,15.447066479842723,0.1240577570952246,17
5e1a4b31-ce84-43c6-b6c7-20efc20153ac,negligent,0.9035766352663875,0.7145450424271195,0.9060775041208543,310.1015954457006,0.05257414797189651,0.9096495992131166,125.0,24,41.00466414093349,0.8465465842195822,21
cf0736c9-0ad6-459a-9f3b-5e9a1d1129f5,negligent,0.9584149807534224,0.7473554456189131,0.5889391643982012,155.95159724698556,0.016730645053455204,0.3381568513230664,136.0,22,46.71530058854326,0.9173429193948152,20
8c92e351-907a-4a3f-9f93-50f213f9c547,impulsive,0.7581297603634289,0.24265883379414832,0.507485302947899,130.56581788553746,0.3598155248336221,0.5144210938584914,36.0,12,17.88999223406252,0.3524869687125753,8
b2f6794f-f6dd-4855-a204-70fb1af53879,impulsive,0.8608019371589926,0.19214495036595414,0.5937022153817495,214.4391047636668,0.08697821954775944,0.5188849370468174,41.0,12,19.212167312882123,0.11345201022236404,14
8d86fdc2-2d68-4ee4-b4d6-e61821edb07c,impulsive,0.6994528295187514,0.3185422711861245,0.5426400278326501,117.88827028081408,0.287527618891453,0.5005677365807165,29.0,3,14.985225140326978,0.31056248093584415,12
0a83e551-a63c-4a4d-9fef-44ae1f35cd67,cautious,0.2294890525997469,0.12904471203894688,0.08446691078059086,63.694691769722,0.9795565970728763,0.004833031998821159,13.0,9,30.13351978108674,0.16254160168798942,14
1939379d-925a-4c09-97d2-2ff8095b2204,negligent,0.8680801697693412,0.7329259136030889,0.6772886116977739,462.7991112992821,0.12807310856478954,0.4045294548273578,103.0,11,13.103835976000596,0.7074120975566115,20
2f004119-13b6-4eb5-96e5-ac5ba2092673,impulsive,0.7765340463401691,0.1226911722597416,0.5172097855304603,248.8194910690925,0.08000499754941257,0.09137504105464637,48.0,19,14.081416269778984,0.5735834902083018,6
b6af7e4d-1111-400c-8df4-cc74f228fc13,cautious,0.07025907599894356,0.21769526758162555,0.19709484145598707,64.77339168615558,0.8777964602518872,0.04076865669118439,21.0,6,30.48305151327328,0.024687764507599054,10
30c84107-36ad-4f04-b778-d821b45044ec,cautious,0.15701421373010624,0.0,0.3031076140941026,161.3037834699534,0.9569714742494352,0.030965802801515833,23.0,2,13.292674157038672,0.33182888512327513,10
b032be2c-ea87-47e8-aded-6bd3223a81be,impulsive,0.7634442769962991,0.15373146654380287,0.6449771765392652,181.88771745114084,0.2064536468179387,0.7381703666169431,37.0,4,14.504353718067524,0.29456511767292776,7
cda35089-5831-44d2-9551-f694d4b76c01,cautious,0.0,0.0033462216550197085,0.12284821267886371,19.42836048003465,1.0,0.14323426222309324,35.0,8,17.634080268466118,0.1915441377786801,9
071159c7-222d-4c41-979e-b382d7c5d86d,negligent,1.0,0.8930854215720858,0.8192156904205631,242.55887211795027,0.20928563446497542,0.695109506264036,86.0,14,47.94330639578267,0.8794592740040195,22
4f8c84ed-6b06-434a-8da7-2fca2c95019e,negligent,0.9092024003587903,0.8501362820458729,0.7404867510352744,392.70026543479247,0.09696104253930948,0.5344145715976404,132.0,23,39.90296435962636,0.6941531591882788,22
d2a84841-65a3-46fa-8152-5cacb217566a,negligent,0.9888358610943919,0.7292730790119712,0.914074083679093,146.56162037118438,0.03130084284286996,0.20436927348313658,185.0,9,50.34576568811046,0.84365714432222,22
4432b874-01b1-4228-a30f-38da5f400ab4,cautious,0.3936964189289756,0.0,0.18640874105827537,60.4340774246617,0.6125541006047126,0.127117261006371,58.0,2,11.336583772165685,0.04472056902334106,16
da61d419-f1cc-4765-8310-fe3aec7034f6,cautious,0.03576775284527099,0.10039272753454626,0.0738628779249472,86.40640825295702,0.8262773282731958,0.03510112751595591,48.0,1,25.306954376540123,0.14695065707455612,17
8064bb92-266f-486c-b941-916ce20059b6,cautious,0.22701745968722503,0.04269049980300662,0.05314517871528245,124.60711135396994,0.9786998801951472,0.09996407898040131,52.0,5,31.650970701562787,0.04619564996343639,11
2ed273c9-7ca5-4a3a-9ba3-1f23157a2fd5,impulsive,0.5678427835183396,0.4809004796389759,0.6910191687595998,148.13936694022829,0.0,0.5818556841756266,84.0,16,6.022317086215807,0.37132567266131294,17
b2687f03-62a2-455d-8bdd-f1fca2b9e508,impulsive,0.7669789912583674,0.46085102951432133,0.7265761543303487,190.10349602224932,0.33472287245299587,0.3869215839349186,95.0,16,10.83613806942228,0.322087008389432,8
ab27ad34-eac9-4e96-9a62-0cedd7be6829,negligent,0.9680846304736287,0.7041125215305397,0.778377542041576,78.3550583957311,0.19975386520609378,0.4517764935345601,163.0,12,26.230976274189278,0.3566667894925246,23
d956f1e1-ae29-42fc-bec5-d4e7dd9eadf4,cautious,0.08777438390663153,0.04028152167422112,0.03729331688493982,76.91483294303504,0.9795354277176153,0.09794806700643865,10.0,3,29.755490739382726,0.11230104175160394,14
bf5060fd-33a5-41db-a04a-8759107e1570,cautious,0.31872566402948077,0.10437236924889512,0.1279211728931273,69.54961861512045,0.9276446859507931,0.1443924591829954,68.0,5,46.31738927978233,0.06921180235867683,9
7ddf1323-5076-4084-a81a-b01ae48823e1,impulsive,0.880056144430447,0.21779548090841158,0.6142341325805915,77.98454200149818,0.013326962197776874,0.22359989088583768,51.0,7,13.216958900284318,0.29597522147514416,1
6b4c0189-689d-4c90-96e7-3b2782dc8bb3,cautious,0.1736122850841926,0.06936967991514449,0.0682998875775674,236.19641306907306,1.0,0.16318952932831354,27.0,3,38.05765777967383,0.08370979282486211,15
1f47cfc8-96d0-45df-a397-085d8bc69ca2,impulsive,0.8008404983531362,0.5153365945199013,0.5541816023319848,161.59439549209134,0.1658668666397752,0.21933900882210924,95.0,10,7.065385724980489,0.10776721356955575,4
8a20f60d-cec1-4e12-bfab-4c0b7b673f35,cautious,0.035760300309253326,0.21672273608790332,0.08280933452871223,24.207948739571027,0.9754543459627074,0.06229669575752277,76.0,9,21.827157091062755,0.013520152682001007,12
03f2be66-2620-47c1-9a0d-9017e2c5edb9,cautious,0.07082603416461071,0.05511487973155559,0.14025514947078946,73.32137214580979,0.9442293478448984,0.10172139609731125,73.0,2,45.98708276635945,0.03320174520750233,17
7850a12c-2924-470e-b6ea-738840062b21,impulsive,0.6726097493456455,0.19495899671871392,0.7738467999507025,255.36050116785293,0.3195665602309704,0.31290886118019073,45.0,11,6.905920922556265,0.43283578887226776,7
d6e5f1e3-fd36-47d5-9f0c-24b1a7916d70,negligent,0.9034455181069433,0.8966308714256116,0.8583641400971032,166.7092122369593,0.12486358076206872,0.7221010538121617,116.0,12,18.38899832224369,0.8828564530352306,22
8b7910cf-2968-4d8b-8f0a-c5c783ea5075,cautious,0.5341811870675647,0.2734746233993318,0.06392842997580747,202.01688888653356,0.8042160979329602,0.24882230693071938,53.0,3,22.980679638487317,0.06760799796646132,9
28b5933a-59c3-4cb4-999e-76745ea44e18,impulsive,0.5166919965397662,0.28295253606261606,0.5677978187748006,115.40507741058838,0.2504271606713007,0.46830891264264896,92.0,15,13.236549234444311,0.3811899442484871,20
1e66c596-fd74-4444-81dd-1ae93a7a98ae,impulsive,0.8402430447672027,0.395982475503477,0.8236834017833965,145.25722536173163,0.4291418443076436,0.4201641210222074,41.0,5,8.979480973365638,0.31704341611571896,10
720a77ee-1d26-42c8-af46-4b6cf7cfe5ab,cautious,0.03835677238560488,0.0828919759012189,0.019357677383413176,81.4870353163659,0.7097702539605054,0.0,64.0,9,22.236157285615164,0.01971949989257136,9
cda541a9-937f-4d5b-94aa-b8a151f8427f,cautious,0.027608212483100088,0.060156206917393526,0.028625379838579382,46.92303934354097,0.9725307712868141,0.28847961516319653,32.0,5,20.829394571344857,0.042969964611222475,10
51326c59-7457-4ff8-a61a-5354ed86cd56,negligent,0.7141976121994884,0.783839428993606,0.68105916829023,110.48837971001079,0.30605108319189944,0.3292289248476052,26.0,27,21.301693633287435,0.544591183816605,20
264739f3-5c61-4070-8845-e60b60d54a4e,impulsive,0.7875086204678645,0.23270628918496905,0.7736485052968503,148.81150284169883,0.2700753417699836,0.21597278455183513,112.0,18,6.758487725498962,0.5241609573576702,18
6e49629f-664b-4bcb-91e3-7f8e4a5047c5,cautious,0.05480645306002735,0.033860612696185476,0.07027294789243389,28.394911980515342,0.9766754526095208,0.06028265170189764,17.0,4,8.312634337057492,0.0036676410857928877,12
96b8827e-2c74-4429-ac4b-5399a12b3284,impulsive,0.5255410698967076,0.16390119142090115,0.7229326173051805,165.45832577277426,0.17951229345422215,0.19105501346844211,58.0,12,9.239584567729151,0.34726978486112137,4
7b68c088-e13f-407b-a42f-517ba1f03a62,cautious,0.19230018908011995,0.053525383749478156,0.09402762933603889,72.03843828703307,0.6070146777440332,0.2983386839211859,27.0,5,41.53955907067713,0.012357089090311583,10
990517ce-11bb-46bf-859e-34844b29e465,cautious,0.02866581768550782,0.18948614971881986,0.02213436392235033,115.53918136246497,0.7356502165238388,0.0769808269252737,49.0,2,21.162576470695356,0.04307446874186781,16
9c66a986-31e0-4217-8aaf-a19b3c35f0ba,cautious,0.0943290167610282,0.034643579619363214,0.0029200822429562186,107.82930133729478,0.9349373468023987,0.0781384505065112,36.0,5,5.0,0.004152156018061996,8
c530993b-9ccc-449d-a4a7-166a39e3f25c,negligent,0.950984994112504,0.9002146270961178,0.8204545908657418,193.39752739573663,0.09973894387865152,0.9477724610976859,70.0,5,62.25765233345609,0.7263108025133461,23
90d57931-dc36-4257-87c9-a697b74d6802,cautious,0.10060312662280002,0.0,0.11594535985648884,103.02681666800251,0.7356114595978988,0.0,28.0,3,41.791323835746255,0.12449682168043327,11
81114e81-09e5-471d-9060-7b327a19d647,cautious,0.05448117641710029,0.052482270798743014,0.06011612728988811,77.7068875187975,0.9249778762080189,0.13299630123871806,15.0,5,24.782047637255694,0.05446770875305954,15
4a7b1e1a-aae6-42b6-8a5e-48b2b3a71638,impulsive,0.5641383329499895,0.46635674158887247,0.5460487364065462,190.58419935430658,0.15335544909104543,0.3826320215559227,78.0,13,9.025971163550587,0.29215047425131524,15
949fcfe4-f0bd-4d3a-a0b4-428b40a7656f,cautious,0.07276645808119231,0.0,0.023404831427270078,199.12337092252034,0.9321834687664131,0.03248902860834147,18.0,6,19.72803391205328,0.2249852613772346,8
2ee79176-ba03-4fb6-9600-9c894ac5989c,impulsive,0.6695230558001215,0.2131780257721139,0.8572145730144963,136.8969923233721,0.3715273786832778,0.12083792101273043,64.0,10,17.057890338230116,0.09933175182542596,7
9156fea2-0b62-4f45-a70c-ee803bd92b25,negligent,0.8925131517330481,0.7724930754013861,0.6984782734966603,483.32949847058165,0.2185781627786786,0.7170658670526631,168.0,14,28.03452268080992,0.6847464248806642,20
46062418-25dd-43f9-89ce-bddcd79cd3ed,impulsive,0.8319612972285062,0.04483448348768435,0.6514091711547424,200.89010600983602,0.11366002426994479,0.20858325991474536,75.0,14,13.325312715144964,0.14039038259352565,22
b5ce2dd0-fda3-4206-ae4d-fe28eea45692,impulsive,0.7504731044304291,0.2586594187665992,0.47147009301415427,162.80509038192233,0.3261838571560139,0.28297489039613405,58.0,18,10.217282948724904,0.6339723337697357,0
39974d16-838e-41e6-9883-47965143c6a8,impulsive,0.6286627873872952,0.43672564649123147,0.6198090806426287,180.32859712982997,0.05662615490360505,0.48820389088191335,89.0,10,10.978626302164683,0.4779583669307159,7
d877d92f-6cb9-4dd9-b4bd-b16872829559,impulsive,0.6355250342671352,0.14811219886123575,0.6768558826017564,123.44889537716782,0.20223452006285111,0.3596123661556295,35.0,9,7.887374025737869,0.18967688392543475,14
1ee0b3ff-94ad-4d5f-8247-3f3e2cf149c3,cautious,0.0919299015898461,0.1691164666190431,0.04791956681445934,141.5002149417459,0.9692245173785273,0.09188920516765611,32.0,5,27.936017465971716,0.022121880120385178,13
90bf2e49-cafa-458c-a56d-5fbf49c25ef2,negligent,0.9521336186333258,0.8319049181413768,0.9446834030170274,289.7951346762684,0.12846068718032877,0.4630626707875912,29.0,12,31.678117679680092,0.888946019086226,20
b2541430-33d0-4180-9eda-d137682ac4be,impulsive,0.8972826737098452,0.24177352228135285,0.8531819755772722,99.99920049431589,0.06863030924517678,0.3916680083805186,30.0,6,21.459221500952868,0.6595045288168035,2
19868e05-0e5d-46a1-80b0-e36220ecaad5,cautious,0.07800550719590624,0.08197158210453831,0.05303971354071882,135.1168762684124,0.8741767233194655,0.11852108276138368,57.0,7,29.753045127316007,0.09383518281855026,15
d00ff102-c815-403d-a461-e2c9c411a647,negligent,0.7957753851181618,0.7691034649843658,0.9147539324648442,238.25083301043202,0.15073614366212232,0.45360878553147604,98.0,10,46.08204416198097,0.9246146463951087,22
286c4910-cd09-4740-88ec-15160a21f682,negligent,0.9289819247661059,0.6161357407735876,0.8158577186906449,315.93153830284825,0.04056268931808613,0.7219897177826321,75.0,19,45.8688337223803,0.8391050936666531,21
88c7cf95-3f77-497e-8805-615d2a78498c,impulsive,0.7427430857878798,0.3661984980668722,0.6334200606722237,279.7499168774768,0.32696949807069925,0.07896519418025402,112.0,3,12.181376880797266,0.18678924625550408,22
10cf5012-425e-4ed9-8281-046082d8e9fd,impulsive,0.7023699895348705,0.35740782628868756,0.7274898403860075,131.01225700237802,0.4050716923584219,0.5710192677527925,84.0,18,20.09883099652035,0.3283867412598586,2
feaf120d-cd35-4553-9ab0-9f141798c93f,cautious,0.10250458138359893,0.007867206771718017,0.02016343315428913,13.371209831955678,0.9912131430020132,0.07027083589345241,54.0,1,27.145893562003398,0.14403834792353618,17
47948e6d-b634-4aaf-9c71-2e40ff86cf15,negligent,0.8142931386474879,0.6237335496849472,0.9156465328305385,320.8467504005404,0.007202742033941844,0.7679834001877331,91.0,22,47.43694214838895,0.5975096113183451,23
c086f04f-671b-48fa-a88e-e7763aadf7bd,cautious,0.03604720939469167,0.06617910926656723,0.1312082825623994,50.759984374542036,0.844712856791047,0.06187850952983154,73.0,3,16.457383421776676,0.344373021791729,8
1932502c-af04-4b73-bd55-e104ae6f10e2,cautious,0.0,0.08673269562962149,0.058777050392303645,130.70102411959385,0.9151856699439672,0.1869325651535774,16.0,6,28.50727508431409,0.08776800994249856,11
09b9abdc-eb4a-4a3d-94e4-1fdcdb684d63,impulsive,0.6509743914284446,0.2700114208270295,0.7098690694807961,90.69209856749106,0.14821602636859646,0.35418520630485795,69.0,12,12.083064631515793,0.4739180484128997,6
3bd94dcb-5f3d-4073-962b-4ba46fa13645,cautious,0.13661467281824058,0.008424199387464346,0.09265736692179673,127.26189440688583,0.8318728359911031,0.0,26.0,7,20.499859765740833,0.43354900607304303,12
e69cb4d3-74f2-462e-b37d-f897b8b0b17a,impulsive,0.5799458776148892,0.3015804013429163,0.4754336263003499,89.01745739623982,0.05682078286405341,0.20277960752810997,40.0,5,13.309194836323655,0.39663228976699805,19
36ff27b1-8abb-4ebc-90bc-7f7c8ae139ef,cautious,0.025916687064252954,0.04219385208625404,0.020652883926807614,95.85187980225435,0.9836509956629138,0.15489180222175214,18.0,2,18.22665559024577,0.01327219434439924,14
82ce5fd4-0b09-453d-ade5-3f0089820581,impulsive,0.7204738106662608,0.22683578805457832,0.7869465950490064,210.28181104992092,0.23257020905309578,0.28864790736259494,35.0,14,15.306739866813775,0.21898569657586303,12
5766e7d7-2ee9-461c-958c-42f5f28574d0,impulsive,0.5584414971587873,0.024764253228150568,0.6744138092069328,262.84802225697075,0.08078425978153186,0.4191715092954257,21.0,12,19.442356089279567,0.48997287206556717,18
183b4bb5-2fb4-4b0a-b763-d052e5d2dcfd,cautious,0.0587672190493448,0.04618846842911549,0.062437739712928,165.3644365711707,0.9744758939999729,0.13439069078646929,17.0,7,31.111599258457172,0.010519064440797657,14
c826c73d-da81-4073-90a7-d3f22e3b5a07,impulsive,0.7367185719730984,0.3926903068258859,0.5304444242227053,97.23590964766218,0.2530622200640379,0.2781065783579318,103.0,12,8.697205572167725,0.3352054739241391,12
a9577ade-ff66-478a-9474-3ce617438bf0,cautious,0.0,0.016980113004008517,0.2238204509235817,127.69521720926905,0.8639124561056781,0.12318714947216503,11.0,2,19.867964668198404,0.41118306251544934,13
c682040a-08d1-4357-acdb-d67e278ef2f1,impulsive,0.6367559599047956,0.43407334899551125,0.5839533153378198,120.25001390074834,0.25552360514736444,0.4454344671011814,102.0,19,18.736580369057084,0.11004577922667715,18
e6286030-15bc-4cef-9b28-9356291cadf3,cautious,0.1230519053417416,0.0248817683948458,0.023666394238695716,270.85923918036053,0.9970217544467542,0.14906563567564804,23.0,4,29.619328732693265,0.21718159258793568,13
fa0b8029-c0d4-4031-bd69-b60c3cb0e6b5,impulsive,0.6655711953005974,0.21483885046754372,0.9048269529483567,192.23664870555592,0.09071605397307278,0.4785870860378765,93.0,4,18.65822922713938,0.511723813936801,10
dc8e6653-eab2-40f6-a83e-9bcae7f3b595,negligent,0.9226332276937076,0.8418061637360122,1.0,196.3924771848172,0.23952776303240628,0.6478649954800019,24.0,21,15.931693813796276,0.7291295396096492,22
eb6ca4be-37c0-481d-acd6-92be1ef79bc8,negligent,0.7160099151797851,0.7589495137776613,0.7598293432715886,508.2967266911564,0.07615342261791644,0.5715058100076893,185.0,28,43.452269696231696,0.7305601332264845,22
433104c0-a13f-4d73-9ee0-a4451f55f491,cautious,0.13890326584671955,0.08732696340655687,0.04215434779168674,56.226121257362735,0.9666612802265747,0.2002120731924133,49.0,4,15.45964388997121,0.09649536782155861,9
dbed1bc0-4563-4343-b046-0ba4eb2a9700,negligent,0.9894770046992837,0.7793880413038545,0.815455449600346,82.23931341050061,0.02865906194433753,0.7405043417648877,95.0,17,54.43346362790791,0.7281083105945512,21
d28bd809-f7ed-478b-b4a8-f4f369c543c9,negligent,0.8641996458635685,0.8683426660606206,0.9951938027405596,240.40874505249184,0.05405573382625579,0.7924439104672253,76.0,9,28.72060059126477,0.7987830793446107,21
befdcca8-33ee-4de2-a825-d611617c7c40,cautious,0.25423010725717216,0.02464095959839237,0.3869072396510493,99.07340834887853,0.8761734404197391,0.0,55.0,9,21.583814448352676,0.17178778603164485,11
8aec8362-e288-4881-99e4-7822a8f5b8c3,cautious,0.12222126484697815,0.10981164561278287,0.10551252495238994,37.82289720212258,0.9612103129595719,0.03984193176234905,50.0,8,30.34537830543178,0.03325171125244289,17
3c99b89f-7db4-405d-927a-508e5a5d0a4e,cautious,0.1428564746083219,0.0117289129483025,0.05335066862182809,134.80341157395947,0.9444952022609056,0.08833509071107797,13.0,4,38.35882798886554,0.25544712437880984,10
6941250a-b755-4006-9018-e8ed176b01ce,cautious,0.10508799659909311,0.12892827807825588,0.07252014981344168,254.5878421261171,0.9098087426298518,0.0,41.0,4,13.68188787950614,0.11790274119220055,8
2d1adfc2-f0fb-43af-ac7d-de254fcd7a12,impulsive,0.6470625224097613,0.3607922798693809,0.9033279367417947,229.43605754414406,0.2000895716117876,0.25627011462788063,110.0,13,10.854011006182189,0.3406140095173446,3
22a0e7b0-dd72-4295-8e80-318a701a36e3,cautious,0.09313371594012707,0.0956353618377248,0.20744497814014579,189.6968961779307,0.9827808529120833,0.17607352843653576,27.0,3,39.12424062968538,0.0012636506050013724,17
adf863b9-f607-42da-a5bf-b365483e88c8,cautious,0.0,0.07273211814823873,0.035192790601856705,31.735741010995515,0.8306357483682357,0.2487854255438837,33.0,8,30.979793696257133,0.12329212798476563,14
36609f8f-79c7-477d-993c-e193d92826bb,cautious,0.0,0.08567174514536831,0.07834265041357086,246.05853701918164,1.0,0.2714727891200229,12.0,8,25.164943881379283,0.09953352185227493,16
1cd35a38-737e-4b4f-a04a-fe9252fc5a8c,impulsive,0.41717488386884904,0.3477983248692261,0.9322147252932883,156.2868311137409,0.11413543204245577,0.1673577752359723,90.0,6,10.443898106969947,0.340827943443169,6
9ad01408-bbb2-4f2a-aa1c-6ee87314517e,cautious,0.28207948015492446,0.01822135260772657,0.013611336651161605,46.71950980567777,0.7826466136319267,0.12420042556125449,11.0,9,23.521753874516154,0.1998481722675731,8
79f53d97-da9e-4512-b017-057e26c6c9d0,impulsive,0.5849336983803461,0.26224914007765293,0.5942631524545197,153.4755568674513,0.08408284167156646,0.434612772883584,100.0,8,14.880166492479157,0.34555364732064814,21
046f64ed-89c6-43df-ab41-7fabca0dbaa1,cautious,0.07662665037675932,0.1492364265994362,0.15986489739375698,254.54751331317337,0.991972726981387,0.10931215500512118,19.0,6,24.66783421366701,0.23693313902046242,9
22a06096-4f3c-4d6d-ad09-a3c0a230f00c,cautious,0.029405594368440514,0.09259817959948848,0.2122781650210721,98.86380345812474,0.9916523450414301,0.05454801941803079,60.0,9,9.322834182793686,0.17317868191815103,13
ed7d58aa-51c8-49f3-8ff9-45e18d51b035,impulsive,0.6700679663318339,0.2885501053373282,0.7426604143776206,191.2583525862057,0.454808222452152,0.2651256703590921,72.0,14,13.53173894105457,0.7701400604170666,4
373184ed-9c26-41d8-9d47-7a2cf6f18352,impulsive,0.6590283824451589,0.32726127361831026,0.6502450107635536,173.9701083162654,0.1267303484752985,0.19577867985466615,28.0,4,7.196137526707988,0.1596794581797541,4
472f198b-227d-493e-8780-48ffb9c212f8,negligent,0.9766274312515846,0.8873913766362412,0.921614121223834,41.268928008576076,0.051127808358681165,0.4926731140406163,126.0,21,29.156193384354612,0.8717437500574087,22
42c9b7e6-2e4e-44f0-bf85-677181e4e16c,cautious,0.20905980833154644,0.08190866734808351,0.11588779900394784,110.44451458292568,0.9602600211129033,0.013989558434164452,79.0,8,39.78575848640463,0.005843641214034649,12
51359b31-387c-4eeb-8eef-f7fcd127c53e,cautious,0.22596357343397946,0.11146091115542313,0.17545804677011353,32.631896112790805,0.9735341717940937,0.05119858326032645,31.0,3,27.14439572676465,0.28926317841921456,17
931f21e2-7743-4991-b8e1-bc11b7f07bb3,cautious,0.07419848964116192,0.06929394003210093,0.26130998513642684,209.28530302580643,0.887611240141021,0.025618795935120058,21.0,4,31.36617113893561,0.1875225285201312,15
9d5adcb5-4e82-4c80-be01-840ec2fb9802,cautious,0.07557331970998811,0.1943131146925116,0.10692832298058863,74.51944344885297,0.9398316591616955,0.08973466230536012,33.0,1,20.06834033495004,0.0536204063289284,15
945f6657-3fe3-41a0-be0a-b1b99d9d75c6,impulsive,0.45948147559566255,0.19179977102386817,0.6366966969098451,86.67776874767553,0.2692996813788324,0.30293879240509414,48.0,17,11.55160931886929,0.3289714495479895,3
1a5981ca-2dca-44e9-a519-67e23b059013,negligent,0.9480870196433373,0.9110433292009681,0.7334700910606128,322.91684020057573,0.16427226073447096,0.6764670800331262,55.0,20,38.31554020028134,0.6056268669595426,23
bd5eaffc-0206-49a9-a2f2-8495b55823a3,impulsive,0.449611702217072,0.26083826918320807,0.5528617652719768,115.26368247054835,0.0,0.11258349435628107,50.0,17,15.612184131961973,0.5618017120646274,0
8e33065b-13c5-4b47-813a-38be32dd99ed,cautious,0.04660575661151614,0.0628338731646993,0.04612550348435812,103.91250650094736,0.8880951671726826,0.06517576435315431,65.0,7,12.416259320756465,0.18207990872739663,10
78976d77-8b30-43de-bd0e-94362657df40,cautious,0.14722735916600505,0.05148555638211774,0.1111758344075243,51.47898835786226,0.913929834939514,0.0891632220276774,42.0,5,20.15831854828607,0.13320480049454786,12
bae606e2-8f1a-4079-9476-085072b10ba3,impulsive,0.6991165168073349,0.14191171426392332,0.44592518965871997,123.69758931224071,0.280541757352022,0.04906388922996333,49.0,6,19.293054203600455,0.2357118512379219,5
f849242c-a205-49ac-85be-0658684bc92b,impulsive,0.5216460458231356,0.16857911088740188,0.7693477241771355,144.6703250394712,0.002908441684102408,0.35431465624744296,97.0,14,10.109760356598203,0.5292150180599974,9
ab6a3dcb-352d-4384-a13e-d57837f26418,cautious,0.09668618458908024,0.1690756098872227,0.18558235272989052,130.74590558591873,0.9118912562442055,0.1965194163549156,48.0,8,29.885974974753886,0.15821867928907332,13
412ad58a-5232-4819-900d-851843f0a9b2,cautious,0.1726304699539244,0.2170955782522592,0.10001109385359364,133.48761336925517,0.8770677381141856,0.17608441226309757,28.0,4,22.492689990582996,0.09519744729653316,14
9325a909-05e6-4847-8896-5b5c545dbda7,impulsive,0.6158454770385018,0.4645502528758103,0.8158572588553729,138.19535888561933,0.22314316295452444,0.4541240657301915,52.0,4,13.878190326236846,0.54641359338085,13
9ca6fc5f-cb88-48c0-b963-efa842c603c7,cautious,0.0918527908761545,0.1554514327794218,0.02306410125967265,58.820562773247254,0.9575631159403875,0.04128779341019866,41.0,6,25.896596253262718,0.009983524473443459,9
aa8f1331-cdbf-4700-bdbf-17e90ae2d5a0,negligent,0.9723724221131964,0.7901423454528872,0.7218192333619493,216.27958476126184,0.0,0.5178133170042617,65.0,10,72.45171944847027,0.6970594416953986,23
7eecc8e0-a76a-4399-b203-2ed54ee21806,cautious,0.14536394971217648,0.17799114577844194,0.0,133.6388820452402,0.7771024189209866,0.0,45.0,2,23.615489334655162,0.2391473167960041,17
be4deeba-1d85-46de-9f46-7459b6f9f5a5,negligent,0.9125857105934905,0.8863045244959146,0.6633137186397592,140.83230509735742,0.0,0.2849380808751557,45.0,21,33.018020182064646,0.9464354862839097,21
be1bb57a-d091-4a3e-b932-bb580ef8583f,cautious,0.08500550225298961,0.08093661389322479,0.2736142072641623,75.47712813679036,0.9450895663034226,0.07277615996121108,64.0,6,31.926280896099012,0.26016148914348086,9
b543210a-9676-463d-b3f9-dd38ff15bca9,cautious,0.25724026189525384,0.017795817972020678,0.5038224628331086,142.90706520509252,0.970468632350065,0.143286607172571,10.0,1,31.064613855678587,0.38212587554670613,14
c5fa0bf3-ce40-4568-a7d4-e269399e459e,cautious,0.00022323890035816146,0.037988010602664386,0.0556232706705691,71.65620496509698,0.9512734300709634,0.15634524193332533,67.0,3,19.31940400841393,0.09726411761342355,16
27ee00ad-9704-4838-a1c2-e1cbaaf73e9d,impulsive,0.6431579029390423,0.32209556736692296,0.6002741662365354,92.48460543476823,0.15728908414166634,0.12211145870476511,31.0,5,19.882613318479475,0.13244417686266818,20
fbe6cccf-a197-43ba-ba31-18f43557318d,cautious,0.04026044184905084,0.17702307504202014,0.07728597314625538,59.771707065235134,0.7818535659056036,0.05542863126351438,23.0,1,32.698566867720395,0.006911373183900777,13
3e2dc756-5fdf-4537-958f-9cc3b2cd2154,negligent,0.927564622503309,0.9490222601906682,0.7979373355193053,521.6185439013595,0.08732705868867946,0.28498831489821236,141.0,23,13.832151983300637,0.7561453113079636,22
3ab804f1-4d39-4f9f-b11a-bdbce429566a,cautious,0.31283413516186326,0.0614431532805674,0.023159123799189215,125.75416649399051,0.9263472383122384,0.15376102746411074,48.0,7,21.826513690172007,0.06402974997349774,9
ce9eb00b-364d-40ee-bf8a-1c7a26a41bd4,negligent,0.745080020568355,0.8553908146417263,0.7690270447027449,138.77756501405423,0.012858579729086573,0.4216535854245908,48.0,29,10.752362730308164,0.5979642559468485,20
0b71e08d-b827-43e0-a73d-3fb7705e6d61,cautious,0.08726492383085593,0.038489573265462595,0.05062976218112076,112.30779769065518,0.864604994430677,0.05966621947792667,66.0,3,22.557912045187475,0.06475713925126193,16
5891ae6e-0340-44fe-a011-f0da60c00632,impulsive,0.8670020996925057,0.3102502490793143,0.6167756767332782,168.4219241330182,0.16226030111464307,0.3200110195316583,89.0,15,13.42542376402038,0.24905836510277404,0
7fb7128d-bcd1-4290-8d00-7381127395ae,impulsive,0.7752411870580899,0.27178746615147936,0.5566322311532825,215.19375459889758,0.1145198722252038,0.26276996818155346,116.0,18,11.179369670378884,0.2649357638205093,21
8c36158b-efe5-4459-aef4-47855cb559eb,negligent,0.9400784422144058,0.8347461436984837,0.959619000793966,493.961960894853,0.11071369348831335,0.4552034701300163,37.0,23,40.34215992038319,0.8110280655924138,20
9623afe5-3898-44bf-81ab-232a360cde95,negligent,0.8197224112414684,0.8320312387505676,0.7670790378943098,488.2333850586349,0.05242424421123358,0.4071049849739159,66.0,22,50.916162410387784,0.8852535281645336,23
2204f7fd-fd21-423e-8efe-bfa4bd53ada0,impulsive,0.7841178107952326,0.19395236166631422,0.5600357215324615,116.76357381800068,0.26101754355132384,0.3190558183805945,69.0,14,15.783363095685282,0.39004872404476015,7
2067e1ef-3628-44d4-8249-b2a4765dfde3,cautious,0.05240573343208656,0.0,0.023303314994650114,256.79482355032377,0.8000313205388375,0.1622349399728198,68.0,7,23.307086307061784,0.06250540089705983,14
3ce5697f-6f37-4911-9028-852c2ea6f4fe,negligent,0.9848101060829192,0.8286333671698373,0.6969812810317402,83.84661899457771,0.04738179849729332,0.608222394060417,38.0,8,36.1651546435434,0.7609074372028738,23
2707bf6e-112d-455b-83b3-ca09c2a51b73,impulsive,0.4445038596868139,0.2113527163836058,0.813331249102323,157.57687042729552,0.23790329736281846,0.20895548262792474,98.0,13,11.976457040760565,0.5317023047104743,23
74087254-0d65-4b32-8cb3-1975fd44ff23,cautious,0.03071861466747281,0.12995638746026658,0.08525133765900547,29.824944381057676,1.0,0.1362716062112595,50.0,1,32.3049077503035,0.11992186301043435,13
9ed24b58-1746-4468-a64e-1e9c640cebcc,cautious,0.08685662351713669,0.26928253645758016,0.2094026833449187,236.83186538342912,0.8571604743161066,0.11292995763212069,72.0,6,24.29163276525486,0.20537606316315415,10
382c21c6-c103-404e-a64c-d5099cc38025,cautious,0.15031208015867237,0.0285980623468337,0.02827709368837019,80.93206015473918,0.5720319049941652,0.046815635071734696,74.0,5,25.930410680435735,0.3697013913888134,13
219be1a6-d17f-42e0-8f8b-13fd307ae07f,impulsive,0.27216216849214947,0.2781451263179089,0.7643155431121913,121.06963943118171,0.36587725808614396,0.29173159738620347,70.0,8,15.010073967067214,0.1904081929345593,11
511bfb88-d454-4e8c-ba4e-b2e3e6cbeed9,negligent,0.9307300845870412,0.8153236082470358,0.9835784000080319,355.4208457322508,0.31770239313399096,0.49414420876592147,38.0,5,30.043778256615507,0.837680928469353,22
955aa70b-f7f8-4ed1-a47f-195e6b313325,negligent,0.7964664557984465,1.0,0.949245835649933,455.62754360682663,0.017205935232413185,0.40304045067490296,165.0,12,25.45896234324674,0.889373233519119,22
bcb54f46-162f-481f-8625-a91351741eb9,impulsive,0.8026008282563794,0.06959962431724692,0.6089582498927435,244.2702086400995,0.17570469401969682,0.3610767490467683,101.0,3,4.110132516205611,0.2948161931304724,1
d80df049-10ea-4537-8edd-3600c9d5abb6,cautious,0.3160949941673348,0.07328182886927437,0.046599603241915734,15.051105636757041,0.87082377716729,0.007325736931149719,46.0,9,22.33192136633297,0.37562280032298806,12
4e0a02bb-c802-414d-a1e6-9a3f820cbd84,negligent,0.9329508043899446,0.9417956214071884,0.8743312260359387,230.26401715819236,0.06050461080332851,0.28389779027198203,116.0,26,42.942431921000505,0.6781059416349281,21
ab99836b-0117-4e76-a714-cada2b365ca7,impulsive,0.6869248422613357,0.1951181252308485,0.4586084625628156,88.57372893801383,0.06972714380118816,0.35416433035009975,44.0,11,20.545374790523958,0.5548188441937774,3
afa8b37c-57e9-4ca3-a8df-4a55dcd7afb4,negligent,0.9979624195009991,0.689736447829874,0.9148292205859264,263.16110173093335,0.09902912294685724,0.6471223505126382,35.0,25,31.028213756790787,0.7556227641571748,23
f7a4cb7d-5d32-4152-b094-798791c0d7d6,cautious,0.030969293149189767,0.036280061944029995,0.12599678170838896,420.1964062995927,0.7921570315330795,0.07472564450870126,48.0,3,23.373501906679518,0.12517960919956242,9
8f948c77-a1db-4be5-ba8d-d31761dcc846,negligent,0.8569579263214521,0.573855998187452,0.7454462774786333,102.50271705024761,0.12846183513174692,0.4146097379378403,176.0,9,55.46975121792534,0.9532540982100872,20
42fe8dd3-eae0-48e7-adfd-9198c6800863,cautious,0.051697615650388204,0.1705102004047085,0.03361150915278066,176.4432192535533,0.9363529363273362,0.4144341399431674,38.0,6,21.526198137715422,0.09029353238666536,17
afa466f9-882e-4a4a-a3f5-339f57fdf6aa,cautious,0.05721560673076969,0.11039635195510146,0.021367269346877403,94.37520078417604,0.9155374547870154,0.17024825880871117,24.0,5,32.010668498307055,0.13691855864871644,12
14e2d47a-c157-4ce9-b401-a03ef76d5d22,cautious,0.1828595996138209,0.0,0.21348789079251138,40.65572961011966,0.9490208417336105,0.017867253513912988,71.0,1,33.47399325462205,0.06392378761118354,17
873e4ef5-cd18-4eec-882f-73ebed74b907,cautious,0.2870417382002849,0.05180775851624739,0.1885781051857424,59.844898315479355,0.9483209253681741,0.0,59.0,9,31.13230142996768,0.08386244914276285,16
4dc93462-bea9-4bcf-84ea-c311985088c7,cautious,0.0,0.1595107410185742,0.04201838366506726,129.9349757793647,0.9798874813892261,0.17412492740777172,55.0,1,13.255316643439674,0.007633678844858227,14
3c43e0db-a26a-49d1-8eb1-62a0aa855f75,impulsive,0.7785826537245917,0.21483213251730815,0.7114211138269503,181.18626223839794,0.3032346484093695,0.24103790685924972,50.0,16,10.635830838249337,0.4965509228192877,12
156b275c-63e5-444a-a53a-9ca4c02718e4,impulsive,0.8087846757898568,0.3434718108251632,0.40896471666198747,196.21038215853372,0.2465185470067609,0.26507389876104315,103.0,9,14.69693782048189,0.27456852602931914,16
4ca8ae1b-6ca9-4996-a841-e3c4df7e453e,impulsive,0.697704355755485,0.09963473401863815,0.48774037077616844,155.93372176209297,0.4511904158474429,0.4389085892038611,25.0,3,6.9671463693239994,0.3444335503816983,7
962c3b11-2cfd-4acc-8b5d-1bc56ed19635,negligent,0.9459318983418904,0.8378601678840532,0.760098580992609,486.6414665743782,0.1275725008413269,0.8326136701323168,63.0,25,25.02524542998143,0.7911863717837859,23
9e42f0bb-b001-41a2-bda5-bba4f4d024b2,cautious,0.044088301688014586,0.06246671654800438,0.18632233572659868,73.02261545086002,0.9906738416805373,0.04292627803303138,77.0,4,26.376938773846636,0.15018444556261468,16
2b883141-7044-4cc5-9c3e-843da56d40e6,cautious,0.18780269015915255,0.010505794907727376,0.0,72.32819426401339,0.9871870030237551,0.034258964680590434,63.0,4,29.72212203842186,0.01867923360389782,13
ccce1f8c-a264-4f6b-8a44-d450a933b0d3,impulsive,0.9115238108075173,0.3290599151319207,0.5051344855773622,251.8766209720029,0.3230700566622831,0.3602050233904758,37.0,19,12.188933380984775,0.1861829218634678,14
32323252-7f16-4bab-9b7c-d1b6db9aba86,negligent,0.8082481066407253,0.8391975124415001,0.5891653126548183,237.18351096215292,0.0995983899216427,0.6612154860669321,178.0,19,32.30030040377103,0.7873655214535724,23
23addda9-8308-45c0-ae43-b4732b7f4f1b,negligent,0.9354581081364916,0.8738924433798054,0.823118182279,352.03450744267957,0.013271751188644487,0.6987395658167849,27.0,13,49.45297970918548,0.758610622574744,23
8185d489-fa93-46e2-bf05-648bbe75b64d,impulsive,0.6545663667578254,0.21915676645835486,0.6331357876751739,132.83920616941788,0.08748094481293757,0.3485997168889476,79.0,6,10.458397308148415,0.5292412788116299,13
d7313c82-97c2-4fb2-87fd-ed99ea021864,cautious,0.11419670237669112,0.2188789165253493,0.07442882249008932,68.22115883824256,0.8894568054145771,0.19392520709963337,58.0,8,17.48590204486517,0.032634314557563944,11
5d9beb56-4e98-445a-b5d8-20c8b9c2138f,negligent,0.9110616690183179,0.8188573142250185,0.7973433244593622,304.32998564193815,0.025510067476775374,0.565787211918286,47.0,18,52.967526327742576,0.7312208497755384,23
23e0a3f2-fd54-4223-98ea-530d7aca4c2f,cautious,0.04995106143881527,0.16182492372574767,0.0,71.13301751606615,0.7755335464624804,0.08984771355687925,69.0,9,29.54515658138772,0.03716767411587835,8
c505e5e2-339e-405c-a4c4-862763b0ade6,impulsive,0.4925064348547556,0.3574363707674854,0.6901799589093947,97.42096986302043,0.2101466577674708,0.5286205503917746,44.0,6,20.480018194417568,0.7219633418841861,12
7a0e432c-89fd-4fa2-acc5-e32731c69926,impulsive,0.801567623549106,0.05443361925290549,0.6222936863370029,109.34419432552818,0.06737000329414083,0.1954312543983441,18.0,13,9.438177210068158,0.5253984563166791,11
c1e2831d-c490-4483-b6e8-9b6aa9142668,impulsive,0.9201269957676979,0.21262701123733138,0.5087280800949262,103.66531778594535,0.3445019925231472,0.4105883149131595,23.0,3,11.343336701715405,0.3826567155613709,14
fa1f8866-064b-4267-9938-a039cc7576ff,impulsive,0.6008059706815863,0.3680400708761356,0.5974741035745454,122.50953387869333,0.05383897458115449,0.2495041685598849,94.0,10,6.69546850600887,0.38911104623737924,9
3d13ed92-d528-46e7-a061-78d0d2a6e691,impulsive,0.7844823639356642,0.3728458814435192,0.420378486201996,105.6764372420287,0.2422212473449556,0.2803422977456396,112.0,19,17.819583841355893,0.6398612393233185,20
c060afb2-a7a4-44fd-af3a-d18cffa1988e,cautious,0.044636568392743416,0.09182662770727613,0.17894378259314264,139.3454946760672,0.7841549001799508,0.10933879819810251,15.0,3,21.446325007392744,0.22821054991456163,16
61e194b3-6284-489c-a07c-f6d5a228ad6e,negligent,0.9693880504114041,0.7619455196411417,0.8662235475068555,468.27029914547245,0.08458986129456791,0.7630669184451826,99.0,26,26.489204678421842,0.7512326842470904,20
9e637057-7040-4dd0-9aa9-19f6857d76ed,negligent,0.9349162445295995,0.5356793710866693,0.822525431614177,261.61556076725736,0.2964806571880536,0.8230360298013981,136.0,18,50.7456665955341,0.5834526347002676,22
70a7a70a-83f4-411d-a85d-54d82a7c91df,negligent,0.8017268030311264,0.6127795699185994,0.8226423158393817,685.2239423196556,0.3136993030249976,0.5894020741769522,174.0,5,31.161517472233527,0.8180378735036109,21
cbb28208-9c24-4712-bddd-3d43b1c9fa59,cautious,0.05550252809332411,0.06402498696528744,0.3119822838445806,119.88098252271284,0.9157588844763237,0.039395494396253734,50.0,5,23.71395123273256,0.08834762018549455,8
e88a23d1-0d46-4647-a41c-3db33dbea556,cautious,0.1836137430632211,0.1044253817552584,0.059258150904215164,21.7116071488576,0.8253562473636812,0.020077518089728526,12.0,2,8.996073099398199,0.004067051956364429,15
e36e818e-92f7-4a3a-a8b8-60d30ed09bc4,cautious,0.07219053439099522,0.17762184005777062,0.0024089018314994034,104.41114804459401,0.9319997090776277,0.03994276843359032,24.0,8,23.154227669814258,0.4625847261302926,11
e580cb72-f08e-4d3e-9e7b-b7ba2b6880a5,impulsive,0.8932363954305177,0.40203160543899963,0.42315591376078326,131.1199302677176,0.3726472273748189,0.3061216801294784,100.0,18,12.407726648214076,0.21117973891505218,11
24346d7a-91e8-4018-840a-9363de6c7e68,cautious,0.07621146456368919,0.17217874485677295,0.04872209316981554,79.24896292160199,0.642457430369107,0.11566124473539702,24.0,4,21.40766446784692,0.06726546565166842,16
f79ab3f6-8cae-4fb9-8302-2815e6caa296,impulsive,0.7305683439472833,0.19705616018159414,0.5357957584680282,111.78234275023775,0.24716454011345176,0.31878606493590683,37.0,18,17.75896961501335,0.46904539604490164,18
c7afc7a4-a31e-45ab-a3a0-b5d5e87da004,negligent,0.8775730775842859,0.682018843235676,0.6078567916525729,111.45953741686884,0.03686669590630599,0.4362336100339809,150.0,14,38.1650768665269,0.5943721543964952,21
ab7bcb76-0aea-4267-add3-11343e7695bb,negligent,0.8776123650719901,0.7571927808404216,0.6772870305240991,173.47010455209386,0.09241633399505952,0.183844009580232,115.0,18,31.966697361378365,0.8034639750197345,20
2d931863-b3f5-44b6-a714-334608936452,cautious,0.2555159729397225,0.1237895341261378,0.004528109158622501,63.07773912815766,0.8729460512936146,0.10542337480626146,66.0,9,16.693616065038118,0.02310254430954107,17
16895a49-2efb-468f-b700-ce42bcce5008,negligent,0.8456825549683235,0.5086029735984113,0.6007211849166193,203.86405966851066,0.14887902006559894,0.7415285269620489,176.0,6,39.93601546271512,0.8702672331013748,21
5d5ac28e-e000-4059-9153-aacdff5622fe,cautious,0.16212616302476462,0.3358616643315367,0.1116910809062518,126.98641816857446,0.9505601123680358,0.19989533373848464,35.0,7,37.22937107962752,0.1085335183730445,14
d739cfe9-4ec5-4328-8f0a-bdb17f5d3c61,negligent,0.8578524904791169,0.8792547766700317,0.9049073652447505,307.1884077205306,0.14032290529126767,0.5151816560741822,101.0,6,36.50513706217818,0.7244425783619353,23
d9c8a0a8-7b14-4821-bf47-988376b6056c,impulsive,0.6088508317802027,0.07570975041834235,0.4555574634641616,195.46204520060712,0.23967714210017615,0.4389883357512953,118.0,4,9.041346192244369,0.2962735512447782,21
e89c4871-9c7f-4c06-957c-ee506755d5a7,cautious,0.07897854627066558,0.09002101822781815,0.16065434487041907,147.67353031165106,0.9329763853059063,0.018683493527416686,65.0,1,31.854574811549654,0.10091161874953443,15
a9c79c8d-1eaf-4a7b-8831-fe3320e4dcc6,cautious,0.029784936318378592,0.013095272145681392,0.09044061242362572,135.20383401668738,0.7876834225111045,0.21776195393171732,18.0,5,34.489458795775974,0.17278913426091627,9
1aabcbc4-2c7a-4db2-bfbd-8674d45e03fc,impulsive,0.6933172246166279,0.15136820100472004,0.5731061780291488,98.41270782605064,0.09599942202290511,0.6241979646048685,65.0,8,14.85647096208592,0.24319645800667297,15
915b24c0-2603-4799-a141-3c4bdf0eef0e,negligent,0.9207831440188279,0.7486343145437776,0.8822173044125652,264.34297745936095,0.0,0.7661530256606135,163.0,20,33.065639821914914,0.9379390482972899,23
dbfb8118-5fd4-4431-8f03-802c4a1d0cc2,impulsive,0.8991381333800195,0.2581438169047624,0.8124144982344491,120.9572885710166,0.28723325015467455,0.4327823595502244,95.0,3,16.970984599185783,0.29297079679791516,16
4a2cb88c-3cdd-4c36-aebe-a75eee60883f,impulsive,0.8434110060942407,0.044906991803967525,0.4357680850307892,116.1743521136014,0.2575408358649446,0.4791321388917855,90.0,6,19.194548947493963,0.4518332607664322,22
86101210-44e2-48b8-b695-caf958039e06,cautious,0.1003639204401735,0.3222944531512082,0.012296710590679535,63.88318158567628,0.874036213921875,0.2055451980966274,27.0,1,16.8593137509664,0.06776896754333388,13
03958a77-b8d1-4893-ba21-2195e5cb3a4d,impulsive,0.8738784944819801,0.28722567790407694,0.5603064959186252,142.75219581935215,0.2911680696870796,0.41725765409527676,60.0,8,15.552708689518827,0.48758253121243633,22
b4f2ec63-9729-48ae-97df-61547c16e7a0,impulsive,0.8495493377721578,0.13561258286725456,0.4646826904248106,100.0134989241362,0.2610046185106314,0.2564478113520115,107.0,6,16.946981825699755,0.3239849007483677,15
ecf6ae4d-3417-4e2b-845a-ac754cb731fb,impulsive,0.8613410833907498,0.304265711648586,0.5363044558938016,138.41345355975488,0.3003455259940538,0.5233173963249326,117.0,8,18.52062193163999,0.08522436140933257,14
ec6d2266-b9ad-4aeb-b797-e484c53bfaec,impulsive,0.7848344512210808,0.3145717141809505,0.6209979435581845,114.70055195127986,0.2732987728244427,0.35592053998004075,41.0,10,15.810580086492521,0.7072856694373746,2
4d5c8d0c-e237-4056-b277-6967f16f44d5,cautious,0.30272532076417263,0.22337440847581544,0.21722852854001906,140.81957115738172,0.8382460454213669,0.017223716088201113,11.0,9,23.88777503429131,0.05087860895842425,8
159485cc-a50f-4608-b008-09dbc67469bc,impulsive,0.5758460082269047,0.22863363000518458,0.8491710921847142,144.5885861441519,0.09434686140834875,0.20198380324353782,59.0,17,5.771658986219274,0.3086658931717455,8
2779eb8e-c83b-4336-95cb-626efa55c74a,cautious,0.0672059673085586,0.06640007709524386,0.37497972044411065,139.63626481536448,0.9397289332919999,0.12298193067885776,66.0,2,31.093114989110525,0.1283461432749029,9
8bbac4e4-085b-45db-b26a-8a15c7d51724,impulsive,0.9671633291394481,0.20880987338570384,0.8770743857891187,164.8251420936288,0.1800512279236362,0.41280929634159375,85.0,18,6.435729441958075,0.5262215796776513,5
ae863565-6475-4553-9753-149f9844e590,negligent,0.7686091093770323,0.7943784897632963,0.5715713126991588,202.13019115665847,0.08143885120883888,0.8161385141018074,163.0,14,36.3720335571399,0.898971584754234,22
60f3722e-648f-4a3c-b1ce-de5507836260,negligent,0.9417602641088187,0.8042989885336485,0.711493198409593,142.24374628164495,0.02091530949354668,0.6972056948189705,49.0,24,41.515847013658785,0.8787743752804739,22
44c9c436-23c3-4f30-93ea-8bedc06944c6,impulsive,0.4215290161183979,0.5102458350195507,0.7057149665511309,155.15943896794684,0.465177788447004,0.5743909366697468,111.0,14,9.285961080449505,0.3365103123297835,10
ea29b460-d025-4d0e-8b08-b37d168aa58f,negligent,0.9258924581111437,0.5865910334150763,0.6184054188387329,243.66079913602186,0.023273422662129197,0.629698483125127,139.0,26,20.047045486578497,0.8116951782807755,20
df304efa-559c-4778-a056-4429c839eea1,impulsive,0.7418287478466822,0.24681461995977577,0.41565332644266434,92.9310621965184,0.4809808959732033,0.28313298297738687,19.0,9,2.0,0.43220649430536223,23
4d13a170-32d6-476e-99dc-244500273d0a,cautious,0.12359342825646857,0.12592871278927356,0.025101107094517034,99.23795278678197,0.6725808772672348,0.22441987421684717,72.0,6,12.561214952397407,0.054796553948823865,16
fda814ca-25c2-4ea2-81ae-1bac3f8056c5,impulsive,0.8405603603738186,0.06753889163178901,0.7425112025492876,165.4802982382169,0.2486652179262837,0.30979239709877954,18.0,15,3.337913237367337,0.46126806834443723,7
cde46684-51c3-40a9-81a7-bd92c8b52c54,cautious,0.005048237683966918,0.16602635121482404,0.11332857838176996,66.26887368948363,0.5471766170872657,0.15684199177163727,71.0,8,36.389074850393385,0.058443850783572254,12
71539be6-390e-4718-aa26-23d0b6799c63,impulsive,0.6836687900204615,0.2738672165708518,0.5542975009144543,71.37912267944286,0.3518916376027608,0.31853015638971216,89.0,18,20.819911110856026,0.26356880694254436,16
ba231663-d7ed-4ef5-9676-307227a317ab,negligent,0.8419031877425341,0.9652806112137401,0.6211449683556317,341.47980511049514,0.100191765826503,0.6015502536913466,21.0,19,26.820026218023266,0.8287886651563166,23
db429d4e-43bc-4ab3-bec3-21512755dd0e,cautious,0.05199067307362292,0.0,0.23361695638603272,56.032407258842,0.8392640409167399,0.07197561104336016,64.0,5,28.99137612160117,0.1082409880519858,13
88127f28-6fd8-4e14-a0b2-b668f3475117,cautious,0.18354552009712508,0.044772157850441203,0.1013659293282929,90.06717527741958,0.8808041268065919,0.03394748521631768,16.0,5,32.38784285385898,0.11730399790502696,11
7c4934be-99ce-4777-9976-540aa0411a6b,negligent,0.9227426329917413,0.7844360159904047,0.8536784624240185,178.18780428480216,0.10768554911205605,0.5429631653280006,165.0,15,19.032323982776823,0.8448349977240859,23
6f91c8c7-e6f1-471d-bd3e-15888bb0954a,cautious,0.08279602224295443,0.0046766617128099885,0.0829372501050293,54.170945287919636,0.8781005216067361,0.10298618335195286,41.0,5,28.533370592768403,0.016553457243065766,10
7ec92e8b-2464-4f91-b003-461562444c36,negligent,0.8608811306315012,0.5085645482767385,0.9799192101194346,161.31642089367978,0.15511404793125877,0.5544170681364831,105.0,26,33.42642986493397,0.6268284746877828,22
bc3a29df-52bf-4e84-8779-0f4dfad532d6,impulsive,0.50424059978818,0.1449325136787937,0.5778052023390869,106.50410069604825,0.03227892113244073,0.45247436285853826,99.0,4,6.214358931030272,0.6840121995926477,9
51ac131e-b24e-471e-8c5c-bd0ee59f284a,negligent,1.0,0.7916080656109371,0.7536681308909509,267.350669877083,0.0,0.7596460998771635,81.0,23,31.80203082609051,0.6531386915378764,21
44839d3e-b566-490a-abe3-1ba7b3cdc20d,cautious,0.1857564750209308,0.051675396840124926,0.1782887746759349,15.438151865568162,0.9531274186093271,0.1179822532601105,19.0,5,24.314183937041772,0.04216511149561023,13
4dadfa75-0b8c-434e-a339-b0b8f05aa9ad,negligent,0.9456343987131741,0.6527255670146028,0.8606942598651638,415.64246259679624,0.046983294099427655,0.6038110273889405,134.0,17,21.26786963147179,0.8443508912297091,21
ae7e2274-a56b-4201-ac0a-2a70ce60e93d,negligent,0.8841569487745575,0.7314194641617233,0.7291532813752679,87.65603504262167,0.04109138246854444,0.5645306107947701,107.0,18,41.958455238944474,0.8539461014597861,20
7daaa4fa-4e51-428d-9397-01a99551590c,impulsive,0.663478980355902,0.08569973574702851,0.6506327721270192,210.59853320580672,0.21724326082589815,0.20028528492881256,93.0,4,6.667000765287723,0.6556332710214442,15
f429a6f0-1e8e-4cec-acee-0728a55541c9,impulsive,0.5582227003722303,0.09182962599777322,0.9300557780481148,234.89922011251667,0.42055158738787346,0.3761607602139347,103.0,13,20.352167437666935,0.3739541012169441,8
df2f529a-c996-44c0-87e9-619b4224fcac,impulsive,0.4999051311884964,0.17435557802656076,0.4835877569795411,69.0130908711839,0.33109664631943825,0.13855802657427507,113.0,6,15.150957735263397,0.6499090145395463,8
0f660c4c-bafc-4dcd-ac15-efc8d1108e04,cautious,0.04271957687800887,0.25336869279918806,0.13471445103593743,155.1788639155582,0.8775147595321309,0.0,59.0,8,38.56941510845438,0.16719105584051783,14
0eefef7f-e64b-4b6e-83d8-38a178f99b29,cautious,0.0768218830135969,0.012221453971165384,0.2792747383545288,64.78435581469768,0.8708841592094271,0.13184395882577865,68.0,9,23.663988957158782,0.08600680152765044,16
83286599-466c-4129-a38b-3adff94a24bf,impulsive,0.7150661010703989,0.27399469135460575,0.8919494404661666,208.8331587536447,0.14585694462660434,0.5335149347285143,78.0,15,21.42369547365613,0.42011166687591345,4
858530f2-65ef-4214-9f6c-73b44c0699e0,impulsive,0.5815780446296666,0.026790465321631193,0.4380991616734394,177.93501767882478,0.4492127239592686,0.26143473197207145,43.0,7,7.441328425523865,0.16460629387363088,17
2ece1446-b4f6-4fd1-9ca1-a46321840c4c,impulsive,0.9827454147728045,0.5505131128152068,0.9388317903847607,178.3852328536312,0.2516236831052862,0.2733892080725305,40.0,8,9.096105305554419,0.4037814404842901,15
8fe40b94-1fe6-4a93-9210-b174a1d155f6,impulsive,0.5747023808377243,0.4496661822041488,0.5210254726781202,79.31063410212684,0.15515359716525542,0.5058316667604419,116.0,15,9.074121522844338,0.4169997064166186,3
6471f965-6971-46a5-9d10-b40ab070a4bd,impulsive,0.4692995223139127,0.46427963596173866,0.4615245459338708,73.92362375372466,0.17474910924144807,0.1651100430684928,25.0,13,7.921618716728513,0.3265359805833515,20
67299ba1-a4e2-4b84-97f8-54166011bd6f,cautious,0.10502070658506593,0.2311062488247468,0.13110256953680063,63.08543857874498,0.9313856201192837,0.2825350091735884,27.0,9,33.301855194724496,0.22228626974168475,8
ae602849-e4db-42bc-883f-bc859caa6337,negligent,0.9232633058410171,0.913300593412487,0.8384741117062434,351.31920679367863,0.2647019254950823,0.5009315950713663,136.0,23,48.75231932443276,0.5337255017064526,23
547ddbf7-47cd-4ea5-9fa5-e348d16d0fbd,impulsive,0.6631048080922729,0.09648704735726746,0.7441984714913941,116.62870980056962,0.3994942379508198,0.3770517482083556,29.0,5,15.826042609325514,0.3206824445546718,17
934b20ed-24a2-493d-851c-8c67542f453b,cautious,0.06045662561586012,0.0,0.1865402886508246,60.99683205302513,1.0,0.0976280742091063,15.0,6,27.03872737689167,0.11829911579835581,10
e2c92bd6-3890-48c0-9aaf-b7c16b707868,impulsive,0.8803574482436097,0.32994029579706263,0.43288075871699677,262.85508854340867,0.4404636324065817,0.39023923205633965,48.0,18,14.427751157779383,0.5173639168634848,4
f7afa3d4-5000-47ad-9811-bd563e6782d9,impulsive,0.43973496049230704,0.504162896413086,0.5201709912651319,97.2095801068229,0.28436216918351215,0.047736565407057084,46.0,12,9.238592514067465,0.1846443907917781,11
a16f8fda-32ff-40dd-8e2b-1f82a5537521,negligent,0.9510565864036542,0.8689576803336528,0.6408698627848555,290.20255900494567,0.025813107058237517,0.6916430126077922,177.0,5,35.09422971671153,0.810475415612591,23
336c539f-dcd8-418a-a6d8-ad96d829262e,negligent,0.959888851869803,1.0,0.7982144211609659,267.28448547089755,0.26625988964246444,0.6973788583781394,64.0,10,25.33556489668785,0.7437182346803632,23
f226f672-91fc-4c01-963e-0330b0cf29ef,impulsive,0.7000233718197477,0.19194617685915016,0.42648610577840096,135.68284234140438,0.060235888370262225,0.4534632441772522,53.0,19,17.432980955330983,0.4683967935394243,22
bb7e989f-2d28-4ac9-8a76-aa8378bf3ff1,impulsive,0.8140828835451435,0.1946174692568859,0.607288141923884,102.62153606997467,0.10673590188891546,0.13656436960344193,51.0,9,8.740032954157876,0.38259062800075755,12
15ae3648-592d-4ed8-ba62-d005b4f92815,impulsive,0.47945849644889127,0.44205584530555275,0.7235921896416014,141.32299184797034,0.5088154864289793,0.3350217083881644,113.0,18,20.976499249871278,0.3029886926051934,1
4757549e-19c6-4292-9ef3-250e932d4a02,impulsive,0.34201096866874536,0.3638381166256116,0.785930101560405,234.5373496467787,0.3418856762918569,0.19808053927648966,75.0,16,14.790931682759311,0.4206245614460004,19
bceb98ff-4690-4d55-81d3-a86a83e22a82,negligent,0.77641568523319,0.754760292820905,0.576241871977977,494.2508880897066,0.134924313311679,0.5108254220925134,66.0,23,43.19036241039417,0.906902621607727,21
907b6741-4528-4d2e-985a-092eaba65d32,impulsive,0.8818763258909977,0.14905380840048332,0.5471959340828343,139.83787315591934,0.19116443639959613,0.2825647867659763,55.0,15,17.231409838397937,0.28980251666881857,9
a3c02ab4-e2ad-4d73-b7bc-96b08fdbdc52,cautious,0.017054220162832423,0.04078560565772856,0.08391940020964768,12.763872619066015,0.8677931451795846,0.0,35.0,1,22.97208835717124,0.11607216048945015,17
939a617a-48aa-4f73-9ea0-daf3e9c9a64a,cautious,0.02113579383336631,0.0,0.011768211305310418,65.33093262524106,1.0,0.053815857491886276,72.0,4,23.913604554289435,0.009389292829261296,16
d2d844bf-15cf-418d-8531-1753e31e27b7,negligent,0.993437003544272,0.498503976855625,0.9564760264794042,107.36702180795032,0.17761316673618743,0.5921994252021758,124.0,6,39.30967251421463,0.5862406078737158,23
204054fe-535a-4746-aa26-7cfa8974a22f,negligent,1.0,0.5063543473346382,0.75497642804128,428.06147144611407,0.24308934597238305,0.444183668924716,76.0,24,24.739825414884965,0.46362648664542466,22
d6b75563-050a-4aa2-8e15-67ca7a23e09c,impulsive,0.5570446065950916,0.1806582681726084,0.9443601722532273,200.38224004821694,0.09973864301813753,0.3363619794944602,118.0,7,17.727885121184734,0.42069062473754254,15
be149c18-472c-4d1c-9c7e-db52fb481755,impulsive,0.4976907659315719,0.24872767772794968,0.592042869016252,278.97670148236404,0.36276140031189735,0.09836538415669502,68.0,4,11.635934457872713,0.28011122572213326,18
edeec2bd-c7f3-42c9-949f-b7a8a8411725,cautious,0.04961284172561803,0.16264218252072438,0.1770902982465792,11.730263268193047,0.8877014926210274,0.0,57.0,4,24.88575151349714,0.21448069570090333,14
ad996680-18e9-48a7-ae02-a02574d319b5,impulsive,0.7420195398797356,0.2932240912149388,0.8138508519226906,221.42769488146857,0.11047033038804582,0.31015680896945985,80.0,18,22.777594500974885,0.35092723964060224,5
f5567308-a41d-4f81-83d6-b2b11f6c8068,cautious,0.0,0.047945032072391994,0.029401890807616834,136.92841527775187,0.8943628242712122,0.07092734703400438,40.0,8,31.890792176999657,0.09871936374550655,15
4b3caa8b-ae04-4bb5-922a-23a239560134,negligent,0.7946167486357033,0.8749134914827272,0.7321415259791633,190.48410873712106,0.0,0.6120587940550514,25.0,17,40.51967070538832,0.7495824221541502,20
8f71f2fb-a04e-4312-b817-5a367e8749c6,cautious,0.14891205902560878,0.007455385456067769,0.0,184.73614103826327,1.0,0.10084450463230488,38.0,5,36.82334759349146,0.06467584890541302,13
eec3ca69-154f-4b17-bc10-1a34fe26bfc2,impulsive,0.37367900221278544,0.16368884250131172,0.602904875987983,72.77519048537145,0.3752266237359124,0.44560700792497354,20.0,14,11.935007784845721,0.6630131747628465,13
5a8e520e-097b-456a-9f48-23c23cb2f0b0,cautious,0.07507099331074765,0.012878626827447271,0.2343404820598595,93.31269185671914,0.8059707756184611,0.024605093463564487,60.0,9,20.840244067763948,0.05591771118797761,15
1251fc2b-da86-442d-a6bf-d40f84db73f3,cautious,0.3333929574021666,0.10486081310288187,0.24708576922197206,63.32823238777983,0.9068655237619694,0.2463969082340687,67.0,1,12.814310646898784,0.19939855744626808,13
99a112ab-0061-4940-8c9f-35a32a2c1268,negligent,0.9155971183579759,0.6843418880695713,0.9053673699387013,464.3276232423395,0.33313274992082376,0.35563421076328255,23.0,7,39.452575645732,0.5891490178680999,21
2b881764-735d-477d-bb31-3c7db6294ac2,negligent,1.0,0.8992255269653497,0.6318835814819981,204.12193876353308,0.017726206924259386,0.7501004842026232,136.0,6,42.207624076039835,0.5552665838669694,22
14634e77-cb44-4ea6-aee2-0437285ec002,cautious,0.10714693046659717,0.0,0.11775573938828063,69.43838170425249,0.8240717347407447,0.13324789101461568,31.0,5,31.051344405363235,0.010096277887296055,15
84686d0b-3499-4e18-b433-e7f632b382b7,impulsive,0.69818813657569,0.22944565098109937,0.6664814951715796,120.81224439187116,0.296153989858846,0.4491138799549334,37.0,10,8.46490861096742,0.397211893912428,10
a077fee4-169b-48b4-9fd2-b515d9e4a3c1,negligent,0.8086104550656968,0.7295275351010099,0.9336889682403898,415.53942252437446,0.14793695665630302,0.5676817202639727,35.0,28,31.681560192503152,0.660539493776317,22
6f993ca4-6f6d-40f3-a213-10fe937f8534,cautious,0.10305665035107214,0.13104677404670123,0.07917115716474585,97.04559298046254,0.9309961926047644,0.11549040173405127,21.0,2,26.039137362344704,0.251317898521971,17
1c26d49c-8df1-4c7f-9e5e-3146aed78335,cautious,0.12330064207501433,0.056127002666971265,0.16668226729482796,26.03005213249733,0.9001356545675017,0.13996007841600064,72.0,9,27.25504046645362,0.054919090029784186,8
02b7622d-7f51-483f-a09b-8f38460eda76,negligent,0.6752093428339262,0.4874128725778031,0.8026355846938679,348.96839973135974,0.11170400160444378,0.31951329875366463,191.0,16,70.10028938529096,0.7287786077619629,23
708dad44-3ac3-40d9-84bf-d05ee9a788d6,negligent,1.0,0.980377480638816,0.9461513286935036,112.80391923754367,0.28911497197449876,0.6685537758632297,182.0,12,36.24686172743411,0.8721504403938092,22
653168b5-8aa3-4d8b-a33f-f8bb34287a31,negligent,0.9397539182296413,0.9827885083020228,0.9099008032957835,155.7455381818016,0.12771085598029552,0.5612833282086737,168.0,5,19.20203545130115,0.743783681720453,22
f5b0ec86-12ee-4f29-8107-6cad23066160,cautious,0.04233343690630587,0.19306545545315995,0.03650267603994086,30.363813483789126,0.987756884803848,0.05302838836639745,43.0,2,27.832285017683105,0.019050292795201797,13
67dbc048-4b02-4ac1-a7d0-c80c59f289f4,cautious,0.21277248079657446,0.10273025325585007,0.0266484104926674,192.05479115582952,0.9805654465419223,0.11733049838580119,69.0,6,17.894789640631107,0.19410902317853496,14
ec937eac-d3d8-46c6-a9ed-d81d8b9543f8,impulsive,0.7059685149621803,0.5176806024008305,0.5686584899330949,211.34068760801517,0.08128333796079837,0.32936267403424363,19.0,6,8.534926803573928,0.06140384247308252,5
d18a852f-bfc9-49b5-8922-550bf59b2cbc,impulsive,0.3025344085379377,0.16236240681551165,0.5711421350981161,238.94659623179035,0.12248012166557334,0.4000305265391265,42.0,15,14.411543203654512,0.19842298441750425,0
c0086a31-e7db-435b-aa88-9469f2273489,negligent,0.9128837655995067,0.7663311935033809,0.9293919065906904,198.09675969338252,0.2131195972337217,0.6041230783610358,109.0,16,45.53775260830736,0.8878889822864947,21
91c78106-61b5-4673-8123-e2b0f01695a7,impulsive,0.9089411047336275,0.2408307848182196,0.593708924972705,147.51063895467502,0.2247887395195782,0.21894907400923552,66.0,5,16.70239560436378,0.3550268742729173,23
ec17db7e-7cea-4cc8-bd75-e32b3a28de5e,impulsive,0.6395337570385198,0.25214081646778697,0.6419131060772643,179.66523231309864,0.26687514246041283,0.4139358912093793,92.0,4,10.15365144950345,0.5571454776464903,12
6b1860e6-e713-44fb-93e6-83f24e867625,impulsive,0.9393083115007115,0.3603663892527423,0.4692776214030632,228.0197611514694,0.298921104002942,0.19897283795245657,103.0,5,12.790756269154596,0.18853666191909427,23
cda2777a-6e1a-4e47-8962-d9aaed6b977d,negligent,0.8610346934142296,0.7407278973980429,0.8597289843995526,347.74727331198096,0.1346258569366169,0.720330126789945,129.0,24,28.08785564217321,0.9293755992058003,21
10987383-6b78-4591-a7ee-57e418b6575d,cautious,0.11614195614900077,0.05154274392924969,0.00507923262958182,54.35893898828492,0.9869288437469798,0.2640825692422619,78.0,1,28.81684662868121,0.06885134307686082,8
efe3eb00-6aad-431e-9043-a360f8e05991,impulsive,0.730704837731681,0.5319919821283451,0.575607038779661,223.7782373963497,0.19979676216476047,0.4224181355411889,111.0,10,8.850679414100671,0.2826389788751197,16
0e9db9cb-f635-4ff9-b41e-ea59e904c513,negligent,1.0,0.9709722222058592,0.6477526963228052,251.07819647845588,0.29275236830984347,0.4294106513357353,66.0,18,36.78806282216219,0.9811420224253614,21
ba14fa78-c914-4cb7-a5ea-0acbeb40a697,cautious,0.10456841152598631,0.05628075814369459,0.28743092457321334,115.22506574767222,1.0,0.3815435559908863,59.0,4,32.920479470499565,0.037771980733940176,12
636c5d8b-1d01-4107-8983-1c669e545107,cautious,0.0,0.1632138161249308,0.1369046966530753,163.87379686871787,1.0,0.3192671615854886,40.0,8,17.6580953468353,0.13519637046992106,15
a5f205c4-e752-4a6a-a8cd-a92dcc5545fe,cautious,0.23090013856290695,0.24608147716684672,0.02384320758535444,112.9478928008385,0.9762870918066342,0.040938837229594884,16.0,5,28.849080425350454,0.06391918709726907,13
16e48cba-c627-409b-9533-0cf7af001f8f,impulsive,0.7514866803960711,0.25616484400084255,0.5695595940861743,185.8072847022962,0.2517083842704137,0.639576083801838,24.0,16,11.784902071631658,0.6002263488811527,11
ed150e1b-7680-4dce-b319-e8bcaabdc0f1,impulsive,0.8814544785398092,0.4036293891411735,0.7490521321733201,115.92045187057737,0.2025520655899605,0.29142431146481,38.0,11,4.202009327318965,0.7043941543068017,0
2a22acb2-5ab2-4d78-8225-411d68d2b6af,cautious,0.004048186215789486,0.08578406897003102,0.33722508913166255,169.39886477904403,0.8494071985326347,0.05745518317108422,25.0,8,29.881737191023824,0.031059213004784682,11
f1a8d91e-f03a-4c05-9750-fc0157cba955,impulsive,0.8383098908946286,0.25642929392630986,0.4433752619171703,153.61170856117076,0.15895868849264824,0.1664893273474604,26.0,12,10.250663406532043,0.35364364498820483,10
3cc03b5c-7b4b-4d1b-b586-f4624de0c835,negligent,0.994604669020402,1.0,0.8378368422465657,108.49335885993864,0.15308259935072582,0.5083554684386536,120.0,27,17.964121467313994,0.6529421359087584,23
63271d39-f9b6-4495-98ac-6c08658e29ea,cautious,0.23122292271335934,0.08301440177799659,0.26102401019322125,11.347706974516028,0.75290131193823,0.021937977476019728,17.0,3,39.528302930903926,0.12318583040881742,17
bcc8395c-565d-4520-b362-ee24c808053d,negligent,0.9508608824005673,0.8992769274523874,0.886695094059699,92.94102904693293,0.02036801519932442,0.4176015164167183,100.0,20,42.5930759264791,0.7965246582817284,20
05d85f87-ff1e-42e2-a08e-6321a14204e2,cautious,0.0,0.06835910802423822,0.0,79.13822962562584,0.8547067896517585,0.09891185523739157,28.0,2,31.93778540554609,0.20012106410045336,16
a1f45fab-5d8a-4716-8cdb-d9d945ab303b,cautious,0.12332089070845945,0.07960526970148363,0.02582755400387094,92.41400464647405,0.9789755010927351,0.07770915680572305,63.0,6,25.229546881097974,0.03917688032021144,17
698ed109-294e-4b81-8688-d12c99fb5bd3,cautious,0.08867302251486753,0.1268822369517543,0.09672606668102746,320.66305732693803,0.7867264813189626,0.14373236446519252,74.0,8,34.443988494885815,0.10294314143443797,11
2a551269-3519-40e2-b192-d5007a08cf0a,negligent,0.9899377336548617,0.7583242884949261,0.9361204047986866,474.461342652958,0.02510396968787921,0.37331363074567997,126.0,13,36.29977668988734,0.3948523725315068,21
75db222a-5204-4e79-94f6-b0c9a60b5abe,impulsive,0.4152609490018346,0.4677460610544413,0.7206373591340377,124.67386050806851,0.10860858892363402,0.025903884827032042,27.0,12,6.8875640844583526,0.09333104711564708,19
054ba1e7-5510-4bc9-9d06-83a0bf2ee3b1,impulsive,0.7431031890721809,0.02146461416477649,0.7682363905956673,91.12848235078319,0.3608560634824493,0.6639965854088867,88.0,4,10.734503126007214,0.41819461481785564,11
aa2a166e-af30-4e8c-b06c-d5edf0680992,cautious,0.02366092210591123,0.018085417312347928,0.016852694781320735,56.27267588163682,1.0,0.06540890213504705,62.0,7,26.75534399901531,0.12232690449603174,9
d5a2c2d1-daaa-4dcf-b870-b386b26d2d8f,cautious,0.3271343538689001,0.048273003397407546,0.13026557831595295,214.3557245707177,0.9150532058134379,0.0959177543577575,43.0,2,23.229895265858357,0.336640031367569,11
87727a49-3abf-446f-99e9-5663dea952b0,impulsive,0.30104801010323107,0.11420868574504847,0.5661995297087958,294.2272933287526,0.24548316868965028,0.2578666036056003,50.0,6,11.107690486729474,0.40940592241208773,1
e7e0b534-f465-417f-a467-6510a6eeba3a,cautious,0.3520624867978512,0.023148258500993186,0.16888766721643506,226.5461232033613,0.6264855860720063,0.08972147167753368,69.0,6,31.386115957047252,0.11324831180509305,10
fae231c8-9509-4a43-943f-6622f7cc3eda,impulsive,0.394142454716588,0.1276388260557424,0.6863740065668616,90.51796267445425,0.41190673405727374,0.7089161596807712,52.0,7,16.42378512555839,0.3651377817250828,19
ab17d576-3566-4180-84f8-389cdf462c86,negligent,0.8876544645396546,0.8997892172354162,0.8469899420434266,160.66366977416385,0.2892467250389681,0.6670889259441214,114.0,5,25.00323123852145,0.7771495566013988,23
9801d232-d557-42a8-8cb9-f1271804ac74,impulsive,0.45806965924311416,0.4912057996093212,0.818907794597407,154.68960950961997,0.22593067620554338,0.3101016627292456,16.0,4,14.20327573325449,0.516933205318336,2
42b346ae-0e2d-4e7b-8a2b-5c94093af974,impulsive,0.6117346918471169,0.06304454235564966,0.861229919539896,208.47196840777727,0.2043414444562671,0.5369876464594825,104.0,6,15.964282576076823,0.2204129010954636,20
9bfe26ca-a0d1-4812-bb1b-8d35d61a10eb,cautious,0.3718723999301065,0.5040992087054424,0.01224391221924331,114.31290700436728,1.0,0.04499083495476158,38.0,3,16.439565420757262,0.025942946435812672,16
285f9e51-3b43-4ff2-9f2a-32d731442ed6,negligent,0.9257867218419872,0.9954322977271104,0.7210802243100065,220.6725875907738,0.059320417644739984,0.4662102298453324,91.0,25,32.66939163525169,0.72319393691702,20
58190fa5-139c-4f89-a737-f97a562b202f,negligent,0.9371820201715707,0.8845339765889663,0.8118013532502374,296.56333898130146,0.27797977035172283,0.38494109275194793,116.0,20,14.922907902320418,0.7160867303509866,23
8b7e2cfc-f08e-422a-b051-19bc6be299c5,negligent,0.7711724104041455,0.8183975225837801,0.8062034211278593,276.74961455890644,0.07346588601416049,0.6261153666066888,28.0,16,45.371102053341744,0.8734662514523328,20
545ba470-211e-4eef-b309-34b578acbe70,negligent,0.9806453364788338,0.8542085843812028,0.822313631584225,133.3946707826474,0.2616930474958795,0.6453422461978522,199.0,9,44.370685652588094,0.6537302548398315,20
d9356ddb-cbff-4633-b6dd-d2be8138e7fc,negligent,0.8273181290522864,0.9024751373978146,0.8331301453113968,380.7536747887393,0.20857751067951877,0.648925948889601,113.0,17,42.566901489422975,0.6865493870160797,22
8e765296-1c8c-4789-b914-e51b04103c81,impulsive,0.7695032997276257,0.018648994405856982,0.4177024123390093,181.9441108884787,0.15214612340915834,0.5066212474336778,48.0,4,11.147926498873819,0.45253500760527526,14
ce67d09e-a3e3-481e-8964-ab17368611b0,negligent,0.976723742424585,0.8892857017292406,0.5664030859366187,192.01860099508653,0.03555384225729775,0.5687954563037895,162.0,28,38.68016494003068,0.9666550948930183,21
f68c3827-1c83-44a8-aa61-ce591919ace8,cautious,0.2321374836863138,0.0579970493944582,0.042555842266952984,60.68824211428585,0.9797648764632965,0.06709660034169627,59.0,7,16.476635797723745,0.06045506005541002,8
ce67a0a4-74fd-454b-a8d5-d9b84c3afedb,cautious,0.0,0.00928328495406708,0.047750887427787415,44.826720537341515,0.9223750331378437,0.030745166088552947,33.0,8,7.4342575471344965,0.18891623044340206,8
d7365d54-e114-4560-b2fb-80a6d5ea3e79,cautious,0.2779572104321223,0.0,0.18783320103803425,57.1600899385318,0.8080746651239565,0.4513428191234022,24.0,9,21.31598304972582,0.25800723751712235,15
3542849a-4987-4e6b-a445-423edc3dd133,impulsive,0.6579202046705577,0.02907094261612779,0.5700224246599185,265.20316846680606,0.1705950528846785,0.43288481869040657,26.0,18,15.90347663760498,0.46791815400867826,8
f41163cb-ffed-4a54-a4d4-489026dc57d7,impulsive,0.46507852149911183,0.5006114062028684,0.6227946771221938,102.27457084635046,0.2827506139122428,0.19380436202144377,89.0,9,7.342771941769718,0.2947385308829577,3
2ee26a34-548d-421b-aa6b-00c4fa02d25e,negligent,0.9751444727295416,0.8692283161872141,0.9476844691034914,370.81356592021046,0.0,0.3751293356822032,139.0,15,45.62994895242923,0.8749994522334081,21
34ab821b-7fb0-4dcb-8281-a5bf83fead94,cautious,0.2029378506929507,0.29520307864298845,0.02192355819676073,18.268220944740772,0.9905601955524657,0.08338353989230435,43.0,5,21.59299701254585,0.01988289212770585,13
5b7a9ac6-2bbb-4535-821b-3dbf6b221901,impulsive,0.42187040600132397,0.16422292753609763,0.5559965711577536,115.76042132141578,0.23276878289445094,0.13241688064610854,79.0,15,12.89889488689342,0.3875034196781464,3
507d8ec0-8110-4e53-8b9e-fd244a33278f,cautious,0.05705804331965441,0.0909888587034764,0.16751729275364363,100.54541071987198,1.0,0.00883039728425506,78.0,2,36.38676058866331,0.03511738987888487,10
89dbc025-5fd3-431f-aa5b-22523ab74c17,cautious,0.12166608847914534,0.0711688449457958,0.007880517070101921,68.82286202644117,1.0,0.057230295804126294,39.0,4,27.430018481179115,0.06843483177413305,10
25dce1d6-3c42-46c5-a93b-2ce9e6dac59a,negligent,0.9741449594117524,0.4876465771684859,0.7243608611617955,125.19981175182724,0.11128150050456014,0.7563701014691513,63.0,15,16.23794880171125,0.8502731822274292,23
3ba95003-368c-40c7-b653-4b6e3f9d63c7,negligent,0.9634095798418801,0.863922985354886,0.6359397609224959,100.18626920827376,0.11965784519506278,0.6602592273338508,153.0,25,13.054070655922423,0.8657267134621628,21
9a5fad0c-958a-436c-8ee3-23d1cf4be580,cautious,0.07686936013813842,0.11393507711974875,0.03261743437483069,58.719653207774634,0.8194503460437517,0.09914261961930329,77.0,2,20.218754968553952,0.019501628247630985,15
27277fc1-d311-4ee6-ab08-7d4fed914d5e,negligent,0.9389893211077514,0.5644190134112992,0.7626109105929284,164.99733538031472,0.15478718208935133,0.6387894131893527,57.0,6,61.11039803342743,0.9478201820488672,22
7638dd57-3a20-42f2-8905-b2a7e5e63bf0,cautious,0.044796574755949316,0.31649977897307546,0.11669103446919894,153.20185145671456,0.9224890690387566,0.0564736974294381,25.0,4,26.43816154880231,0.16202974338536696,15
528e8de7-0124-444f-91bb-a0cafba3f884,negligent,0.9797864375116748,0.660858347847209,0.8904962901370461,218.0933599441965,0.09035910952504106,0.4962287635650044,185.0,28,42.89583361738866,0.5384862122709944,22
f45b97fa-2a29-4811-8c05-1677c7867bbd,cautious,0.13688448843087214,0.03993211129415847,0.3294444620326351,170.8034677356324,0.9328615766306235,0.013718811090039078,43.0,4,15.698226664754538,0.08839518304718716,12
72108b6e-554c-422f-8244-db1fc996d6ac,cautious,0.1868577041708088,0.0,0.2303310250937093,51.5471786237182,0.8720460968475129,0.23044943976737378,20.0,2,32.215048011690904,0.12409360673267916,11
df0d277e-01a4-48c8-9dda-0f4b9da3289b,cautious,0.11223991934243316,0.1806919293324109,0.03066995379947473,225.5588884239751,0.8858847783767935,0.10747790408678799,19.0,7,20.091475104417007,0.04185473659441757,12
02676c01-0bca-4a54-99b9-9de673ee4d74,cautious,0.17725779572688388,0.03512100719846516,0.4170272480749437,135.32185865796103,0.8571445775189656,0.07128478884735347,63.0,3,28.274066827019894,0.036649635770740714,8
85afcd19-63dc-45f3-9842-c457fafd168b,impulsive,0.8132232234195146,0.32174708989379824,0.720533847410105,115.0505252650243,0.4509944602882187,0.3116107808394535,59.0,3,10.07097876446083,0.28711412074338555,8
20ba0e69-2f6d-40e4-ad95-c60b0750176a,impulsive,0.7082305535744685,0.4685655523284596,0.6320068403249627,158.94156954760427,0.04027160305525665,0.12572771536297736,15.0,14,6.010275876970841,0.5752591144779722,3
44ca0157-0fb4-4f28-b2f7-5724beb64ed7,impulsive,0.43882742616173454,0.24358736724620286,0.8930494467337601,263.91043066462964,0.2835476648834168,0.36626572425410503,34.0,14,15.437767292477435,0.09925522385152076,11
44609651-719d-437c-994e-cfeb710fc16c,cautious,0.05226823913759678,0.14688098590321982,0.09932852987401107,34.853055004068416,0.9168683011686675,0.30050999427083663,56.0,6,18.119510017137237,0.2905575332688574,16
9c2bd7ea-9112-4a20-9a88-e6a50c786e6a,cautious,0.01966054390712311,0.019659570664382432,0.07732710521636565,90.50173708745928,0.8290169907349341,0.026966644215606905,52.0,1,34.57058662308573,0.0899693887247694,10
6427bdd6-84e2-4d87-b0a3-2d771dd7c230,cautious,0.068426757427934,0.07944214439294534,0.0,178.91890731689583,1.0,0.06449109088915175,24.0,7,22.22201725457155,0.004627641030559986,13
830de8ce-1217-439a-b02d-267d138707d0,negligent,0.8716944059308688,0.9253828478289573,0.8535411333485446,339.2295914844369,0.25574709907341314,0.24935728346404912,167.0,19,29.727033354928523,0.7221274606065339,23
972da3d5-0c42-4952-9e34-c31909cca704,cautious,0.05429469007601912,0.0,0.1309541171222616,136.61119971418236,0.9912876791635437,0.0,68.0,5,27.447183807018945,0.29767398374134607,11
60fbcce9-1b77-4b15-8ef0-27833005c32b,cautious,0.04597744663691696,0.11449392707250375,0.1297349093116558,33.76091494988392,0.9619495753579972,0.2005410164029583,54.0,8,21.820785459171844,0.13173247109106007,15
c9f4e79a-d8d1-409b-be82-f89d53a8dcc6,impulsive,0.6117205729269779,0.23367305233001068,0.8445148562377104,187.59112913098187,0.1439810117104273,0.6222182638835765,16.0,3,13.363100014276737,0.5569824779324064,21
5f2de3b1-6ae9-4338-9554-9e7ac8ed4dd0,cautious,0.13200981652243643,0.07054335711110797,0.20823355143829236,34.34998783353422,0.71107781919819,0.025968226595968064,21.0,6,20.37615237756609,0.08058248041650061,14
a9194e14-8bfd-472f-b242-5b9e3d475bca,negligent,0.7964503757730169,0.9006537753925561,0.8129700012843122,103.58838452686273,0.11810245626238813,0.631047851940501,149.0,19,61.79567283430309,0.6830656080642827,20
55fd700c-6a8a-4adc-bf86-e012bb874f5d,cautious,0.006788288678004537,0.0422746102602231,0.042148008655365755,104.91639357285555,0.940669368653824,0.034374760144448235,49.0,2,30.421462227353196,0.08362035949200208,15
e672f508-d729-4c32-bb66-7ed55b491549,negligent,0.8478929379866192,0.8489464126262012,0.5786563454832976,275.3714541259102,0.03501857912643089,0.7271192671026517,173.0,28,35.348746045068246,0.9101419228511758,20
bb919ea4-ed7b-4c79-b36b-01facee104a6,impulsive,0.8531123471449027,0.0,0.8795479053258621,239.49101775046526,0.410068645879415,0.3494658253524056,94.0,9,9.149609323631603,0.5240901987893767,0
d985ff41-ad62-48fb-a9a4-15a1158520cf,cautious,0.08406046967810751,0.06176268470660982,0.08900029821810457,33.57467442784402,0.5360907177739204,0.0,36.0,7,32.07778320926197,0.32701148533900315,13
1303d464-8495-4ddd-92cf-642497625c84,cautious,0.0,0.012685332660306057,0.07252688903682657,49.5564274934871,1.0,0.46607001490564853,65.0,3,24.023443740125895,0.14654898635473723,11
35a9d2c0-37c1-4337-8876-4ddb3ae903bd,impulsive,0.9737261707419483,0.5337724554322208,0.4735245405571815,52.092614540815916,0.20963629350867075,0.15047152912956252,119.0,10,15.717382974557214,0.7840862453610072,15
76c676c1-300b-4d0a-b717-f387938a7b30,cautious,0.1386581799101749,0.217447664473618,0.06898758354697775,232.56940972006123,0.9763123356907241,0.12995281376333592,52.0,1,31.912219263836484,0.09912096671955822,17
4549b1e6-5971-4140-8ac6-28d4e9853f3e,impulsive,0.6072563401916782,0.326578072380557,0.6807968317307659,253.15599475605413,0.3665869509865848,0.23558320223319235,115.0,6,13.037310146910604,0.5004950526555666,9
e19758aa-1af2-44fc-9d0f-6e8a46aafe1f,cautious,0.3093766026130009,0.1412321506597235,0.13533084637200216,201.8831978802819,0.8960567121468198,0.08456485801036787,20.0,4,30.971746351088914,0.0678506693323763,13
4f45bcdb-c425-4a4d-96a6-d7146eb3098a,impulsive,0.7715667955534754,0.23267545801326533,0.42057949680189677,204.02344050358414,0.44862176634043677,0.556778480298184,42.0,12,13.735393588512244,0.4403481621019055,15
bd1d209c-cb0c-4bb6-8c08-70a1ecebe507,cautious,0.13498497980231006,0.15062188217036215,0.05413728319074554,77.34119887385398,0.9507760751297039,0.027542943214194444,72.0,1,21.45493551518001,0.20179633827133797,11
6d153854-d285-4397-a892-46aa563a78e8,cautious,0.06336535922014293,0.3207332905065546,0.12236602358029702,34.9901414271624,0.9621777267281734,0.11377476503887553,13.0,7,37.78519283225342,0.17435251894083706,14
d6e1038c-3f18-4a64-a1c3-8316b6ef902a,impulsive,0.7019831804746318,0.2254808513831761,0.8326645255144997,90.63709120061473,0.4575728575036931,0.5834786415886101,93.0,8,5.443925036164462,0.6419826035443567,11
fa55a412-d86b-424f-8c33-b9badf866dea,cautious,0.3169673990525641,0.16511755901287112,0.06388030429144848,148.4552941833519,0.9117342904626133,0.3175573529510745,40.0,9,17.1139238773843,0.02153525927149136,17
7d103a19-5eb3-40ba-9cfe-c0a2bdb089d7,negligent,0.9789847952606129,0.78516888859501,0.8901184692277139,43.65277071470728,0.07141220758264592,0.5506631649287125,130.0,29,22.985461911162723,0.7175320712487466,21
e12303d5-2f92-423e-9016-e2abb5987d3c,impulsive,0.7402576891104586,0.07365647274812773,0.6313075944279196,126.39223934560951,0.42595858426472905,0.25364239200417016,87.0,8,13.563701677354137,0.33316546863851493,9
8ecf97c0-e76f-42c3-bc45-c4914773233a,cautious,0.025758225654156905,0.2876648489470819,0.1016184285560774,14.621248342660742,0.8649503582074746,0.42635925744280123,18.0,4,23.30682535398392,0.2679290210039462,12
24bfd2cd-f637-4db2-9b2a-a055aac4afab,cautious,0.09653760720717956,0.2245519214164967,0.07327162082853647,110.94646992457959,0.9776207095346595,0.11575495056184916,18.0,6,21.519247244755846,0.015547138422195702,14
bf4c4f63-d513-4c5d-843e-ca5db68018b3,cautious,0.4569381488888274,0.10629752239458956,0.0,134.41350947124795,0.8422504320181748,0.00380066576686576,40.0,7,29.434237136309914,0.009032121033673244,9
9b46b9dc-62e0-4088-8d81-cd4eb21bec4d,impulsive,0.5769008580127524,0.20158948451808417,0.9250316942469903,165.3122012223066,0.15152218898722422,0.07855513363250496,96.0,17,9.145255513404063,0.4899310559924968,16
de524c7e-f6aa-4343-a46d-6eff11aad011,cautious,0.287811988302267,0.05017662926421986,0.2556647276342912,40.0862510623667,0.8665786228403234,0.05562563896019815,45.0,7,36.09281964642002,0.10365743535143698,11
69071889-27a8-45f5-abfc-2d0c77facfcd,cautious,0.16698925554424826,0.11884686441504144,0.12008860810767528,103.70051775316014,0.8503236479787211,0.08500414770085547,20.0,2,39.80140511155771,0.06210806528417993,17
76ce9fad-5937-43ae-a8a2-6b73c67c1d6a,cautious,0.016533559918391214,0.1482515154738341,0.0,79.05505389361515,0.9347327901608966,0.23702557032975852,31.0,2,30.345240958483256,0.31495985022169154,9
4c6d41cc-131c-4d59-b5b2-8db192e3e5bc,cautious,0.08415123876446724,0.11816656087034881,0.02609736451971053,34.80547789929704,1.0,0.04784129290712149,48.0,4,31.557819881854364,0.1984434614341039,14
43be1999-1c45-4dd4-8e3e-01a81a374455,cautious,0.1760174041836687,0.012910081897641123,0.08853847139713114,195.34771995795896,0.8411533689788131,0.13940033611610597,12.0,7,11.007577093879062,0.19830241833381684,15
5411e8b5-e1d8-48c9-b9c0-1c45b3d2648e,cautious,0.11189974920088275,0.02395639113319181,0.06675106217281088,166.42783415484175,0.836263000294989,0.10243302295474453,58.0,5,26.493120163559812,0.18412632174847493,17
2a378b79-b73f-43a6-a3ca-c98a6d980bfc,impulsive,0.6898723415377005,0.17387717849910625,0.6382609719625953,163.12263818776205,0.1819444713270183,0.2597137079279589,65.0,4,11.333862336011508,0.3652495100616076,13
b6d39689-0dd1-490f-9b62-ece55cd49495,impulsive,0.6449177249113524,0.2259309183794843,0.8258381703178999,145.85740608052322,0.25852245649330785,0.42767672975694626,50.0,6,19.475762131124853,0.4387464315207,22
c042ed94-819e-45c2-87a6-a55cdfd97af4,impulsive,0.7800071351480407,0.1224014984330994,0.5850522243642193,91.42096443494923,0.2392727049601538,0.28879999029039105,94.0,16,22.722306187199997,0.4066498084058439,8
4f4aba97-1c2d-4254-8e7e-d8048d7f1068,impulsive,0.7022730588825237,0.4414370343375535,0.6841633336148537,179.44300652436516,0.10593818804332522,0.3311196283034815,88.0,12,5.928757640033683,0.5336216547225345,19
80ab6e06-0375-4b43-ab67-1a13716bcd94,negligent,0.6950434177887262,0.7308307316595685,0.9185449608533985,228.21171482741283,0.0,0.4865952558647605,38.0,10,27.374266557379975,0.8331525612277011,23
9f6f3b10-2277-482d-bee4-0e685dd90d4d,cautious,0.3146231341234463,0.061988769948772185,0.058280018780960466,198.01467858594884,0.8916721553462298,0.07855539667745887,46.0,9,22.86229384504064,0.031168426248555297,8
f4cdc395-180f-4ef0-b2ea-b18fff40ff0c,negligent,0.9842210779712249,0.611603777122508,0.8054166555329009,142.24523164498834,0.2794183605771502,0.6702197874163252,87.0,8,55.73470763664193,0.8598690300186385,23
a036029c-9aeb-4583-8bfb-a14096b5a5f5,cautious,0.0421219525731749,0.0,0.05615002283109867,40.80515109996707,0.9847016044547181,0.07862780091554698,51.0,4,24.5022647829152,0.016568626622945025,12
b90828a4-b353-4552-a1ea-2f571399872b,impulsive,0.5475009502557545,0.18168719240842807,0.6725939473067687,140.28501567231638,0.30568050375207884,0.2921846837060851,69.0,5,7.796350640585698,0.19678412504798673,1
e1d87bfa-9250-4204-be9a-3aa7fb085ca6,negligent,0.7876745004107097,0.8634995156446432,1.0,267.50683981655635,0.23743138935196223,0.5156186056687173,37.0,28,49.02486525471893,0.6624741860099157,23
e09a912f-1b9d-4076-9d20-4c4b341284ef,impulsive,0.7622771334642778,0.1730250158270001,0.7165980985981886,152.62654767791045,0.27576583510160146,0.2092600402497658,53.0,15,18.522226375534927,0.42945148391137045,10
70b00391-35fe-4d5f-a746-9d4226a0435a,impulsive,0.8833529967034903,0.22836092608631273,0.8634510015463165,145.86957411654998,0.1619751884198212,0.23490349019460002,76.0,8,14.734690503163637,0.2669177852437782,7
3be2417f-252e-4f8a-94be-4bb30cebde37,negligent,1.0,0.7450306894567097,0.9204611193333146,140.0013994272733,0.07534003792018326,0.7295374023226672,151.0,18,45.73807460759713,0.8096489306394292,20
29eb0b93-b585-4755-a610-22874fb7bb99,cautious,0.06619684662332177,0.011707237420071358,0.08495218076439129,65.34293520423343,0.9575538890729088,0.10232532889724466,46.0,3,22.637665519140995,0.11683574413434386,8
f6221c52-dcdf-4f8b-b1b3-91d896061c27,cautious,0.1453479659455116,0.0610376594251448,0.00945692301738794,188.73505360098335,1.0,0.036800274718982305,35.0,5,24.01678036494879,0.06657388196807175,11
6fb210ed-641b-46d4-92ae-a880a3d026d8,impulsive,0.3745093975571614,0.3456665948411967,0.45951257826697,160.29526322018924,0.14494627844364108,0.40713252060228544,63.0,10,7.317590235381366,0.3894939478272543,15
6fff153c-60ce-4046-b3fd-52ccb0df0e82,negligent,0.9934978960673467,0.6868675498920074,0.7394181568753168,234.37524331837147,0.046090115743147614,0.4184536489597412,75.0,20,17.92263414595751,0.8119016295683457,23
fbdcc0fd-7e6b-4dd8-b311-daf6050bd5e5,impulsive,0.5748260897239046,0.5232637574943746,0.6130779225624107,70.22530529691153,0.22677577999525447,0.1921034651817406,16.0,15,9.84957075624926,0.09709086385380387,6
5b612da1-0562-42f5-a75c-5bacb68a2274,negligent,1.0,0.6694253455528344,0.7216997236539372,150.45640334084206,0.10028111804275207,0.6035580486585289,173.0,5,40.32552667262625,0.943058041693988,20
0a383776-6736-43fd-b448-286825b399f2,impulsive,0.733106255072204,0.48014396882317933,0.4443822495677143,132.03220378564248,0.19850541608052805,0.29024000494871877,119.0,10,11.919766260244316,0.12594969556449248,9
5f9015ff-8315-4d46-879c-864bf2469476,cautious,0.04936929399604112,0.3494053998384439,0.07634330217007351,130.589019132272,0.9470434341778541,0.341717905929745,26.0,5,22.909788074793788,0.10110343090638851,14
afacf592-2fd6-4afb-8ae5-339bd5185e64,impulsive,0.7831031865320539,0.07874689541286631,0.44458658032926585,147.85979790605342,0.3489389151055915,0.2487827665040429,64.0,12,14.228304706196786,0.30435815965534924,21
4e02f9cb-6d25-4bbf-9442-4ade23262430,cautious,0.15474598241112175,0.0,0.06341080725321456,103.8795468459069,0.9556457722326607,0.0,20.0,8,5.0,0.12235850867891485,15
999ec56d-a0ad-4df5-a034-5c49366b0aa5,impulsive,0.7640937532923889,0.02905833184310156,0.4341931033921036,162.234835472737,0.22765838940765565,0.24316518484946342,107.0,16,18.235373758043128,0.5989328596270509,12
fd343933-2d96-4315-aafa-15beb5b9b9d3,impulsive,0.7745552543598544,0.10469763416907794,0.6139531368834494,171.57140905954722,0.07200699436041785,0.25374766052128134,69.0,9,4.454350206518261,0.04261942595117115,2
ebb18bf2-6a7d-48f6-9cf1-696825f9f86d,impulsive,0.7907595230264903,0.14725506955029816,0.7073017308602623,254.99965610507627,0.18181126839647632,0.13796892754304643,35.0,15,6.629647837216656,0.39774813939175935,16
c02a7733-8165-43f4-9e17-ff957eadc923,cautious,0.16623058840256766,0.19826105163581212,0.13952672192674787,65.70166094628959,0.9224526830268426,0.03399545598695373,11.0,5,20.58464576373894,0.09038932958022874,15
a82fa965-e333-41fb-abe3-7cd589f9454d,cautious,0.0055828370887995755,0.2501084694445017,0.05266767775495594,80.15298049236257,0.774126904377197,0.07115629544988399,10.0,9,31.991538243775658,0.0007939612429861275,16
30ad514f-4c66-4962-848e-bd590cf2ae96,negligent,0.7415496147154779,0.6779488443035993,0.9064221292281748,110.00434996190891,0.07141445718298442,0.6399355488265612,190.0,26,39.12272421708176,0.5228887199226947,21
4802d58c-70bf-43a5-8ed1-b49661f7ca40,impulsive,0.8517209762683564,0.16417803356162203,0.6100965721539585,121.6875870963288,0.05973772521225232,0.4350655456623161,18.0,6,11.325285928573498,0.48875868912371806,2
3cb0c645-8a10-490d-9e6a-ab1314d5a5e2,cautious,0.22104520092828256,0.007752886607610388,0.02537079206219383,68.33077886434769,1.0,0.053470834052800904,68.0,8,5.0,0.3958063924964112,12
25d91c11-6b70-46f1-a85a-50104acd1248,cautious,0.06264671794513194,0.04409335415128077,0.004546433570498928,177.57768278386547,0.9137562422879218,0.039977981723165516,67.0,8,36.61139459407225,0.08604744072127062,16
d044f7bd-9e02-4a2b-9f69-27770127fea7,cautious,0.19134281592006172,0.00199811950556693,0.5899628008722156,67.18270047482503,0.9831926850736633,0.0825636415455201,73.0,1,23.58140020980833,0.03867882062859126,10
38779291-ef11-4abd-986d-07cbf38c3aae,cautious,0.10759650941953786,0.0,0.05662695251156276,56.25941318632982,0.7236644971163726,0.0,48.0,6,34.44704459878305,0.28849689326674094,14
aad049ef-2a1a-4824-a6af-1786390dfaed,cautious,0.032766073047852284,0.027973302705126876,0.039627994451844534,21.000478555396995,0.7861786495025715,0.039797154533667535,70.0,4,38.21694825992406,0.16491083335428008,8
c4373245-3c2d-414f-98af-4acbb585b474,impulsive,0.7059436349625706,0.13270386015846847,0.8265116282136412,151.4175825628826,0.06330873729382654,0.34230330965307926,86.0,12,15.74917070145657,0.22172206512084183,3
bdd97519-f3d6-412a-ad73-20242131ece0,cautious,0.032483847382145145,0.1441484626446773,0.2588728072961745,102.89661360940836,0.7712125004396624,0.0764425035979963,36.0,6,31.048805897498625,0.0011006673401317817,12
f74824b2-35fd-4500-a7e8-1ef200d059bf,impulsive,0.8753420435730068,0.4292772813400615,0.44788430826938536,212.13542977110464,0.2371215936270431,0.15306257067388326,108.0,13,7.335708271955222,0.4595904344021914,19
5acce731-ff02-47b2-b571-6b510365d1ba,cautious,0.08356449395125026,0.2089068249771953,0.037408671314117195,79.13489062492056,0.9240410377126067,0.260737648894642,46.0,2,36.091120970541624,0.0749626483708679,17
09a25c14-32d1-4bda-a02b-45524dd1f2a7,impulsive,0.5073527065584899,0.10890068594751337,0.7325641593022689,89.98785212347315,0.10716675963085065,0.4133347841387351,84.0,16,13.824982303778462,0.3210749455287468,23
0ae31ff9-0d9b-4e35-a46a-fa71b6d1b58e,impulsive,0.8704140704446836,0.10764925461099872,0.615649198160212,172.15229809751924,0.07008216114605584,0.09339730556055051,42.0,9,6.3009592000317,0.40639058871694883,16
0d89ee8f-fc5b-49b7-b3c7-840e6ae9d6f7,impulsive,0.7851532755518306,0.2011249780648677,0.6167786688165885,130.51346269276772,0.39906974767686754,0.4907095118211656,68.0,14,12.660233914312538,0.633021767271853,10
3d549f32-3819-496f-a7c3-fbba82316630,impulsive,0.8314710143159392,0.17731698157050402,0.883755382096019,162.5439815578286,0.015624211164334899,0.17199737255230976,71.0,3,11.19659225101502,0.3869580992831092,17
41400b68-ffc9-4716-9511-97596343a754,negligent,0.8430575866171403,0.9841915220616904,0.5693706703627271,90.54507808788597,0.0,0.3119755638927148,130.0,12,46.14301884121358,0.9485454819618517,21
7e09097e-6634-45b2-b4d7-7be5ca06d2db,impulsive,0.8745877032968994,0.4087187636646182,0.5851434318439247,99.66297937389749,0.14472158368736,0.5783023123692174,37.0,15,4.092768565315348,0.22962411709597969,20
5776bf7b-5919-43ae-ae96-70a161063987,impulsive,0.7272845694296988,0.35958209973150923,0.45113565136373335,91.41798895309121,0.0616230518920571,0.16553240463954405,41.0,16,21.498891078965556,0.6936517616240264,18
21831225-6919-4848-80b0-e9a307346e28,cautious,0.09616142076091411,0.12405344623489553,0.016447214760172572,135.53067983780232,0.9490941388768075,0.08862498002918515,18.0,1,24.480143638823044,0.12810663195440788,12
ed905dd1-5ce3-4bd4-a459-572e88a4740e,impulsive,0.7198831292026984,0.2695760497998061,0.444496199279248,115.08826064329826,0.16350438874170486,0.415601650201361,84.0,11,20.315043999137394,0.13613410466800788,3
c0906d0c-e6fa-4cd7-a795-ef24c61d7d8c,cautious,0.02894105151995128,0.03305952912822977,0.15353446529733278,59.84786638520385,1.0,0.0215846171526157,42.0,7,22.372873299782604,0.019309703084382405,9
101872ad-4aa2-47b9-bdcf-873ffe23045f,impulsive,0.41816456402821617,0.07529166074639346,0.6725725930068326,133.53644987121024,0.1048291705918093,0.08747451631274736,71.0,14,7.730235158422948,0.1700369264909125,8
520b10d2-ab7f-436d-a955-9e587aef2355,impulsive,0.8575124420496331,0.2235143107764093,0.4166506487681073,227.22275887232882,0.11352893497982815,0.3150456246969379,42.0,13,6.893782503895377,0.3238486201112786,10
51f5450f-f1ee-432c-ba6c-31600214c38c,cautious,0.047883832126251344,0.11006922681226902,0.0757180167852998,260.12528087237155,0.7721450845895946,0.1268069136918803,17.0,7,25.732248132426488,0.07696422288611503,11
cba0890e-2867-4754-aa16-685d8efe160a,cautious,0.11707160492763014,0.18016150086197646,0.05309947278727071,165.76739683951402,1.0,0.1110270838063544,24.0,5,22.774800582326236,0.04526136290354011,14
fadf4b9f-ff1c-47e6-a79e-9bd6085921a7,impulsive,0.8632222856036905,0.3011482426383088,0.9138805377803447,191.20822494525578,0.40182321153407674,0.15491710969020114,23.0,10,10.773540565015267,0.4381774745141166,1
ef54f7be-bccd-4dcb-a50d-2b57edace94e,cautious,0.0198981285301979,0.14017076901668113,0.0,42.113392129382916,0.9204485433856786,0.0,64.0,6,31.160136353562294,0.08771410382927819,14
f024b0b4-f171-462a-b31e-721d5bb63265,cautious,0.17526248102580355,0.36317474166393077,0.028050156779534326,92.99598200763216,0.9660012445817701,0.09156098791428638,44.0,4,31.35808046786923,0.020563151385771403,10
140fbcff-4d4c-4edf-8baf-812899b7b339,negligent,0.8543783895427111,0.8579684066574966,0.9166380697736146,639.0173729840684,0.037186260175971354,0.5168217444661491,168.0,6,46.28604738484873,0.9905059433439237,23
98c1dcb4-b25a-448e-80d6-ae311e81cb64,impulsive,0.742527386812563,0.2534724995697664,0.5935890323537825,207.8127281929609,0.06810261073213068,0.14949131122859322,81.0,14,4.605504683232647,0.5374951336288994,20
92e0d7ab-28c7-49bd-9a99-9515b1539f0b,cautious,0.02208428811442382,0.04933699167398815,0.19846043274787395,49.05702574432863,1.0,0.009287803919817771,67.0,5,15.201789368040075,0.030737104284197337,14
ac13546d-0ee0-473b-99e1-9b0e7d05f229,negligent,0.9150866060073494,0.8272649788670131,0.9251410173280351,48.77644674747578,0.02575772219492164,0.4806079282573411,30.0,25,10.844455313072437,0.8001180203981378,23
e783f30d-4466-457c-82e6-f09b8d1e0d60,cautious,0.0,0.0,0.2022931217224665,164.25813456167336,0.8743442917282029,0.15432446018940396,59.0,1,22.984242675625676,0.03683814643221582,9
02e6b350-5d44-43b9-b8ea-7f8988d5df86,impulsive,0.7055147019166176,0.21330533648464162,0.5003224534746404,201.4101564442183,0.27840473260234605,0.3833366100690063,52.0,13,16.570086602829555,0.6517257287529886,15
7541f4c7-335a-470a-8a49-4c0a69c683a0,negligent,0.7653730945851969,0.6766448426149984,0.9348425876266582,85.7840940782127,0.2059797406111486,0.8449892758795118,116.0,22,41.5157502389777,0.7373286149049549,23
f6179343-4422-47db-b9e4-c1fe87493f1d,cautious,0.07853912897733864,0.11338030515772686,0.07056552310248676,134.23427881538964,0.9738699846262966,0.22025993541285527,32.0,1,29.863369208773154,0.015682087290180845,13
c6e69210-18df-4b09-be14-a6c9b8d755fc,impulsive,0.7230355110179777,0.24846932108489125,0.7547767386406553,102.2333862849871,0.16000231105972518,0.36785773065416794,59.0,7,15.271981515398501,0.24777124048490703,13
093b7ba6-edef-4e28-b7fd-406d35a493fb,cautious,0.04932343782587506,0.13212745787443825,0.018928335118530974,212.73011281036815,0.9069473349559355,0.19019321870391362,69.0,3,35.98002668410467,0.2727240052889635,9
73884a46-5fba-47eb-9040-c17913296d7c,negligent,0.8484169180033303,0.9415371052195814,0.646245227561837,438.27686288638915,0.06296200213331143,0.33701529388956153,127.0,5,46.01554896743729,0.7332163000361914,23
52c31693-3fdf-4bbf-844b-d7457f8b2761,impulsive,0.47375410089784964,0.42488472322144377,0.7335123797499472,167.4422121378208,0.2812235932815393,0.27863138291468575,103.0,6,13.037111815208144,0.309815974859002,6
76a1b704-8580-4ea0-8295-2c8715c7f1b5,negligent,0.7735503493040524,0.8460059433406828,0.670364703504497,137.6502586435973,0.020472538332868617,0.24324396532571896,150.0,6,44.76504110006754,0.9705120568080378,23
fba43bbe-e64f-4321-b7b2-8884f53cc298,negligent,0.8085503589033449,0.9671005510007874,0.9993633229371234,77.11337431937038,0.08172351082258406,0.3492259529429108,162.0,27,45.94565333295204,0.9734216862663525,20
e9d7fce1-a4f7-4dc2-b9ca-859438c713a0,impulsive,0.906517299135089,0.45693712896059385,0.6830961572503483,198.35923201249068,0.28761291052636345,0.5548107622225849,118.0,6,9.576887840151867,0.33256579962059585,10
50b633bb-72a7-49d7-ac0b-cd009c23855a,impulsive,0.6768591609954864,0.5128734795007205,0.6600542651924015,165.4934781785246,0.3442525765273326,0.19817658620582673,78.0,6,2.281134218006633,0.2201905935587785,18
3e9e64b4-1cb5-4797-985a-681d469d3890,negligent,0.8473850148021059,0.6473522382416748,0.7018653884062425,194.34299953307806,0.028502164547273827,0.7934428483868371,89.0,14,18.148303716544362,0.6750140269639615,20
1c27a105-6e18-4149-9a33-1519ea2651d5,cautious,0.10498134411776525,0.01669513495670647,0.09218055388208074,39.73253269093544,0.9480244480661549,0.21205320322491109,71.0,1,14.950586896888947,0.07924369890956012,13
e751cc53-d93d-408b-96f8-ec1f4fc289de,negligent,0.9029666072247589,0.8919610450896548,0.7303839668809838,146.1365866004887,0.041241898158760386,0.6096498953618333,55.0,17,48.217311612351274,0.8761759562188327,20
735ba46c-b918-487a-8524-50d9ae4b05b5,impulsive,0.8274138350957864,0.3439431917980924,0.5799492540047838,129.92796520027338,0.2084647680381546,0.15978290468660852,35.0,5,15.4895036978821,0.4634886885237604,7
ae66060b-a393-4ee9-b952-79956be0cc6a,impulsive,0.6785971448750988,0.11773347334182763,0.9436655006889396,179.38390969971908,0.20317029672081222,0.28441195133034763,78.0,11,19.667663402770497,0.31341126355307203,9
cdf3aeb8-3c7c-4145-8c9b-979183026676,cautious,0.020442967802314728,0.06365811918647145,0.16349316383702248,43.18361889597605,0.9442195278969508,0.0788261858503442,59.0,4,18.33625225983761,0.02551726280387701,8
f5a5d91a-613d-4330-984a-9fcc963ec209,negligent,0.7040621713924252,0.9761729079683255,0.6312252543891832,206.38060405917216,0.10580714364141018,0.7573749594274333,119.0,15,33.14476886964508,0.7138987890943942,23
ad44c58e-e150-4326-96e7-57e496f09e1c,impulsive,0.4801232641599283,0.34260097994569066,0.5833781430930153,136.08721941375657,0.26353747592963317,0.15153980085639718,63.0,19,11.87927276424402,0.8006427885963929,17
4df92e22-e923-431d-aa03-12b0b3da7066,cautious,0.0,0.017734796526482573,0.008578649996889388,26.497119423539488,0.9670686360813715,0.11659260368095527,30.0,7,9.716400128146267,0.3311325450160137,15
50fb4b8e-ea01-40e4-bded-91d7c4bf5901,impulsive,0.782795400488124,0.19328944173708978,0.48766549074586674,135.31099239804522,0.18995282384398068,0.43683495567612696,46.0,18,14.581921767679715,0.46086312191814294,13
cda82c62-6cef-41d3-896d-b3065fa0edec,impulsive,0.9411837271046093,0.2077321408073618,0.6382925069082261,148.60250386479643,0.07174205953692643,0.4155084602928497,108.0,18,7.967022805719591,0.5405516055043892,13
6d4a684a-bf03-460a-bb02-c255ba602bf2,cautious,0.02624010484396254,0.02981087382450112,0.0,64.14632901720321,1.0,0.09239938193184831,31.0,8,35.20103358357743,0.008902217631075503,14
bedd0485-5a30-49dd-a3f4-e7b7e154e6fd,cautious,0.0335501854017234,0.008262101894223323,0.046531858078863245,34.30891012837283,0.8305738460104047,0.3194298809070593,66.0,5,38.78592413204708,0.23718592521362503,17
a3137ce5-a329-46dc-a8bc-f884b95cc48c,cautious,0.05180747403365596,0.0587631078381679,0.0,43.66458520825319,0.8546069667981531,0.3519076606700798,66.0,2,22.156018814989157,0.033606910341871396,13
02117c0d-0dc2-4eee-af9a-0c3508637e10,impulsive,0.5775388800599086,0.10454573086022767,0.7766324714979388,179.99300090922736,0.15161865402323807,0.3857285422856475,50.0,12,11.185254713066277,0.35610865499495226,0
ac921472-2891-43eb-afe3-ac7cb5a9c7c5,impulsive,0.5229614804217652,0.25780927753271143,0.8589751348743238,136.0838497735953,0.11094036522480165,0.1109826755660271,27.0,8,8.902264438314637,0.6066045433911492,8
8e583db4-8593-4da1-8232-0e4521067790,cautious,0.020422478612121812,0.1765195725612383,0.0360562139633559,87.64911253933376,1.0,0.0,70.0,2,23.5774977208212,0.09933028715605839,17
37a3430e-a1f2-4286-a66a-5d0e064897b1,impulsive,0.37218111488658656,0.3292377665488276,0.4756447497915301,110.36797238498565,0.09520877828412831,0.3989718662017714,43.0,17,15.499764392543439,0.3534457724011084,18
de3d0eb0-3a6c-4851-a80f-19c82582d0e8,cautious,0.0,0.03945662140122343,0.004342441718986664,61.26211231628746,0.8504723117836187,0.0,27.0,9,26.354580758888492,0.2207786208965819,8
609af406-fd86-47bd-b937-af4defbe9a87,impulsive,0.7332018280898855,0.5042137565982048,0.5343974129108781,158.23227387705347,0.039294679767001295,0.19147063286373844,59.0,4,13.168766406959886,0.45934250144804534,7
373a5dbe-e622-45d5-89a9-34734df84a72,impulsive,0.7830741081146588,0.1501513006570432,0.52200244093805,145.17485009266753,0.3789925087952764,0.2578405117647389,58.0,15,11.84320819438878,0.3980236945518674,7
d2d33b69-7951-43dc-9e87-5c8e1bf6ab35,impulsive,0.9432716331302066,0.4120204665068502,0.5264037929934353,89.27330689332231,0.185308979917684,0.26284743044880426,42.0,15,9.258106417404704,0.26026422382364456,22
7ed85914-3151-4f53-bc8b-e8a6f7859771,negligent,0.8247550879106504,0.6862763711218,0.9830759313546843,303.9087330105282,0.20831054824752174,0.6770969113658059,55.0,27,33.42140504752081,0.7911963061957766,21
e445c54b-f513-499e-8bbd-ec80a423f653,impulsive,0.6780615159843206,0.09254311965410378,0.5455617423472261,118.75160027056155,0.4288002273671569,0.3670834859849382,29.0,18,8.633299305883792,0.26461384599566706,2
12cf86d5-3150-4fd9-8b02-a7ddea96fdd9,impulsive,0.7748515271424412,0.5875272495758911,0.6281801888956565,128.58909727399075,0.3114609154552791,0.35663198131186535,98.0,13,16.986717577905694,0.38804031403506856,12
2cb0994d-478a-4b14-af64-7f1a7608b1c9,cautious,0.1723423609564956,0.0897533228774088,0.019063558812365308,229.5421562859973,0.9559530287844498,0.1820751152286568,74.0,1,26.59192729721707,0.07792305195539269,14
79fcb92e-5884-4b4a-b5e5-d94d442b68ec,cautious,0.22035566572867724,0.0,0.029735599778303923,104.76536968389098,0.8930354995270359,0.048083626129043704,29.0,5,17.020157246087805,0.11076746762779571,13
8fe54930-1728-43fb-be06-296e631b4351,negligent,0.9035107582752095,0.680464899046117,0.9763487674536327,298.5083226952361,0.013953813335963409,0.4532293783059642,23.0,16,48.69677116226231,0.7747047265887809,23
62d69487-b801-45b0-8d46-6eae0640fd3a,impulsive,0.7555344811359673,0.1471102345833178,0.4284944630823166,134.0991662910294,0.29041264381971876,0.2135582172067432,118.0,5,3.9529087367999285,0.46150792589659445,0
7aac5427-ee95-4790-8c3e-73370ee435fa,cautious,0.2792809482999766,0.008488313242868858,0.0,13.376137781267113,0.8987501489911499,0.27130612234004986,40.0,2,22.409455899801006,0.05936304509187552,8
7217f6f5-37e6-49f3-b2f9-45aa157c8f50,impulsive,0.7661489862771076,0.4088865531288594,0.5650433482016114,184.4298538229002,0.04853327513005113,0.17296543107660203,118.0,14,12.429397623210884,0.5020165516606562,15
0ab8cb5d-d750-4f4e-a6d1-9e376ca14424,impulsive,0.8178467724643083,0.23674201804885098,0.6377794301442583,126.10514274831247,0.10698533387615969,0.6114709118600943,110.0,17,11.978794205132434,0.23556876743712551,16
f48289f9-2165-4056-bfa5-4c419e868874,impulsive,0.8688906547556134,0.3105274652103497,0.46739277813019126,220.93667920534267,0.38286402534172115,0.37354397377410775,18.0,19,18.246525249823616,0.1995954371920315,12
136d19db-e326-470c-8a95-8374da738e94,cautious,0.15816654455564721,0.2445605006633153,0.06278155010029207,158.24392348169633,0.8260894223195797,0.12304669069898985,28.0,3,22.66520502562888,0.10204886843481156,12
23f560b5-d4a2-4020-acf3-1f449df0e751,cautious,0.03707819720203108,0.03298695665163005,0.28294859159695424,186.22485754768155,0.9280011699297047,0.11003835361381649,39.0,9,25.850457297706594,0.15285717657559791,8
dce02faa-41c4-4c5d-b564-7b92327cd33c,impulsive,0.5838709364524823,0.1326775928476142,0.5359005210286653,128.02488511085477,0.48644429266116684,0.4366170489555917,72.0,19,12.033651751709654,0.09708731484220047,5
31065a1d-7523-4838-898c-2788a00be97a,negligent,0.8409554615929999,0.8159552261120622,0.9447527295690097,219.34041348346045,0.009143478213499033,0.6356855646566753,148.0,13,33.19808327070835,0.9251888768466171,22
45a20fdb-fb09-4b7f-b341-38b5a6cf6ffd,cautious,0.04137351157409756,0.41539508269340547,0.008310990890615027,76.2141875548022,0.8792352728806675,0.1570725562511046,46.0,2,30.12351905507958,0.0607363118620378,16
17c269a1-79d0-42ff-aab7-b57023eeb1fb,cautious,0.0,0.07377891270822336,0.051687531869822875,212.1301959002175,1.0,0.026617529255288378,32.0,6,26.96520101691467,0.0005440582083544784,14
aab3e70b-cfe0-4f51-9876-9f9273943a4a,negligent,0.9761060524395172,0.7137276973173303,0.7845724237502194,221.47368101695656,0.21661671366891272,0.24966595120564505,134.0,11,39.927871099487824,0.8707508424332244,23
748d59d6-45f5-4fbb-a8d2-bc6bb4b8246c,impulsive,0.5309637985051472,0.09958291134292342,0.8366881639415987,122.60283993480242,0.3347458910444138,0.10225962174530326,81.0,19,10.48337392326545,0.3024538730195299,19
e98469cd-b2c5-4dfb-9162-c3aee4b1d509,cautious,0.1951029417473119,0.03976751500982108,0.004013677132807933,108.9458298239083,0.8994825900782677,0.317744844283997,21.0,5,38.80246879861416,0.1750845990736463,14
b601ddc9-95f1-4898-b80b-0207a121df15,cautious,0.10191266123434241,0.10171130051502986,0.0,61.36849680049472,0.8546892700567195,0.054625089940900914,56.0,4,27.844974838883576,0.011241937323904855,13
8e306b93-98a3-4f13-99c5-f717aa4bf2b7,impulsive,0.3194882277459106,0.03402752390024656,0.7778790804869163,166.76707935908064,0.3000499129110164,0.2569394729762644,29.0,14,16.55151798188476,0.22352913059200702,16
a03f86da-f390-4218-9308-b69da2096a11,negligent,0.8048920056930567,0.7416416742667858,0.887273366770265,196.59883144219378,0.010294431434274996,0.6691670528381768,193.0,5,33.156181186014656,0.943994368628272,23
afd85d31-fab8-46cf-b254-bf3aac332096,cautious,0.1232884425883668,0.0021428332310418634,0.0785160715150974,86.24237169523256,0.9312336313319655,0.13043905414185208,11.0,8,29.599721561346335,0.01285735035087226,12
7b07c2d9-da81-4d67-98e6-064d27cd3251,cautious,0.1041007805611391,0.021136862733868576,0.11971757492111548,85.35459415583406,0.9382139380812942,0.03481699791648518,12.0,2,24.331773072071577,0.04597857958780288,11
2b0628f7-d8b9-426e-9dd8-6ce4dc094d7b,negligent,0.919404033356486,0.7888537438166227,0.8462070579258766,381.6989082122788,0.13783807401649828,0.6626758767706925,42.0,9,23.2226134170443,0.970532643748028,23
cbf168a3-2f8b-4f2e-a233-dd7067848503,cautious,0.08156671270482177,0.18424323583974578,0.30348459058773064,88.57644229239257,0.9556662509094647,0.12533401889392706,37.0,5,30.653519256979088,0.032824938709735324,8
1ae82a3e-8e15-4295-afd1-1cde6f58964c,negligent,0.996774113603963,0.7633595317729148,0.889685774132807,356.88519534523687,0.0,0.4701578109130407,178.0,10,39.143146539018886,0.8082878949410136,21
4fe5c155-864b-4d20-8af2-438abd9b9139,cautious,0.18055177053607926,0.0028933016507883963,0.0,111.84796132481789,0.9578658474027175,0.03625800435105381,42.0,7,25.024214342123685,0.48210107179005185,13
581e33f9-65b9-45af-bcb1-a1c8dd1424f4,impulsive,0.6798089535016713,0.1715755456467429,0.48532391518283413,317.2701315074504,0.20261446654422116,0.4206977133622039,92.0,11,5.452469028833481,0.32851904702446716,23
5fb094ff-e996-4b2c-8e8c-a48e86a74b84,negligent,0.8090519619858428,0.8701618526990326,0.8761951063175959,423.0343525306621,0.3310575762933085,0.5031783667732665,151.0,26,56.401011426257995,0.6209390198450967,20
237035b6-78eb-46e0-bc0f-511908e75aa9,impulsive,0.6964330212409351,0.4279265659001386,0.408278678877221,81.3838771285704,0.0,0.21207796326029496,87.0,7,10.243944642121324,0.45963751405355346,11
35305b6e-d312-4510-8367-3f8a93cfc477,cautious,0.025289956749445647,0.0,0.25606732267908333,224.2779927044206,0.9110593240420527,0.3638460604787122,60.0,3,31.527251878955084,0.004917300615356249,9
d8b48d0a-9563-40db-8cf8-b780616b2c39,cautious,0.13759403007166376,0.01945540919672934,0.05054120564186977,101.95375380003667,0.8343508865556042,0.08491635902120764,65.0,3,19.573047439290328,0.20952141199019858,13
dceb3c4d-77a4-4036-a90b-284dc74e2d7d,cautious,0.13246126461594152,0.11610083318487287,0.0,38.4724522769467,1.0,0.23155261661687493,59.0,4,22.38681472686612,0.0018196601981039346,9
bb4c8bcf-7b45-4f86-93a3-1727ea71c464,cautious,0.009859227781211934,0.001657699808689097,0.17366420409852606,106.9961588994403,0.8892080596639871,0.033534427647850126,26.0,8,5.6127234046121615,0.04712090455448928,15
fc2e14f7-4862-4b02-a011-9021593daa58,cautious,0.09773490020918722,0.0,0.1786568510823429,296.5728108281915,0.7679788267238978,0.1249693687317488,65.0,6,18.702955259128363,0.05271149354425713,11
2250eb37-2d52-4aa7-b298-fd3a31318278,impulsive,0.7817966890639414,0.5174683562459248,0.4787208532698872,165.46978812532646,0.16051340896172037,0.09312910527481105,53.0,4,12.960032290438123,0.6609368673375096,22
04b7efb6-a24b-4025-9726-5a479a5d3f11,negligent,0.8138346686926101,0.8977640036844217,0.7847517039855337,41.335877460344896,0.04908702326220051,0.4295311890676476,148.0,18,35.71484815385031,0.6387785624759937,20
1390ff0f-d957-460b-acb6-027e08f5ba5a,impulsive,0.46458676979653657,0.5047646073189691,0.6604044983885491,143.85846248627442,0.39723226693069297,0.16626187492514,39.0,11,11.356203684178652,0.514693784386523,23
63eeb4b3-bd8d-4ac0-91c9-e1550c0ba0bc,negligent,0.9004587302717268,0.625943046159964,0.6042287512451171,190.4377110239835,0.15800326039018564,0.6571355826952194,150.0,13,35.885648051198906,0.9316347160086903,23
ca63782c-d84e-4501-a531-b727870cc2ca,impulsive,0.4887427431441991,0.2809046837579625,0.4636045815198268,129.31124492176494,0.40107873731098004,0.4076869967312211,58.0,17,12.630633661435573,0.23868614770476052,17
a0647696-d37e-4f91-86dc-01a3f5084071,impulsive,0.7414122691255974,0.1260310013204945,0.5411447120762801,214.7266329942117,0.3287669768429735,0.636166777184374,67.0,6,10.965756881952966,0.41430864788208804,5
8bdb8901-085f-4c36-a0b3-1b8ba6d7f933,negligent,0.9307928089398361,0.7985701760063217,0.8952553874859551,132.8768185843356,0.020888944984912505,0.3439882579497629,191.0,29,31.60426139181575,0.6138225495556789,23
8ea267b6-a1bf-43dc-bcd6-f8d3511e16de,impulsive,0.7374262226749556,0.14878690345383816,0.7831255187858301,125.59358325128755,0.27640485700617423,0.5215864130123015,117.0,6,12.320498550366125,0.6069693800084417,13
e649bcea-4965-4f9e-bdc4-bb6232afd993,impulsive,0.8857171326427388,0.19524147258889907,0.5610159281582187,138.5342100565397,0.11267438227645461,0.07103668794303362,64.0,19,21.570509037568662,0.3061361367849742,4
f39b7b5d-be0f-465f-b3c4-6d181d4aa761,cautious,0.18393568128883858,0.01477356821546296,0.06802689645497703,29.047246357162628,0.9460019413446218,0.16036654648457732,77.0,5,36.10837472879806,0.10175404352200319,8
1b083d77-0111-4c1a-82b7-05733b7a568c,cautious,0.13939623433786283,0.01777566474006323,0.1191657474830148,45.534849820498124,0.8708516617847478,0.15727281321625855,22.0,9,18.418728473831003,0.029448987519269818,14
7bd7653a-a50f-4a98-a2ea-1e5b369368a5,negligent,0.8107725549476192,0.9166080788747242,0.6381388539298969,278.0254212857693,0.0,0.47640077786079427,199.0,21,42.145236725710944,0.853609140832539,21
623039dd-4a6a-4264-acd4-d8fe63dec478,impulsive,0.8358298095199158,0.2337491365741245,0.460903451356741,173.2706304563249,0.0729804118448304,0.4075938839554125,90.0,19,14.449643035334095,0.36821247296836285,22
6de48a42-7097-4270-b90e-9a67953438bd,impulsive,0.8790020760140129,0.2923875905917603,0.7504715062619471,165.76903986543996,0.24386505426519664,0.4535515215732516,66.0,14,25.272534931256626,0.4243636334685722,15
b5ba369a-0d52-4f34-8baf-86adce65c723,cautious,0.04066132298146907,0.11219317583797157,0.1358798737791542,129.17010290509742,0.9471370615472323,0.016341100939734256,67.0,1,15.404517223665627,0.12185549805691902,10
6d33eecc-d2a1-4814-90f0-5b3152ded870,cautious,0.14050954884885783,0.1697686612335638,0.0,20.145661375241577,1.0,0.02304637931100363,48.0,3,27.0159960812815,0.04491990883987696,15
a7d6132e-4243-4a0c-9f63-952c4c18d53f,impulsive,0.6346777991678724,0.21053692463842216,0.7884798456319421,61.59891003803927,0.17553823179367714,0.277032140046326,100.0,9,15.057381164242393,0.5938968569270399,14
1a453f8e-e650-47b8-acb7-313fbae16ac6,cautious,0.09113036920089619,0.06743423884643754,0.1436169383054616,102.42386771977748,0.9416613418731615,0.2406980096605462,22.0,5,28.196949259071104,0.29055793845205113,8
868ce964-7259-4916-99ce-5d31c1aa0ca1,impulsive,0.5775447028130538,0.30735736400800495,0.7821231523600592,132.05234709477477,0.3605611708018256,0.3014607553910204,70.0,15,16.59039385557218,0.41225982870564204,10
8136d392-e7f9-41a9-862e-e51fc6222bb1,cautious,0.0,0.0018043840063739283,0.04417674405237267,83.75676252844629,0.8986314322671733,0.04222988649254092,49.0,5,30.44074151600088,0.027013246058030384,9
f039f8b2-cfd9-4557-a2f6-4accf6ddc95c,cautious,0.016078952705569347,0.1944477132836146,0.01674774860368151,78.07908563851433,0.9251044452771885,0.18863021374583183,10.0,7,51.97456651533415,0.08687522517483981,10
d3df4321-1f5b-4f88-93f4-39b733b978b8,impulsive,0.638925573888948,0.17988800632357102,0.7938314637288619,230.0923461829329,0.2701845482020739,0.22084544751188306,59.0,18,6.091967489320129,0.5158628827942168,9
01fe9e9f-9e62-4eb5-ae23-8c23ab61e029,impulsive,0.3523423667199879,0.3347535639149776,0.7283389516747181,82.4553403159844,0.15833250999465287,0.48491331695268053,16.0,5,9.971961157234775,0.6907067893335478,5
cc10f9c2-95c2-4051-b08b-b9ff5eb6d179,negligent,0.9853001812337475,0.8401683867726927,0.9363714936229444,284.7864044486021,0.18812250593512123,0.7636658341838325,185.0,25,10.698951381409103,0.8760994965100503,23
2ac8c4a1-9aa5-4349-8d37-10923bd3ab3a,cautious,0.21025563014247253,0.05230698611633475,0.07265480557720728,19.59725688961814,0.73753393584179,0.07264915425579091,65.0,3,28.498283916598762,0.08572360043033427,17
b976cebf-c1e3-4630-8066-b990ee6e6e63,cautious,0.22942745337818105,0.0692962377441859,0.1663243516260612,241.380561311239,0.95218281341261,0.11899025528030524,65.0,9,24.347647036841902,0.035361116372127355,11
c9a2f187-81a7-4805-9fb4-f20394a2106d,negligent,0.7398306428041682,0.7964234967623672,0.6487585103916738,192.9131986440291,0.1116023594260871,0.33035135385398545,124.0,21,34.17949573956578,0.8858063745331739,20
7dca00a2-a374-45fc-9079-74d137a13558,negligent,0.9659090366822065,0.8466292310129333,0.7164779003039812,226.6260232020369,0.037737871196801304,0.6030629501979482,174.0,5,30.439586427291854,0.7800902202341922,23
027f031b-7b14-491a-8549-a3aca2545295,cautious,0.0,0.0,0.14510160050258375,101.81862960426558,0.9713241376289885,0.0,20.0,7,25.31903412517428,0.024447064467373904,14
d20060e1-b1d6-452a-8960-9a76edc91151,impulsive,0.764469477300178,0.04889638246546858,0.42606720738875853,124.81981314438507,0.09162347948302324,0.29736210971936816,56.0,6,11.812806369165084,0.5411268992545313,15
7ef36566-13a2-47ee-888c-4288e4172e92,impulsive,0.8560483238352271,0.03958148132593201,0.751040286096703,138.3019260347143,0.06911879744477231,0.11339100679375352,79.0,5,23.933446195772895,0.1423434370581988,11
816c027c-c882-4c59-b045-c208dbf64781,impulsive,0.675189171871077,0.30350890492478205,0.6467970049138894,125.49406678877575,0.4431501847206644,0.42898264804931385,21.0,4,11.87518992473829,0.4543233374081606,0
ca66e7c9-fda9-491d-8df6-f8dd99033965,negligent,0.9634831793665127,0.7123326297807081,0.5875838770667857,424.3281562866879,0.10629587027281903,0.40431741302808333,105.0,12,35.25450125153393,0.8310044569870414,21
0ab5f8ff-6262-41b4-b4a8-e1ca4a7269c4,impulsive,0.6739708395499889,0.23449103887701875,0.4382075793579775,85.54260407843346,0.1610380229846815,0.043648099970661054,100.0,6,15.943266957430328,0.2835242365373272,5
a2e49645-0f7c-4b4d-a4d4-e8988ee7c8d3,impulsive,0.7396028684053917,0.18263922714818168,0.7732149652052128,171.91444937042507,0.04167445423791816,0.20389549731574877,111.0,8,6.573984057002669,0.2563652397487596,14
3e2c61dd-bc82-4683-9490-81efa3a26db4,cautious,0.10502769361783718,0.014498496951876338,0.04360705763573712,253.39341113161856,0.9571471260226496,0.18129825181973933,14.0,9,28.22610002136544,0.029976486600537287,17
69569b39-25fa-4c49-bdeb-76d8e38f61da,cautious,0.26179322683278716,0.012886186652524952,0.05176468459725156,105.03462937176965,0.9869612792493186,0.018852318807842383,69.0,5,23.59393624090719,0.3761716296723335,9
94f6278c-1fab-4c13-8c8c-deaf3572e405,cautious,0.08976084881679479,0.013862847937667457,0.08299499519805384,172.41821580294112,0.9928459919002723,0.14106797306997887,25.0,2,30.307211749332406,0.17519235913488526,12
43235a9a-e7bd-4a85-b137-752c84bb4dde,impulsive,0.87389181587361,0.4216599571624871,0.80661231867925,173.0618801057559,0.27593735241140166,0.24229013335078767,59.0,5,14.681074651792757,0.14942468265261946,11
34567857-c940-4582-947c-bcc2cf113c1f,negligent,0.9278132347878725,0.6716100481416071,0.8293928283239095,278.3894689102106,0.038872247243809055,0.5118014811978499,120.0,10,40.559109669852134,0.6980126180140978,21
0f70156f-4b67-490f-8f28-41c8f45cee62,negligent,0.8552146959595394,0.48246163411330356,0.7022773482654271,162.4798234311575,0.12598688266281938,0.7593107156615182,23.0,19,58.942706209477684,0.9203851085953203,20
53d3ab0f-b8e7-4be3-b30e-f69c373b2d3d,negligent,0.9072002678455808,0.5416781483854602,0.888632743649294,138.80522839679304,0.15633543631407826,0.6527452701588969,56.0,14,33.558070038683525,0.8568311022403461,21
8b522744-a11f-4eb2-909e-e4f40131d717,impulsive,0.4970347022482637,0.3124979049074472,0.698679333719812,190.69890796975625,0.1572695233013922,0.45854748812694224,66.0,15,4.555685255076751,0.332040281404937,3
68c7ca60-5d7a-43cb-8e63-3993d0098a0f,cautious,0.0173689451044675,0.0,0.12478652511196879,167.47914299393108,0.6420398865704534,0.10800309123392116,27.0,1,25.827615501683894,0.01884049097103359,16
72eb4acd-d258-4e78-b010-009267536632,impulsive,0.7981144222389869,0.13228569450945704,0.48320420509953405,107.35351078878763,0.3198626194229082,0.4322551943345998,70.0,11,24.961630209986918,0.3402149321657893,12
865104f3-a335-488e-a945-ce3b2be1cc98,cautious,0.12466352620284356,0.2862862839413352,0.05773010796952945,187.99645098038548,0.9529178728566415,0.14682755559894808,45.0,5,32.568781191027355,0.17944267278849668,11
68c1e6c0-42e4-400e-90e6-9655364afb8a,negligent,0.9349408352890053,0.7066528845168141,0.5972138605043439,95.25819920006803,0.06810116888876512,0.40520541499980733,140.0,10,33.88700893325434,0.7198278674615957,22
6bab5c9b-d946-4525-8e93-ff26f684eef2,cautious,0.20014594801270746,0.16522542446722902,0.05741673073540246,28.270205033781735,0.8788021896906291,0.02070905343574318,31.0,2,10.385647980867168,0.13080644544644465,8
8c0c83a3-4b69-4575-b592-df2503f1d8cc,impulsive,0.7666350218683357,0.3997433107302081,0.4366897045641903,140.67730584832424,0.15511403736481705,0.22192516365400428,104.0,4,9.18822491138188,0.2563498314103088,5
6f41ac8c-a852-4ffb-83bd-41d477ef4a2c,impulsive,0.5737072835959907,0.49737840272792744,0.5743446763683305,118.69669330402849,0.04837567501327748,0.21843589561631147,74.0,11,10.638902086176856,0.4951954749270943,22
88b01a58-def7-4770-b846-daff4560304c,negligent,0.9779515460549789,0.8218946233019907,0.9260686809048053,161.80068203060648,0.08420984484509195,0.6430071088101689,82.0,17,36.57486909779853,0.9377476785710223,23
2183c1c8-7cd5-4ef5-86b8-53497c3e3ced,impulsive,0.8528237680687981,0.09386333622551703,0.5436181201120576,76.80390439686582,0.3780793328994491,0.35242483894632265,68.0,7,6.166079941815135,0.5365560560240537,13
94424136-4ae6-4d1d-9f3b-8bf63a652722,negligent,1.0,0.545098669827417,0.7412042347781714,137.49783049330247,0.1955649627052269,0.5048672727172236,186.0,28,44.88872527916129,0.6452097886843557,23
7031571f-308b-415a-b802-b8512c87bde5,impulsive,0.8385607570553205,0.21978381727200066,0.6867313123685024,158.58826520512386,0.4296741624126103,0.2933143796038203,68.0,10,16.667278743427595,0.4070571605557847,18
faacad5c-ed80-4331-bb0f-a9ee0afd440c,negligent,0.8850687856554811,0.9245615347386554,0.8296763227128672,360.2851849490591,0.0,0.4003541642086932,30.0,6,33.97408396652952,0.8530623229611107,23
a379498f-3a3d-4973-a110-c6e75b9bd80a,cautious,0.0,0.038591774263463274,0.012989161708241541,60.98458396505795,0.7162261680008991,0.11466365462126914,72.0,8,17.9520014933529,0.0419787260813859,16
1bee6d9d-d511-4588-9643-0ef35d983a38,cautious,0.22090802019069775,0.06669778349668622,0.016055177230689683,81.09815645776958,0.6043638207911237,0.06950216471850423,42.0,3,28.689476207553152,0.29021141100016384,11
a8453560-c997-41cb-bc99-e829e6139ebb,cautious,0.04546709453723244,0.03225850488068845,0.13838717766448358,36.44716055378986,0.8273320721590521,0.055434949623111324,31.0,6,28.512860030591995,0.1334908196797327,16
6b826a9c-9edd-44f0-99e3-29c408c66eb0,impulsive,0.9514267196232329,0.24474877839194278,0.5852813640653256,299.3936123902068,0.0574156312479717,0.50903947997171,86.0,10,13.164840795288494,0.27321770487881086,8
9ff9371b-188d-4840-b196-0c7fedcc9fde,cautious,0.160633474228589,0.0897295643327405,0.06035225904189846,236.48427233447728,0.9211399519816893,0.10172667274286086,26.0,3,12.574768002536725,0.0355135458297812,11
913492d5-e91a-42cc-9c17-9750cbd290c5,impulsive,0.6676091784455114,0.4056993703696184,0.7132364541379321,104.76538647194344,0.033812535778422095,0.40500708893039744,91.0,7,13.529465964457128,0.55977047009955,11
04da2a92-e61a-49ba-8cd7-7d76a632d7e9,negligent,0.7481617903312432,0.7192993210475807,0.7069956857485562,72.37198042066821,0.19134558252627631,0.6959404239379312,103.0,12,47.18536156900328,0.8405198050871331,22
1cbcc6a6-55d1-47db-ae75-d70efeead037,impulsive,0.7511470945843873,0.08505532228346317,0.41480928240559667,254.45185454882983,0.10862968616819742,0.10443970197143862,19.0,18,19.537555980833197,0.4192175747033773,7
d171aa88-96a9-4298-aa47-0c63a8a6bbb3,impulsive,0.7213120923143203,0.2856833343134869,0.5587101712980783,140.0694609635092,0.0,0.241263826056683,84.0,4,13.660475106294358,0.6652629206109287,22
816def5a-7c45-45f0-8c0f-6fa6de167add,impulsive,0.9144069219389999,0.42323066680163546,0.8492013212634009,101.18056247563803,0.2507057504436855,0.27119083164230284,19.0,5,12.836878519190265,0.3434423536490569,22
32244d24-d14c-4a92-bf22-754ad6fbd693,impulsive,0.599155396827058,0.20245753242826192,0.48747456194367045,153.2175401756873,0.34890651270753087,0.28926238653031494,118.0,10,21.162230211054343,0.5813344575110202,14
00c246d8-5f3e-4a59-91f4-b9443455ea18,negligent,0.934038254972846,0.8778750661453869,0.9087909831025631,38.57407764176847,0.07403763127664806,0.42075066635000413,38.0,23,40.13302177696729,0.8778682190504328,22
5416d64b-235d-4250-b64e-53f430171f8f,negligent,1.0,0.9833538378969539,0.9069836873447938,423.722178541804,0.07359855358169251,0.44781444912789437,188.0,5,45.3927276653625,0.8464242157474645,22
d5412be6-5878-48af-b892-4cd075bdfa4a,negligent,0.9668325116162744,0.6465190029707154,0.5923241163506069,243.82679022398122,0.08719796713246021,0.5031318233295468,48.0,25,38.85176630759595,0.8616021708724284,21
3c65ce0d-145f-4df5-9986-5112bbbec4bd,impulsive,0.4842804954840216,0.11825915647404446,0.7737018098998776,233.80627109462924,0.21201949540555887,0.543042705889775,52.0,19,13.028200837921817,0.4160159861930982,2
b26a0107-c4fa-4ae5-a19b-43ae90b5e830,negligent,0.9477755450635958,0.7784502043913254,0.9210209356108859,48.79582242884959,0.30125112576391805,0.61087745364466,139.0,15,21.309048160054566,0.936896025496777,22
8f7f4c79-762b-4489-b055-96062024314f,impulsive,0.7083397367135498,0.22388180538441468,0.4143265666520207,127.05287540156716,0.42045757964691616,0.28363083977659065,67.0,3,18.60029711707957,0.6489586709927531,11
aba8349a-a098-4a40-9760-1e95b454d18a,cautious,0.01717827679059073,0.09012827794634826,0.07712068880222998,72.76493038172325,0.9322443141881297,0.27260582358732044,10.0,5,24.600430229233496,0.03906882194317228,9
c3770924-9073-44e7-a06d-2336f90845dc,impulsive,0.7038159054914984,0.2830535333820276,0.5293681910653693,126.1739900550409,0.21261279478558304,0.2803888092645,107.0,16,12.913816247627983,0.05904617528295624,13
16d3aa0a-10c2-4c46-9a42-808bc708df6f,cautious,0.08727059719630977,0.04093415833328751,0.09524016798853563,25.767293642900785,0.9828442634292098,0.07717290311664494,53.0,6,8.434061082168604,0.18258569656805526,14
1bb94b7d-53d0-4124-8031-14e45a0b457e,negligent,1.0,0.8519763012289377,0.8446814723292771,256.6890528591222,0.02983991278783802,0.5254224859823111,169.0,27,45.7078417304466,0.49486136066834124,22
4b26f7c7-b69c-4c23-acc7-1143cd9ee0f3,impulsive,0.8644647344929884,0.0664449030141746,0.7139816814436584,206.87188592492103,0.1742409990236329,0.3968095754376488,118.0,9,10.360475688648295,0.11970147242945277,11
f761d1f2-da20-4abf-a2c4-983b93c3e4d6,negligent,0.6920931303429138,0.5897224372810614,0.6467289541556414,99.76497114584964,0.17921858373185354,0.5455230148482849,125.0,16,45.79092681768662,0.8448292872742427,23
68ace29b-98d4-4f0c-885f-470b1da6ed35,cautious,0.04279626408533338,0.038560335436454776,0.07635940839364203,75.3169930826621,1.0,0.23309019870846157,11.0,8,33.67683489165308,0.03486848524389356,9
aff52292-cd06-49d9-b388-7da510a5f602,cautious,8.990249179961426e-05,0.40705292320976083,0.00627118020106565,180.46488286846812,0.9065316007012351,0.025991967983390835,49.0,6,46.2504980143176,0.08972671622507555,16
689d1c5e-bcb2-4628-808d-78e986a44b50,negligent,0.9446709252827168,0.7632159041623464,0.7354528075052135,298.08435383243966,0.3024453436386007,0.40306842406584265,53.0,9,42.305413359091276,0.8881044543419917,22
17ba14ff-d279-455b-9d74-c0c76280c3ab,cautious,0.1572323656761324,0.041643114945293686,0.0,297.4042541304098,0.741609988265612,0.04860433659438429,51.0,1,17.186181792151032,0.1287423893639256,17
b33b1d27-ee75-41bc-befb-e62730144dd9,cautious,0.17662838378020126,0.19954846605889867,0.015035838724735837,87.50260654224951,0.9412850081391892,0.11734786832896182,18.0,6,35.04776590197507,0.36393332265340755,10
8599346c-98e3-4c3b-b199-fbe8f1b02932,impulsive,0.5807067284816231,0.1472695049471015,0.4419060911616802,176.20281773900885,0.09277314879789371,0.008494025597803288,95.0,3,5.8160237571092175,0.4049896054397389,5
d2358754-3994-4a12-9454-f95a2ca6be75,cautious,0.07627601698596738,0.147116262589018,0.0,76.1313324125813,0.9795530695530584,0.08192794864559584,60.0,7,20.96759342148448,0.17966851277611576,16
bbd1895b-7423-477b-b49f-cc8a39cc510c,impulsive,0.763733449044686,0.2009797366361421,0.7579936013650955,126.60933856119888,0.22973188023625823,0.45478200727447254,115.0,17,5.481789036710109,0.20384019032740788,8
51eae50e-c8e8-4fed-ad09-845fe74ccbca,negligent,0.9339515685214673,0.646161210247302,0.905194704383366,159.5183918141699,0.058587800258808324,0.6968083078380042,195.0,27,47.43566973212833,0.7743259294447576,21
c1ba8cae-06b8-4217-a557-f73d0e0b5e91,impulsive,0.7031161692910395,0.24967901839484247,0.6599051821016009,185.62282320272547,0.10391795528588584,0.3089783441276836,59.0,7,16.51678463655393,0.3576434313979664,17
79dbf7a5-53c4-4ad9-8b6f-b8e08a583ecb,cautious,0.22246474933923127,0.23171296516274553,0.16119104485278218,97.57751412191192,0.8873936263172681,0.08665703257961471,73.0,4,40.08663010959823,0.009768084038144994,14
66f377d7-937b-4b49-a1f5-6c927a279b3c,cautious,0.022584092258151056,0.15956368318860153,0.01656846559219877,46.24575665010811,0.8757642493639669,0.24690530160604837,58.0,4,27.82896028375634,0.15270343163295128,9
cab2f4f6-ad7c-4ff6-b62c-6ca563a6550a,impulsive,0.6460007279768759,0.3748084158120003,0.7190763572358503,42.54585153491653,0.2080152728166095,0.45687944351273224,44.0,14,12.757726938955246,0.39668047798832684,13
e9d65683-6245-46e3-a9f8-5ad4ffe5e241,impulsive,0.6850353037335263,0.12981227242182966,0.47023691933999384,154.8858218844837,0.28176586427148415,0.2773430031053845,96.0,5,9.074035144248159,0.30347808798509,1
367afddf-b313-4b9b-a7e2-7dc6f73be680,negligent,0.961214638337655,0.8023139817175734,0.7857342357762032,78.82439799780894,0.03940328805708032,0.35234742538019065,96.0,10,24.874454505127364,0.9159514168517809,20
6116f4ad-be03-457d-bb30-d65ebe46badb,cautious,0.17259063728116775,0.054669121220078595,0.1061095928061088,137.76308885902094,0.8903641289601947,0.0,54.0,5,31.821624105022636,0.14862507442274467,9
76c86382-2963-4ba7-a75a-c9cc2bb5fbed,impulsive,0.7094649097467278,0.17692284331807345,0.7589735374879713,122.97626033685859,0.06560404801217401,0.23844865672356602,16.0,15,14.652646424165166,0.27104564538191395,13
dd9244e1-cb77-4529-9db9-9d466653a578,negligent,0.9878807234181114,0.7081867691481787,0.9325467079299843,74.05313486012881,0.17782658338248106,0.7089782099628448,156.0,21,29.543634409504033,0.8730330453123274,23
b6f9214a-7141-4a2c-9213-e4ef72e71212,cautious,0.0,0.10853525462344353,0.12659704697150048,39.801982044581955,0.9804247642620145,0.010370520851896076,32.0,1,36.14745223112924,0.09680530835178151,15
713e29c6-04c5-4afa-9d8d-decea03e6667,cautious,0.027643363778507696,0.06792967341090694,0.046327622471594054,34.05363287601906,0.9630348789210564,0.2690519170270983,16.0,5,15.9994115580701,0.05277417060444359,9
4e10f6b7-999e-4645-b050-9d48c431b46d,negligent,0.9455981389325544,0.8785384928576168,0.7125696839059812,71.44363054825321,0.03717694686424055,0.776242281118708,27.0,25,25.01354393827149,0.7716866698500192,23
3ce0bae6-0be7-4fab-93b3-5277b81b7342,negligent,0.7141132882696325,0.7787966763236516,0.5851269202542294,416.9526764422787,0.20117017154839525,0.16247257078237534,60.0,12,28.61103096939918,0.9160320182235838,20
f0897ff8-9f7f-4816-a05f-af362da70b88,impulsive,0.833751944734343,0.14316603031575503,0.6749487351905983,90.16391985434998,0.3897051827128266,0.24806624776073113,31.0,19,6.390737247733469,0.666448937778458,10
1ddabf30-f801-4831-b170-acf5568ec8e0,cautious,0.13756031830950757,0.1386028072609053,0.02401061132446057,193.12891059972534,0.9519402481974752,0.2565875882882434,53.0,8,23.05864740076924,0.03415440390104475,10
c483d2a3-5e1d-49dd-ab66-3c8c4101db2b,cautious,0.030579585366462672,0.035878673661693145,0.31018407029172396,82.10508619758812,0.9263208706935457,0.15161186254228443,42.0,2,18.850173019917413,0.04040326939410173,17
d6c403d6-3e73-449a-8502-c87a77c91ce4,negligent,0.9949675360325968,0.7057246029458768,0.8416166505611661,67.48729441115835,0.04464522569009658,0.4633232458038786,101.0,22,27.78114205337576,0.9601977349209707,23
bb958c12-d504-4436-93f7-f1c70a93be4c,cautious,0.1798052111911392,0.08993581265202372,0.0,211.33872685543014,0.9538416280771246,0.1472730380533404,49.0,8,17.310628441058807,0.06471503864716344,10
f293b4c2-9d4a-4ed4-a17f-765cfeb7656d,cautious,0.15952718477899716,0.048495620448231226,0.05720085043398199,12.533932950978564,0.8251310247029938,0.253616041780915,75.0,4,20.052339785186305,0.016542758075112445,13
27d086c2-df8d-4c65-877e-add13964d5dc,cautious,0.08157399476651735,0.14504894343558983,0.0,152.28867533435053,0.9456461879870157,0.11397395169534885,51.0,4,20.308229256949566,0.13039562988604525,10
4332759c-57f5-41bd-ac97-afac5965f3ec,cautious,0.04661535072565373,0.0,0.026315611275223007,253.19943376498256,0.9693378629704394,0.08696718827113747,14.0,6,16.272124038108338,0.3973139522547718,10
a44a44ef-ef79-4d75-a1a7-944229ff916c,negligent,0.8860070535477605,0.8370214837376837,0.692330132301204,132.09310624476873,0.13349764751863968,0.5809411890447341,38.0,19,5.06640817624929,0.8607735513182867,20
c3cbc6e3-a455-47d5-8913-781f6131aed0,impulsive,0.8325928824071421,0.2218030518070359,0.4301017778467305,210.03473522694694,0.1286348504428615,0.23988058561743636,63.0,14,17.271427093449525,0.3055484619666167,17
b53cd906-5d17-4a6c-96f1-be0f631dd398,cautious,0.12670367754128362,0.10366859816698008,0.0,20.518277651605622,0.963882289569108,0.06564491653571089,70.0,7,18.658216819895685,0.21757941762722577,12
e937c5d5-ee0e-41db-bad5-373e1d40ebb6,cautious,0.0,0.0950972929273374,0.23046291935634314,53.424229125123965,0.9932263739990663,0.11155706236078147,40.0,8,30.333915478647306,0.007860121228601346,14
7a54ebc5-2acd-4d45-ac14-15eebc735d5f,negligent,0.7858201163664321,0.687737975107457,0.750615047336109,125.73988013698235,0.013119499450146798,0.7565031598938188,55.0,16,30.925323344070545,0.7527487450714712,22
acb613e5-829e-45d3-a83c-d61a456b29d6,cautious,0.09759032655285674,0.04327606785899662,0.043484207548223214,41.04323858377667,0.7331887640604265,0.003579190378641753,67.0,9,29.464822505128524,0.008289064836705962,13
cfa64b0a-6702-4c8e-a12d-854456f1971a,impulsive,0.6506137153014215,0.10807185447176546,0.6315574381576265,217.14150148306476,0.5164629381723702,0.4952394744564862,58.0,8,16.57476379454126,0.3248696792221667,9
308c0ac8-5657-4574-8114-77936dc5c435,negligent,0.8090042095208897,0.8366951256644278,0.9004369703936989,597.356571240183,0.11227972615370718,0.7887021746083555,155.0,26,36.73891750345468,0.686321723358663,20
53ba830e-4591-493e-857c-ef657e67d581,cautious,0.008702184430069588,0.10621758653005478,0.09840312835459183,46.50061288869861,0.7839315004572343,0.1399626280361122,60.0,2,31.846867057938628,0.018246419259338426,10
5e802722-6983-44ad-a509-fc8e59ec5d9d,negligent,0.7908049917361935,0.47364522183205476,0.957690366662843,119.67549539104124,0.013894588715959789,0.6194500062248162,49.0,12,39.52500264088614,0.5690531280709408,21
4052d946-41cd-426e-a3bd-5400684f2b77,cautious,0.08069066790985754,0.055114532671781305,0.07469024952548323,152.53605566569647,0.8694070821755215,0.1648402358288329,39.0,2,20.2160523495624,0.2520669770744818,10
900ae5c9-992e-4b1e-98b9-0a2a3c204ae9,impulsive,0.8958832947468278,0.17296733986361695,0.44877310635908546,134.91639705839304,0.46460085713417576,0.4639154351599285,89.0,18,2.0,0.25778223007025924,7
36a276a9-bd67-4b9f-a1a7-053f423cb4a4,cautious,0.02911400924592289,0.16090370236162874,0.10643905650603977,80.22499250529431,0.9016710668965066,0.22652963711580243,53.0,8,9.841125979961916,0.1253485007032373,12
95f9a98e-b2bd-4498-8900-23d24fdac498,cautious,0.06841011948295261,0.06534039548772766,0.17147357311029157,83.18894700615131,0.7333754372667428,0.16110381234946597,25.0,2,41.861050629620856,0.046682925501759766,10
f0d4de49-cfc3-4cfa-9238-fe3e006277f7,cautious,0.03294552221100447,0.10814317405278215,0.06320603446187764,54.56285659105794,1.0,0.12925647966730325,23.0,5,24.694144424520484,0.0428677343642463,15
f6ef1061-2e78-4b86-b8ce-590f07976a12,impulsive,0.7274433068662006,0.06951497198185824,1.0,142.33345205009022,0.30008540402685413,0.32836395670448626,75.0,10,13.487123399220533,0.17775983033054313,17
63b22d10-fa7b-49aa-b0d2-47ccc983da7e,impulsive,0.39009219234603365,0.20208293699760205,0.792721982475946,135.78204532784943,0.24138294947456146,0.3406149895000539,41.0,12,19.31723154878687,0.3719322154311536,18
d86ce348-94c9-41b5-aebe-4dd7663f708a,cautious,0.05935225180373306,0.19560256861683184,0.1755303662063885,58.409008947690054,0.8857731790878794,0.07436918595252476,69.0,1,21.522591563349007,0.1523775882554613,10
f8afbcc0-93d0-4871-a0f9-2c2b99eb6a78,cautious,0.0010378085882308888,0.05214942749584585,0.21885756905204187,164.73333749813872,0.7590711307974733,0.0,67.0,1,19.02881101252993,0.0026866034733020144,16
ea6d2347-b823-4af5-a5d8-898070578fc7,negligent,1.0,0.7893594563867166,0.8779601139669821,113.39478825834108,0.06229402355759919,0.608555887610781,189.0,27,38.685908642350476,0.9056193124511019,22
e1b2ccc7-4ba4-421d-aa86-7450c87a299c,impulsive,0.696957758781414,0.1750925158956122,0.7030169313969346,109.36881353906514,0.10803783684875065,0.22607070015807906,90.0,8,13.838234107654898,0.3486956704775784,19
ad2b244d-3556-4fbb-85b7-87de33b98bf8,negligent,0.9079095656279866,0.5661837712804275,0.8673243105021331,249.53408517090656,0.0,0.8470729074317236,148.0,28,55.62120252768702,0.6535461477792659,23
41fbc287-b930-4448-859b-c86dcf2e0a96,impulsive,0.7082926575642824,0.03837534917988995,0.7128146801559387,92.85351185025397,0.1394554159923219,0.36213285599610523,67.0,10,8.203637667927197,0.7451599192058893,22
4875aca0-e082-4912-aafc-44be8d55ec7f,cautious,0.030415167167046477,0.12854164240281227,0.03277002014556533,45.84047910971974,0.8775961720095602,0.051632254762586774,65.0,1,15.577277440344332,0.0230279784764277,9
11f69a25-28ed-4f4b-a35e-86f8341a5968,impulsive,0.8019374219090594,0.3943239510385023,0.4516043485613321,123.72977516445707,0.27142870478766384,0.4162988608632257,32.0,11,4.913785543324494,0.2925352541093695,3
91ae6c90-738b-4279-8e25-d0e28f27d480,impulsive,0.8635399961662887,0.2937877545752794,0.7984972281603754,265.15047203093854,0.19243328757427675,0.5305715397692107,89.0,7,15.333509097965665,0.14320737649182583,7
2a5f33cd-8009-4a17-92e6-8443941f50e8,cautious,0.032127235945328396,0.01225134449500384,0.043717316323239566,90.96854807706978,0.9313700911718228,0.15695059460765073,44.0,8,27.914531380719232,0.0538519181881314,10
e6fd95ce-5931-441c-a33a-6dbaa2fd7099,cautious,0.35668814218909844,0.11871500119314445,0.0,86.24352384737387,0.8266242347785003,0.0,18.0,8,20.005615442036955,0.3277675083363865,13
acf0f61a-73d7-4140-87aa-76282b463408,cautious,0.06171449970584538,0.24883795509019996,0.1063157374895369,281.1584166812816,1.0,0.22235408687984573,54.0,1,28.89711795903947,0.030252984805870936,10
c0c5fa94-df6f-4606-b017-b99b7d30f232,cautious,0.04525888168813821,0.0901411461780776,0.11503256061140879,57.78543017822281,0.9406161326722897,0.13509834327740394,31.0,8,27.280188149197418,0.162555222993522,15
25fa9d17-9f8e-4062-8d14-20b5b359972c,impulsive,0.6101164372634921,0.14011680858315304,0.7574354010869753,185.34502964836022,0.32362295624201615,0.5043688126565087,58.0,10,14.808833481278924,0.3726876226928857,21
df045ed9-f1f3-4943-ae78-ddb5bc8c9612,cautious,0.2617646216385133,0.22632088258839703,0.06946361123715034,52.108819571646805,0.914753787456936,0.3860904411670247,21.0,8,28.108791603400142,0.06755478542691327,17
8c1e1a10-aa88-43b5-b93e-becbcb39585d,cautious,0.1444343602531915,0.06410833259563255,0.12954650153164207,233.66900260690468,0.9157029296407839,0.09980449796596341,30.0,5,13.89604047698072,0.42791652854539663,17
4e3d32cf-9ae2-4534-b469-99dfe1db1ece,cautious,0.24036604496038938,0.17449625819497122,0.376842824164222,74.7546474862643,0.8769753723370697,0.08685666050396043,41.0,6,27.448637092246788,0.10525466350475139,17
a3e21844-c4f2-46a3-b19f-80618f644e6b,cautious,0.0,0.219268892254131,0.16244096654742599,117.50340607623686,0.9534309700269233,0.044465571026798816,21.0,3,22.567708859686118,0.10412274624840767,13
0593d228-8712-41ed-b571-e3393dc8fd87,cautious,0.07727729923315914,0.023472157947193203,0.08658800452872431,136.69764258273707,0.9760971181533207,0.03721815123044048,18.0,6,27.74246537882628,0.32562077735123784,8
bbf0a7ad-00e3-4444-8b70-4edd258e2876,impulsive,0.5361952267964624,0.14508407878357482,0.5871350608976216,313.59394698082656,0.34251393787847983,0.18235883943238015,59.0,19,15.771191904636673,0.38062935745636317,12
1e8664a4-8c35-49e9-bb26-b2c8bc71af73,impulsive,0.5278105583258105,0.19069704032239998,0.757406594364655,72.77070339127606,0.31919027163919766,0.13627268977827842,81.0,7,14.609131667057513,0.7633127484820103,20
965dfafd-f7e9-4d32-9c08-516edadb6b24,impulsive,0.7990237152745621,0.2903247705721521,0.665156328487252,246.36304604787554,0.03806317135199371,0.5428804506426121,105.0,15,13.674188373919371,0.35820091891545897,22
a2be2f42-e9db-484c-9f06-a52c00b632b4,negligent,0.9055588226154699,0.5107341641069166,0.8159516520279918,562.8464168898632,0.076077387456232,0.7270315228493608,119.0,29,38.62788621087362,0.7251894440031913,22
5bc1ac94-50f9-483e-b76f-e75e03dc5ce5,impulsive,0.750152632453649,0.3502747461864706,0.44831003315162943,171.81432648008303,0.3768773003240684,0.3212084042795166,42.0,19,10.332671592379063,0.29011613735018,13
9b9e1644-04d3-4a59-99bb-cc2e88a95358,impulsive,0.9208758676900993,0.296979333480551,0.4989963652518429,234.7232561838003,0.17571001886147153,0.6513129968522587,50.0,18,8.577390897851329,0.5548845643204308,22
d502ed7f-bfa2-4f28-8c86-e20faab9171d,negligent,0.97652086086643,0.8731008838386509,0.7061776717016203,268.47730334349353,0.0,0.7415037299705406,59.0,8,26.85865415478752,0.8830375395517648,20
30d8e1e1-06b7-42cb-894b-fc7bfb5922e6,negligent,0.7226697753532477,0.8511214802822122,0.8679319136913929,137.27297901948236,0.11169367523318428,0.20625370767485743,124.0,11,39.69362273224947,0.8786503276394688,23
bc4df277-8047-40a8-99a8-2c7191f22a72,cautious,0.048168704361562856,0.23711888100755302,0.09170149831917161,108.53848378332809,0.8744771860901368,0.174963280881933,77.0,3,22.18509679283716,0.09839547426894267,11
96d3507a-b138-473d-911a-be5d7499192e,impulsive,0.6430251824829166,0.2982005488620714,0.4510968565049129,104.93712923040849,0.39033683021435245,0.08976965462805692,60.0,15,9.721836798935954,0.4846268643450693,2
78496da4-f15e-4c34-becb-fdb86d89f21b,cautious,0.16300295701030917,0.1862589432302419,0.36795966882859704,210.04788490029802,0.7869089387716618,0.023793801474950957,52.0,9,31.005403157021206,0.030845415712031813,14
58897c79-599a-4c60-8ec2-6358667505b3,cautious,0.08215826845886552,0.08827853961252606,0.05330946359167102,55.87376729177299,0.9688098766454254,0.18694839201221852,34.0,9,24.62062255498428,0.1259346370880055,10
3369a11a-ce7e-4ece-a650-f6621550523d,negligent,0.8953758494160987,0.7727004287277826,0.8240335497876502,153.87334131764933,0.029068305581529636,0.5989380391606817,47.0,18,17.636873157914636,0.7719658963698274,22
e5502c14-5296-40a4-8933-41674a50bd91,cautious,0.004199587011704009,0.0,0.06014590950397551,94.67108960624127,0.9240669607172951,0.06026042855253634,75.0,2,19.583671861402788,0.018087926140418823,11
3f7a81ff-5648-4a74-b2c3-fc370a6a0aee,cautious,0.02074673378704711,0.14157879347554975,0.20126684607039247,92.36700889214427,0.9796327625753111,0.0,75.0,5,37.40910086653913,0.09419958023412908,13
8fc5c031-a87f-4f58-a6e7-fd723be2d041,negligent,0.954516675488421,0.6265799682073415,0.7528044207596377,305.4421325171393,0.26401367123335523,0.6283324130180258,143.0,28,44.37471410234601,0.9160621289960105,20
b35cc243-8227-443d-a909-f144c9ec2c0a,cautious,0.014804114529823404,0.09644130416141894,0.14077452426231496,127.9304820519506,0.7310362959155778,0.1313450505946318,78.0,4,19.804711813365135,0.01305381312099066,13
c5aa9e5e-8a19-446a-b67f-bf6114b1d16c,impulsive,0.6536596171360297,0.12106447706149223,0.6428932829252859,164.39562132308373,0.3352857571648885,0.3453319428289944,102.0,6,11.207481572329469,0.4120274448046992,22
9378628b-d037-476b-87dd-0b852267e7ca,impulsive,0.7435571249737157,0.279518757744843,0.8424733074543621,183.63510811526663,0.18856114280456865,0.5871888866044156,20.0,7,16.081763637754634,0.23556328031946647,8
094029d7-296e-422d-bd36-80550011bb70,cautious,0.08301127374014643,0.0775202072270411,0.32870876624631307,183.66459879438656,0.9547341063208217,0.2513098394357304,47.0,3,38.99754890701837,0.21763922064916263,10
94ff34bc-cfb4-42d0-8821-5ba9f58b0e9a,impulsive,0.711636495415326,0.10869211057212516,0.770434171538224,140.39161553058486,0.36696033301072734,0.22007942305717282,41.0,15,24.43405245836182,0.27292564585175294,15
4c08a562-82f4-471b-80aa-a96700ae8d37,impulsive,0.727954079402946,0.27473607154886653,0.663687540344113,169.70787676872604,0.3066157632725406,0.26581595989788176,118.0,11,13.202052067473335,0.08616426699145407,0
593d94a6-6136-4989-827f-b3f3a3f20fe3,impulsive,0.6081474202119788,0.4473031246469635,0.8785740009751773,196.42624058486933,0.23144575584380048,0.23502190094818076,22.0,5,7.282610595567181,0.16567962936674255,19
b8262e00-822e-4e09-850d-97b4591b5f11,cautious,0.16577588333808357,0.04464465692009371,0.02679492276931389,131.68901383085193,0.8302664014020057,0.04418400702888546,74.0,2,31.19779155980476,0.031026156001498075,12
4de93892-84d4-41c1-8d0b-b7b577623e95,cautious,0.08796791168210992,0.017889333224153946,0.28988341468331513,132.4539297848811,1.0,0.10420934560853741,25.0,6,19.23164794704394,0.14783831112653092,16
638ef341-16fb-4ef3-a381-54c50216f37c,cautious,0.13971168512277543,0.031718936140279146,0.15942492807002814,114.70117966034053,0.7891025384719691,0.32927067056509957,66.0,1,20.516914762319633,0.1899048592515749,11
2d1909c1-4ba4-4045-bc27-5df9e0a46cb2,cautious,0.08139890155639358,0.010141308348513692,0.07260162987558988,58.52275637628501,0.8484661257877569,0.026071680528614284,60.0,1,24.857121761523526,0.03316994346998086,15
1b94c7dd-90f2-4909-81bf-2c8c89483b3e,impulsive,0.7175737586382539,0.2198036976631802,0.8382545840469279,99.73224783518647,0.25635197366629064,0.5852133397800161,62.0,11,13.143546087287799,0.19780863536505258,2
05993027-e291-4c1b-ba68-9fa3b0965bfc,impulsive,0.7129217390731816,0.38371265999669335,0.5241367479634758,134.93863578992236,0.3290419944224299,0.2906495716254649,112.0,3,5.478843753988521,0.42603238565123575,5
710dbce5-684c-4409-8306-0094dfff19c9,cautious,0.12349339899144046,0.12199796518350409,0.03712760059011501,97.43198774823189,0.892605702180263,0.004677890339316711,20.0,5,35.18436787454189,0.13637297053237107,15
073f345c-e9aa-472c-bba0-ce28e9055a40,negligent,0.9239568328746003,0.7947835895778226,0.8319465920754125,194.7710917701216,0.20066669946370755,0.8239505540100006,178.0,26,46.301747728611666,0.6374655547631303,20
41860591-f235-4d01-8df0-b232e4ee28aa,negligent,1.0,0.9384229479003691,0.7235246313114411,62.54633235853255,0.17179066624086448,0.5496351654469396,176.0,17,27.283085497138607,0.7337288583732361,23
9145beb5-64dd-4377-b2fd-bc5ff1e29b7f,negligent,0.8525095551353599,0.8089996708727525,0.8643918184023152,308.56180179311286,0.04986251918640005,0.33781591405372663,53.0,27,15.558782193408028,0.8270344678404249,23
9f3cc910-9fe2-44ef-a517-93e5be1f16bb,negligent,0.8068487267747196,0.6516658436392159,0.9216968271532164,372.7492318404475,0.04732375569856087,0.3338379072403028,122.0,24,5.0,0.8557962128942581,20
5c575547-642e-47c6-9ed7-036c0f5566d8,negligent,0.88734092326746,0.8368000856614198,0.917966943324095,304.440173934047,0.12470167587035927,0.5236913846561198,101.0,17,30.186802470267782,0.7329706667789266,22
12270bbc-7c3a-4c0f-9db9-f3af2aacb3bc,impulsive,0.6998540223550268,0.4728449330858767,0.5457485846333927,149.71348901984388,0.37222380737435723,0.37192428856112203,39.0,9,14.307429263317555,0.5501316268816108,22
cc5d4da7-7149-44f8-9274-07ae8cd76abd,cautious,0.0,0.15595038240319753,0.04425031435055542,82.46473807130154,0.9201142797341809,0.13212198576262132,15.0,1,19.615984636400253,0.05977738736172502,8
8e6046bd-95cb-4aaa-b39c-837de31a8118,negligent,0.7233401395154394,0.781210818556221,0.6132686674879392,554.6891004604261,0.15686347317098256,0.66648254531319,104.0,7,30.457390822362715,0.8442940183180018,20
86775fcc-b318-4609-9fd2-2ad268c3e99c,negligent,0.9545144529760767,0.7275020902036857,0.9013037603241509,301.77903819312996,0.11246619688100198,0.4012625267833509,30.0,17,44.74217649524735,0.7333826909462,21
b33dbbe2-c4f5-4a1f-9172-b6b5753136c8,impulsive,0.8738595488395969,0.17001332924495677,0.4838104911581965,217.22987746321164,0.06868334730461476,0.1405094736650067,20.0,14,16.54353894674805,0.4419389303606518,14
f9c7239c-9dec-4f91-95b4-7cf51529fe95,impulsive,0.7679139638973435,0.48274566811335357,0.6383926523099201,161.14031719863945,0.32436812903265566,0.2382503314746368,79.0,13,11.92326702249201,0.41648382009206175,11
f5f34315-b063-4daa-9ea9-b7143b5c1684,impulsive,0.5981585810744718,0.2179142034132813,0.6821892811260442,158.53160031466734,0.1815378177461316,0.5128798496687055,97.0,19,2.0,0.26602850791200894,11
213a1cc0-2056-43b3-95e0-92f1cc3db322,impulsive,0.6454870663011345,0.2506570370831587,0.7306551204261733,107.22728478370342,0.4055393250327089,0.4825518416686392,37.0,10,18.637643670170164,0.4292588133445714,21
cca50ae8-c924-4f38-ac82-501ddd76f920,negligent,0.8974163175975688,0.7581157994901294,0.7179646536746085,204.0537834668746,0.12938275251553433,0.4375552114162612,60.0,15,43.32754051292704,0.8741762147020735,21
b29e264a-8c73-4d47-aec2-790a0a52b735,cautious,0.10362102981920851,0.2854291308023843,0.14642829768463023,70.19703249859434,0.9550988642506258,0.0658946973135101,13.0,4,19.39134778684653,0.28418495940942423,13
aae9519e-bf37-4f77-886d-03d8d8e74fa0,cautious,0.08229331512821089,0.07017275215900667,0.41064574103775436,110.61675426761894,0.9417784197723673,0.1493432545464666,53.0,7,23.308346325158,0.020672822810909847,13
1d20c65b-9f38-4588-b2b3-e4cab40c9c18,cautious,0.015947045475340267,0.17509236334816664,0.10231385918065519,64.9086312783944,1.0,0.1254085944174733,35.0,5,20.138384650926124,0.02326133376330204,12
09dafb15-67f9-4ddc-881b-4af342ec1a2f,cautious,0.11442087303175243,0.0643598271609056,0.06474145148209805,181.40764489601145,0.964313868492537,0.20941818830333725,27.0,9,21.617086182664874,0.038396822570252495,17
c74b4726-4101-42b3-b953-09691d8d4800,impulsive,0.6758482373732939,0.1935410841513948,0.5706076845669874,134.23058586281894,0.35543390316098256,0.1283553646439999,69.0,13,18.717614056677466,0.4034225207892103,23
7170732b-27c2-4127-af98-621124094b9e,cautious,0.15137574481056343,0.08228171163350954,0.08920824596054515,148.2752855415866,0.6962366219956204,0.03191181998010453,30.0,5,17.002175422418134,0.017315727761938543,15
0a9e48f8-3895-4e29-9bf9-232c1a983ecf,negligent,0.9445165811993712,0.7580041889784237,0.9085944506263108,194.12074810183464,0.0,0.41524880416909765,192.0,5,32.962469402014655,0.8102887350008152,21
1c0163f1-b3e3-4333-9290-d4bbe0131815,cautious,0.11052318630229217,0.48884639040982586,0.07621245778060323,106.28634600045876,0.9310274109072205,0.5080945720792144,19.0,1,32.29289170402218,0.06033739300651489,14
eac92efd-c70c-4381-880c-d63c3f810fb9,cautious,0.03235856035091272,0.014761617380485075,0.16712232446646463,75.94732303967834,0.9797140716059307,0.14912892236290232,63.0,5,18.09927230127837,0.3227437081395388,10
b69cbf57-2304-4e38-95a5-d07ef70530fe,cautious,0.04956609557651789,0.38253096513039414,0.05639988193277752,18.611466608576094,0.8239785716276855,0.15573252912177574,41.0,1,25.14439096996447,0.014160867452473816,8
8c2e1df5-a75b-4d76-b8c5-1cf819ce63f2,cautious,0.04413435787394794,0.0032522904197307585,0.35957840228248217,39.77510937892122,1.0,0.19110493110068016,31.0,2,20.153020777998158,0.0760301860346323,10
a654c4d6-17d7-4bf2-9dc9-9308177f0c61,cautious,0.0463503166569507,0.06353259404430374,0.11865738976578412,90.16566027492277,0.8174103429258056,0.06856455954840601,36.0,4,25.8138668384597,0.0633023126244887,9
9cf9bb98-7d98-42e2-969a-03fcb4050e2c,cautious,0.10620136022086767,0.07503195098271156,0.24939184367189943,58.2256620426793,0.9610109445321349,0.011154751047905129,75.0,6,33.53846853686576,0.13546021913414472,12
5e305040-17c4-46b5-8c61-3988784c37a3,impulsive,0.7859461371889972,0.4773426036969052,0.8312834837867218,188.36151967944065,0.24920870258239858,0.18704891054946574,81.0,3,9.383004853154448,0.12777512220991424,8
c55528db-042f-4f1c-b4b4-afca791d85da,impulsive,0.7596142504504868,0.24030554692489361,0.5013080988882179,287.6351569321207,0.4431448385300986,0.3045785056854451,30.0,18,8.24893090310604,0.647641640175631,12
39bceaa8-ceeb-4650-b201-7d4cc62a16da,cautious,0.15597331763732936,0.014194254014611017,0.039212680217412914,227.17743456966383,0.83906362358146,0.07400380771449663,15.0,3,15.659798968753536,0.026824542773249502,12
f4b277fd-9c54-41f5-9feb-20f67fba6a90,cautious,0.06350967066086108,0.25253682243036013,0.3119625285113326,146.23956119617148,0.765892340710256,0.060493442365316966,34.0,6,23.94040650248117,0.2402958595457787,10
74d7b661-c516-4a9c-9248-1acfa4f79da0,negligent,0.9642006038643341,0.6790431309210311,0.833457223971284,274.7713325348886,0.056237840510298315,0.7152177503005426,164.0,18,42.30352076448696,0.4841241673036414,22
2bac934a-0125-437b-a0ae-7e339185ac04,cautious,0.0019507107519225438,0.0,0.28552061185785343,133.33718433439955,0.8293171918838462,0.04678293988179211,69.0,7,19.921972069105905,0.02286764844265399,16
412c4907-a384-46c9-83ad-6d4c90eee947,cautious,0.19196800793492858,0.09034516346124222,0.07232975060003216,101.93503709082816,0.9471844231487021,0.13269141895198205,64.0,9,38.651668742379876,0.005217439206764119,17
03d4c5e4-03df-4816-9a83-f68f7612383f,impulsive,0.801122854126973,0.09467841809963776,0.4363427023720544,165.39029650727315,0.2152053129319814,0.31230994925451944,36.0,6,19.861046446495664,0.41289079949376334,17
ec438f75-7e5e-43c7-96a4-75ba9ffa91ce,cautious,0.20670669461113686,0.19812573471579895,0.0,44.33435365636337,0.7559033533267235,0.14081404486131996,40.0,1,18.307320049030835,0.1017771040035188,17
5e18f605-1890-4b8c-adc0-0302a35a12ab,cautious,0.1860176609758987,0.0856154536357808,0.07799631422828117,47.62150020010944,0.8434189365370102,0.31586217626801133,35.0,2,32.298258520501626,0.05946481303034085,10
fdfc23f5-becc-4730-86f7-0d5b0d79a59e,negligent,0.9668147030871285,0.807693035431642,0.7013181951799698,396.2117688089354,0.051369492139611596,0.6747319829591405,147.0,27,28.533352616814586,0.8933563482015277,21
9788c970-c73e-4516-8d02-ca7f06b64ef5,impulsive,0.7372431728242068,0.15271795101402558,0.425631056575006,173.56941162962525,0.06760436162634949,0.23427139201054767,97.0,9,12.467275420212125,0.8049655304653304,20
8f49f815-b597-4913-b1ac-5ee8fec000c1,cautious,0.08829267638053888,0.012610036194283615,0.06404249765835013,70.81767136132957,0.98547673821327,0.0,40.0,9,23.0751646655694,0.001535292084424492,12
8f69ba10-5b09-45fd-b0fc-a0732546e54a,negligent,0.907255772115531,0.9631871979324735,0.7391504162819189,108.14205913128013,0.0,0.43963111264206295,61.0,12,42.15026240925551,0.6638993657000742,22
5c7bf509-9384-40a1-a231-eaf323621291,negligent,0.9644263724116201,0.9327374639456918,0.7408627877387065,50.76491296893877,0.028817007495899716,0.6258792424842309,100.0,12,22.060201456328542,0.8304756375614957,20
c5e1e221-ca1d-4382-a1ed-ba2baeb328f3,negligent,1.0,0.8752611803541851,0.7822256012566875,249.82390077908917,0.16012460350956295,0.21182099834519877,160.0,6,31.571828295448,0.8778314998506497,21
71a6a449-a52e-43e6-afd6-25b028911c0f,cautious,0.07715442395591743,0.41721498795851464,0.0950714997162281,147.24597331247185,0.9940239624463284,0.007542854825828776,45.0,2,6.116420001955753,0.24072593235160855,11
10b93101-b7c3-4533-8840-8e2d2496ae4d,cautious,0.12601221563870726,0.03514465144274016,0.10586006967436806,28.77948476532104,0.6782241872155467,0.08644419122934562,40.0,8,19.100119119241306,0.1716352942900337,11
d64c9015-1581-4a72-a87d-a3737011c008,cautious,0.2799165879712097,0.0053729767422248075,0.18234358487174063,75.4216867676776,0.8112876146915186,0.0,44.0,7,19.02504340610613,0.023257126913392486,15
f1bc218a-b877-496b-89d8-f1d5be0a5376,negligent,1.0,0.8776549965299828,0.9563491395926729,211.24139709205286,0.034541029736419204,0.49892094748718907,100.0,18,29.037362822813506,0.7911789001302842,23
6c423a48-e556-4f4d-81a0-1d0dcfabfbad,cautious,0.042712420381641775,0.288553798125271,0.05854389692319052,49.03474952292392,0.8764080847268135,0.02924791615415741,35.0,3,24.466463835958685,0.044364573175797915,8
2840734e-9e98-45a8-85b0-25a0cea93f8a,negligent,0.7731835656517168,0.8681221476867337,0.8178327690270355,123.96501890198005,0.08759118498526469,0.4850181833778875,75.0,26,42.52508843753484,0.4806491372188445,22
35bb87f5-23d3-4dc7-917e-f5f299b1818b,cautious,0.0,0.15788693891607497,0.21303621959909416,103.03596501115058,1.0,0.12398801228514557,18.0,4,35.140301301307126,0.05930720978389986,8
2a51fd8f-9e30-4493-8acd-6163ca0299d8,impulsive,0.8057867748206876,0.0880952375684008,0.8935791271850596,118.84945578353205,0.08382147083623706,0.4229156647787704,51.0,18,15.191372189301422,0.6500781456410427,23
a0208576-4fee-4339-bc5a-c1d3b02caad0,impulsive,0.9038475616003517,0.40903565459594604,0.6265153154350297,124.7959184991616,0.07919227208414958,0.38298809303606723,25.0,5,16.65791242985948,0.3475075610090671,0
18b7476c-80e7-4b83-b86b-65a1c6415d8f,impulsive,0.7996895517148822,0.33258164506097204,0.6629971825202354,148.0633696894683,0.4394503441497712,0.5265715909859846,36.0,3,10.86205486152742,0.387820318775185,18
e16f30e6-e925-4731-8d8a-a2425746ef67,cautious,0.09841750572697379,0.0788867955657826,0.1561696071937872,156.53498805320666,0.9472335096827724,0.0,13.0,8,33.461082559932805,0.10864584783101665,16
1dbf91e7-4427-458a-bbe8-04ea6b44c54a,impulsive,0.7979149037733742,0.09047256232787976,0.5772587112657821,106.79945388876203,0.36501933471264697,0.224040026021554,52.0,8,15.328649192560567,0.4298913306496882,18
ccac8f68-9d4c-4365-8e93-f3a813a933b5,cautious,0.0186769055784671,0.0,0.1020524240737577,66.95619050686305,1.0,0.02076789151347762,17.0,1,29.857351745560443,0.15122976590329604,11
e2022a64-3593-4696-a98b-dd7280b4e6c4,cautious,0.0551016435529373,0.06461741987649935,0.1548884505662491,73.66291879828667,0.8943501496647969,0.07428770162657673,10.0,3,18.57406209154301,0.016437554150298923,15
ac12d0a6-681d-48e3-8fbf-c67d7411984d,cautious,0.0763543113789424,0.017412705831886078,0.01921130412532801,93.78002324391748,0.9375888663524128,0.0,39.0,7,23.11783060185498,0.06230179590841917,10
dd03c390-5797-47dd-b983-82ec0f44c3ba,impulsive,0.5873780376695003,0.09895578196784785,0.6721263991655679,166.38680722155112,0.4597981709610148,0.32159702960448877,20.0,4,20.457212030703083,0.32359251204598954,19
dc348801-8680-41a6-befb-667ba4ce30f2,cautious,0.09946855799102125,0.15869117445855185,0.05355053355717014,24.080437278459627,0.9910040962553704,0.166772717148338,32.0,6,21.516026503262204,0.01509855847482473,17
5168dd07-6fff-43a2-9f2a-82c3717d1f63,impulsive,0.5495627671314331,0.5194265119866673,0.544973043768134,115.81307542553724,0.4497828340225769,0.26256727048057993,67.0,13,2.4088645568333202,0.28435394886524923,16
567da0fb-c20c-4ba2-93dc-04a8b4a9cbc5,impulsive,0.7571250454900639,0.47827611004197007,0.4341260026488095,143.04056161958212,0.06385710456411396,0.3013900132792396,30.0,4,16.159596082891056,0.40373926715754066,22
62422543-e43e-46c2-b48a-d4a55b9ae0d9,impulsive,0.7425544766331642,0.2974261966873316,0.7476951203616684,91.13537067483756,0.14320941198849227,0.240571676288377,73.0,17,22.98763634973987,0.2129593947861037,9
00cc4bb1-adee-4eba-99ed-1bf8a96eafc0,negligent,1.0,0.9190602350617123,0.9370343554895816,562.9767806160788,0.06689079161416257,0.32119732887359326,90.0,20,30.8973673376186,0.6461794555270931,23
495a0cba-d1b7-4e62-a3c6-0166e60ec64f,cautious,0.2980498319876051,0.1876705694978623,0.08143540569713492,161.5219959984009,0.9906546935640076,0.0,19.0,9,19.148407458818436,0.017008037281894987,10
374f3400-157f-4513-ac4e-c0c5240379ec,cautious,0.06906714705274679,0.16716813751476575,0.09248740521720902,338.39323844317636,0.8684341754945638,0.018559483216685255,14.0,2,14.779103855702738,0.024978400855569658,11
599b6bd6-4758-4ada-956f-a69c70017ae9,cautious,0.12282259091844101,0.145764960970047,0.0,81.43158302838309,0.9634982391383555,0.03390613206339235,17.0,4,26.084462152319418,0.4997308806736166,11
5e1b5da1-7835-4d7e-827c-fb6e4b419c00,cautious,0.03724936663328182,0.2074220466435806,0.1305067617500983,171.22685015221765,0.9773528515204125,0.04157964510248614,79.0,6,29.666074087732238,0.0440029030003721,11
900ab968-b7af-4d23-a686-0e42bbdbf6b9,cautious,0.11327618029521243,0.08867420793331754,0.07127807793946242,29.794797317310607,0.9960315747324787,0.0006698795073666419,23.0,1,18.48598035135545,0.006689741275239225,17
ed098716-26db-4977-9007-16b1f190004b,cautious,0.0,0.09447151728398906,0.08429859536458281,61.09593138572856,0.9171384041487336,0.046598318603905925,30.0,8,31.285403070011903,0.05447504648697779,9
f4bd4aec-5f68-402a-924a-e834abf2eb74,cautious,0.2518802935210639,0.13121085554147013,0.12452568086199071,133.92693680073515,0.9430340297612403,0.07204507670843682,66.0,4,19.860648380954245,0.16851109400333747,16
1ec82ee7-db37-40c3-ac0a-fb5d6b4f90c2,negligent,0.8611941210090441,0.9180264242432249,0.7907081550840912,172.11928047477173,0.0927298547148734,0.44135502466588344,93.0,29,29.469421251306375,0.4981177588614206,23
b1ec4498-6381-49be-a8aa-4dfac2bf748f,negligent,0.9174203661665545,0.9037601351389957,0.5966016331844408,330.64397830277517,0.1197516880003219,0.5928518188070226,52.0,20,37.67678784171738,0.6889930698714039,20
8a64e8ac-507d-47a4-8822-c21720e49614,cautious,0.14299369592082867,0.11372424522949426,0.0806986802126004,54.668893275969744,0.9207558506404769,0.05773997622861703,28.0,7,10.073368967327012,0.11931228608747532,14
5e129c27-a70b-4a50-aa21-9d45afc113b5,cautious,0.029089095608671404,0.07673032060121825,0.09888159526896116,50.01372412785161,0.9700028746193142,0.18695391085092625,60.0,9,10.085576136304253,0.2538559946677691,14
f8906fba-7f1a-4568-9bb5-6c6acd356a6f,impulsive,0.796280043524109,0.14251092183355524,0.6735308767101761,204.2857352241286,0.029107480050859336,0.17494678921426077,51.0,3,14.672851608366152,0.21522266686561628,14
0ecacc0c-8edc-479f-bc29-ef4ff1bf3280,cautious,0.2582219510088809,0.19502848068796344,0.0,34.44680157531912,0.9054476088034007,0.002960438727178237,79.0,8,31.805268223132636,0.3539143315100543,11
3b0784d1-e5cf-445f-83c6-35694a646e86,cautious,0.04176293573299939,0.07015711041904993,0.07905654705712332,101.6481999722073,0.8306033449686131,0.04292283599383624,20.0,1,18.25515919414363,0.05370719353163305,13
739d34e8-208c-4120-8116-a02f419b8b66,cautious,0.04214243523900846,0.0,0.12125986875328687,61.26777771082929,0.8194749643754727,0.0,39.0,4,34.34024972145183,0.0668937449762068,10
4e068420-1e5d-4f43-97d7-1d9d8b57c9d3,negligent,0.7916078373814839,0.8291987948300978,0.7617209079834981,532.3871596553881,0.17069739344322504,0.442580975095226,188.0,6,54.87667613446814,0.8179540414348054,22
2d93476a-b420-4565-b513-7806e7066733,negligent,1.0,0.9525663592780259,0.6084434885493898,344.41481954576005,0.14434895481774457,0.8714791286632418,113.0,22,47.63928058759933,0.8739958859713358,22
5bc41363-d247-4006-9100-6afdf245bc36,cautious,0.09423811754474662,0.07453156077829079,0.0863329298765861,209.18819328018284,0.9325134987537014,0.08965469809296386,27.0,5,19.83173423877866,0.3885637135694649,9
7fc0ee51-549d-4c90-a2c9-3c2d1cf6bc76,negligent,0.8796460370609512,0.9107318774209657,0.8924482095568969,177.9185790968036,0.0,0.4519615020641172,22.0,13,26.91500310178401,0.905504489657354,20
c2204fc9-feaa-44aa-bb05-93d5d1cefed8,impulsive,0.8861448866668176,0.23275896809237784,0.45680350138776854,204.8626246985131,0.18257693571777323,0.35345839066886675,26.0,4,8.510541783469293,0.21596667788152804,19
5c54baab-7493-4fc7-a4fc-18d40396b7cb,cautious,0.0,0.09299870352160942,0.11441707966244512,114.20321569548737,0.6891444431641255,0.11313570561905743,16.0,4,24.563013330201013,0.13829402298993967,14
01a7158c-06b5-4975-b527-1f7113ec9655,cautious,0.3421632127810981,0.16055417014157636,0.31500079535887526,204.0208499326367,0.8685911787738296,0.022930554973606028,32.0,5,19.553240349125787,0.08689700003171402,15
9dbc6f87-f890-4408-a651-8ba4cfcdb9c5,cautious,0.16563790593559216,0.0015856047367576107,0.07006667100933055,75.84556430829291,0.7437959288267353,0.2568008054027034,62.0,5,24.32635993245943,0.010056936290835592,12
d4a188d6-e941-47ed-9a47-47f84109a096,negligent,0.916558159951736,0.9003440591573721,0.7132194143063725,211.25455826698567,0.09152762058819319,0.5051868638024886,147.0,5,31.10857168039402,0.7806083985555277,20
e6ef8dfc-4b62-4952-9de4-a72e138b7f89,impulsive,0.6218873477152163,0.4581625973098655,0.8205998713322747,111.9763219961723,0.1646253446427411,0.37450134161067017,31.0,3,10.877151528037349,0.0997465654346397,12
174ba840-b129-45ab-b0b8-e0e0b56db80e,impulsive,0.5882256365087082,0.26155040353616843,0.5956814166206514,133.9877210281174,0.42108622982064936,0.49197812196642743,81.0,13,7.39082051192165,0.45425740382460517,7
84d1a0eb-eca2-4248-b0d1-e787ba720ecf,cautious,0.20972148638927668,0.03650087209791877,0.41449397434368873,55.17728802103773,0.8629785596109867,0.312842367741098,35.0,9,16.494281209878388,0.2915912508955866,16
df811ec8-6f9f-43da-96b1-e0cad94b79e3,negligent,0.937528280299489,0.7869163652888382,0.569090725521271,37.09390080125634,0.0,0.4341800928019304,156.0,29,14.668127584454375,0.7190715774769848,21
8cdb2b31-73ee-4abe-aee7-3b5b33186066,cautious,0.024888258941023866,0.12137414368247323,0.23258236530133272,130.82767310799358,0.9680422683050007,0.2352210461289211,34.0,4,31.39533520189987,0.003779274094225496,12
a95d8053-4a35-49db-aa48-1be5cd20ff55,impulsive,0.8208404220667723,0.16878620510681308,0.584542166397644,215.97023465283115,0.19452950208631692,0.13547697522251023,105.0,19,16.8926908078631,0.32651145472112014,2
5fac3c9e-de56-4550-be06-de4e695f6d13,cautious,0.09258678903003892,0.06662429325401578,0.11182337124908918,57.26987158168573,0.9246617947312389,0.002891170390959593,45.0,7,10.412644579553358,0.00848479873923448,8
6bceda28-35a0-4551-aa7f-7b3f7c59bfa4,cautious,0.14990647366648624,0.36609839478860096,0.16576271412337684,19.026535681029628,0.8862177125941594,0.033246608384800175,10.0,4,18.65116613421288,0.11627735464375548,12
febb928d-446d-42a8-a81d-48fe24596838,cautious,0.03101972546387915,0.07799840335274895,0.0,125.51890348192636,0.9374371011981636,0.0,35.0,6,25.286399342317107,0.0734167037019372,9
9f190c6c-1759-4ba9-985b-7e016c6590f5,negligent,0.7687984982700958,0.7361482793508178,0.6892439284798093,75.31412083691865,0.15298042315367488,0.3826450096490752,164.0,27,37.87236892976442,0.9199629137039793,23
05116b9a-33ee-455a-bdf3-dd018709df49,impulsive,0.745433493559389,0.20942300917478374,0.55591867162032,128.17621616194768,0.07303395894937507,0.08822014626014317,88.0,11,13.488592078158899,0.2807659631600156,9
31680062-6495-4db7-bc13-2fcd170cc3b7,impulsive,0.5459081016057689,0.45038705136480656,0.4948811612826521,116.33447583542905,0.4397312742997514,0.48000977210553286,45.0,6,19.02663715510461,0.4265240828903209,20
8906a58b-9b16-4664-b7d1-e30a2e297c4c,negligent,0.8940831199165551,0.9807004437812389,0.6785933645210567,146.8366318835601,0.07876132321229098,0.7259137380529067,53.0,10,19.56900867960432,0.6571149360745926,22
c8bb9489-a4d7-4896-94f5-65b07e3f0ebe,negligent,1.0,0.8878850955253745,0.8719167033344128,161.78179258787327,0.1624986200216535,0.588035676492705,122.0,26,41.504166588369465,0.7417774666373287,21
568b7598-5f84-40be-8e2b-542d38f74401,negligent,0.8618430163760502,0.8457742328793447,0.7151858004832714,188.94383591712545,0.0,0.6072829805464184,156.0,10,24.25151982379921,0.725849949727189,20
9c677d77-3ebf-445e-a12a-cfbaafe6ab73,cautious,0.015913577334802344,0.02365023950103645,0.09049112315430126,141.87518752551256,0.7619018368766727,0.029181872695016084,65.0,9,30.97941056051235,0.017833692206065732,12
31ccc598-e5f3-4b82-af26-4ac87c9968f9,impulsive,0.7017686544694658,0.1177611331949095,0.6604144120254989,93.12178968958253,0.07230176018682959,0.2599933541699048,105.0,18,25.217816920547804,0.37612181889391166,2
bf594036-84dd-4f1e-94c4-12bcb6dec6b5,cautious,0.0,0.18893990428581348,0.10200859477022794,111.27088861278536,0.9192557322874222,0.03122761597084226,14.0,3,15.487333932284109,0.007229453021544779,13
fd7bb20e-4542-49c8-af64-6bf593355ee1,cautious,0.14237945519135786,0.2034582646359537,0.026733809980764866,3.5460374682033815,0.9152976672476645,0.05425392130600046,47.0,8,28.611919306499644,0.09371529635719557,17
9dd59adb-d186-40b8-bd34-53c26e866081,negligent,0.9659682421623169,0.7065657366337725,0.8935683970840369,399.92521638253095,0.04211983297674145,0.4759391486496947,65.0,27,33.884618532458326,0.6419980202604457,20
16ff0092-484c-484c-aae0-6afe435d36e8,cautious,0.050324721661817624,0.007940503003247334,0.0073379626289756875,158.23726568062608,0.7995569084906137,0.2899427587965177,23.0,5,26.55761946031965,0.10868611914654745,10
ffa85a9a-1626-461f-abc8-87d35a38f4fc,impulsive,0.778599759243678,0.2922065626621518,0.46598554386347363,131.5650300425678,0.08983145491028215,0.4176239357952906,19.0,16,6.186019651811954,0.37155055938033765,20
0915616c-0c2e-45aa-a5c2-9a790248f0cf,cautious,0.0700805035664,0.038781281460728324,0.009317659476984793,66.76596251863188,0.9521160157105755,0.0845274528082715,64.0,7,30.646632146598083,0.10754371484480624,8
c9528653-ad25-4a2a-a405-09996151e0c9,negligent,1.0,0.8412695054110331,0.9901388806823523,288.58940588504186,0.1327241566000966,0.4724581399190232,132.0,24,45.940233483925596,0.9352978974385943,22
498fa81c-7111-432e-8277-c3a5d08bf8d0,cautious,0.0,0.02719102207049437,0.05623920305761926,83.55977403723737,0.8585262878713404,0.12091020000491676,34.0,5,19.3587450155747,0.093601022950179,15
8a43e6e4-8b96-4678-ad5a-487f56dd12fb,cautious,0.10619484806449567,0.0,0.09289896427377284,98.11771847672587,0.9581581618609568,0.04170738180596377,16.0,3,33.19524719414714,0.10610416801261621,12
c6d2fe7b-c7b9-4936-91fb-61e20ec5e4a0,impulsive,0.7162548791706812,0.09770456297029238,0.7409519243444985,174.4093080119154,0.18991532452730797,0.2304106564334315,19.0,10,12.283013807090875,0.18141781037673305,1
0f5b99af-e0b0-4853-92a4-e7dd7b533d2c,negligent,0.8307472212984514,0.9268744751628176,0.9394089310483847,181.53142987360678,0.0,0.6262794128985407,47.0,24,37.23131166554232,0.7043639970707013,21
4d7ff7f2-1622-43fd-97b7-1e84248820e1,cautious,0.0,0.03237626933027746,0.18105609312075546,123.32546873606583,0.7851708797076581,0.04560996735584176,51.0,7,17.333702375910445,0.1204131225927949,15
660c09cf-169e-48a4-a179-ccb8e821d0d1,cautious,0.11260801560014234,0.0702113085721057,0.06663188165627087,42.839246387449606,0.9498291937023616,0.03980488519028461,25.0,3,15.570202907754158,0.49453203039400745,14
fac75db7-9f43-4eee-8e96-41c5ee1374ca,impulsive,0.7333131420328369,0.12639380342464993,0.7500470441479381,95.9392620340693,0.14808895696258215,0.5259375225831572,112.0,11,18.452611184356005,0.3257625702020385,4
fd995e8f-82aa-4b91-a6a6-971d7b708aa0,negligent,0.8100731456667944,1.0,0.9830230401557016,289.8298562601268,0.14778990392479807,0.6964291950110291,88.0,8,37.287505154742696,0.9018089108638608,20
482d002e-d59e-4cdb-a445-e05240ed2bb0,cautious,0.015094319810977776,0.007614086648979272,0.09595362445976145,94.79370932752775,0.7601587474924244,0.13616090542683626,78.0,7,21.7775595637582,0.11163523593646352,11
b28d0d42-ef6b-4ccc-8a1a-cd881ad5f739,cautious,0.20656672600893247,0.025430701784745803,0.0,76.80373565480846,0.7687207272374919,0.14006909903408388,14.0,2,34.30020512723998,0.2698938816294212,15
e50191d0-6403-4bfc-b85b-d836928a1ed0,negligent,0.8787158207569451,0.8511438138791884,0.9280907044049975,176.2772459022807,0.10806365112495384,0.5065876358482718,154.0,14,28.29194110416732,0.8119799351364803,21
5f5be610-69fe-46ce-8fb2-9ee4adee57be,negligent,0.6726814273663546,0.957964035290015,0.9594350000199707,428.1140370996835,0.12340890316866629,0.5054978365146978,184.0,26,41.084454675626,0.9167594596507097,20
108228d3-ec07-4977-a045-d1b590fc1d3c,cautious,0.08670748075439312,0.12538949162642976,0.2847717833075183,16.422298329495188,0.870605784054735,0.007595169516358054,25.0,8,31.464850239660024,0.18580916661169863,15
1bde9c78-5bce-41e9-b731-e0eb8f37c4aa,impulsive,0.7292028664779393,0.4564117617934858,0.8824600486779358,119.48197642464496,0.4097741804917705,0.1932282160806118,49.0,13,7.18808807672921,0.5656898641652779,16
54a4c1d8-1b07-41f3-8bbf-03f07576ec8a,impulsive,0.6828330318504221,0.18585500493833612,0.4920532854384073,160.33819217114518,0.3538453725188176,0.5126125245336003,81.0,4,10.950541686038406,0.21462845835670827,21
9d431a28-4313-46f7-9885-e81e225c0408,impulsive,0.6160478017943477,0.1210557960720408,0.4138552759429724,133.01637754907557,0.1697467652287256,0.5317750037558984,23.0,19,15.064318566152703,0.6376087190315181,11
b054c8f8-e5e7-4552-b613-34c439a74fdc,impulsive,0.6204634477622472,0.389513574914111,0.5387659028734318,207.45180926022505,0.1251532677352033,0.4654071242795733,74.0,10,12.125355941577947,0.3899956347217026,21
498c21a4-b20a-4de0-b4e7-687596bd2ef6,cautious,0.04323984092600311,0.04189026897906477,0.005116438271707803,69.16803278480171,1.0,0.0,36.0,8,12.723177337192915,0.12685594524874125,14
0574ae40-8020-4d22-965a-37d62b443ed8,impulsive,0.5866056887180741,0.13151565076625743,0.8648789505721349,115.62317510624908,0.1885113726760234,0.3692190935306452,49.0,18,11.550753046267745,0.28157752005714415,9
0682fc68-8fb6-4e58-b2bd-1913d57a6ad6,cautious,0.23588154966656003,0.0,0.0,61.59141311377455,0.9059846164193084,0.041877838407121615,67.0,3,14.33271624410994,0.2291672295822837,12
6cc5f8c1-6f24-4cdb-bcf8-72b795bf6264,negligent,1.0,0.4807089357915594,0.7736611463071843,589.5016618058785,0.1559685890682926,0.4246325519757157,41.0,21,19.124213861807693,0.8433527484982675,20
627a7e5e-6bca-4649-b75b-4429066057ff,impulsive,0.7682625265112678,0.24336648694160312,0.8014145016782609,97.66197937535416,0.11754562877061164,0.5109755925036517,98.0,11,2.6797656650386674,0.5108460181660546,4
21b43dc5-ee38-4bb6-953f-75240e33745d,cautious,0.18276242772107967,0.019152794378515626,0.020318024139962854,69.68234954174012,0.5029502220718978,0.23041489365046827,62.0,3,37.21185035074439,0.0892920962622338,13
f7eb60c3-92cf-43ce-962e-4b74b8a79fb2,negligent,0.9150478912493984,0.8170609806914987,0.5659949559915063,264.1776024718857,0.198250276928125,0.7148407398741013,93.0,25,19.60555099508341,0.7159216333375287,21
dcf50f6b-62d8-4e0b-a92e-2e9f75fa1b63,impulsive,0.7270150329726028,0.3806973218821893,0.6550106204199349,81.00713022036395,0.45624730097276356,0.3754911224605709,23.0,5,18.154662903627006,0.536244949582314,9
bb6f8c45-bc05-4b21-be18-6513cbc69de6,negligent,0.9007891000827246,0.6156270483463707,0.6069662326635085,83.78286672253412,0.054788137812444855,0.8791975172851143,181.0,19,35.29403004434799,0.8614356512605333,20
06031665-3ff8-4cfc-a10c-a7d56e08c890,impulsive,0.6343530538966082,0.296594717495913,0.7206448798730569,116.56750436962243,0.454787150427527,0.45737502654280465,52.0,19,21.20366137786535,0.5084138346360491,17
c1c0ed28-83bc-483b-bcd3-d24f55ad9e72,cautious,0.08926547394629511,0.0778510512686354,0.19841817617644048,77.89101407728383,0.7144932061916872,0.12664062277530402,49.0,1,24.71307642505728,0.38051263343367175,16
fd56cf37-d88e-4ae2-af16-e4407aa2dfb5,negligent,0.8304248647933276,0.5690907763806777,0.7044980235369525,136.95649132225492,0.2800983420531722,0.6211631045338185,108.0,20,29.193324202277914,0.8840361794278329,23
1713b29f-b44f-4080-86af-f6f5b8319b01,impulsive,0.652181639513216,0.0117733386531945,0.4725775316529881,167.26891482684954,0.07224484647317081,0.4832454607683737,73.0,19,19.85884060374986,0.23950797177368333,20
c2cb59bc-7fab-4946-989f-63318e66e6c6,impulsive,0.4695308841451067,0.2893002800755574,0.8242201763114582,271.956991881965,0.2837562848740236,0.4492161252302011,96.0,6,15.758479164894752,0.326001023697791,13
30576753-4ef4-444a-a706-7701dd67d732,cautious,0.02609449468516229,0.0646795299530355,0.04162208293535008,144.48686780091205,0.89508858587821,0.0,58.0,1,27.688812820086945,0.012131383141492725,13
60367a8e-3fa1-483d-b7de-8c3b76ac5745,cautious,0.09505277330248894,0.08340024412073904,0.015693603500350258,49.81515210059539,0.9084996533113091,0.051788403062208666,22.0,1,29.93592012036447,0.1562692743228236,15
d9160654-c8a3-41a2-8518-ebb24b67b6ff,impulsive,0.4380007224558603,0.18804472725804294,0.7864729551573396,192.6997992905549,0.18580652771680306,0.060977602650560764,59.0,13,15.248916595749757,0.7361107219885606,3
1093bb05-ece6-42cb-b798-a01c2e15c194,impulsive,0.7737518962784958,0.4875846946856077,0.6812914313487818,196.2893578678079,0.10203564677301533,0.6402736409873099,15.0,17,10.148522268182647,0.36261862689842217,9
9b16a260-8e6f-4f17-86dc-1536e7a6bf8a,cautious,0.0012257444466771974,0.054024408106025885,0.2922351411574737,28.00013101906898,0.5995642846447788,0.09075266044092226,23.0,9,33.38906520327311,0.12050568555250123,14
59daf241-c475-495f-a108-526df01917d9,impulsive,0.6527904010108572,0.42107705210119645,0.5491012654458937,241.34861067903483,0.26341270721539783,0.367260122613262,25.0,7,7.771729864404037,0.5420797078528509,6
0c1e895b-db19-4f34-987c-9eaf0dd3c5ea,impulsive,0.8217259444016807,0.1938538862721192,0.4224059370843579,84.8415013501304,0.3173902911668139,0.3173800751224241,113.0,11,11.471115232032137,0.23641943274610422,2
d901d22a-25a1-45a5-a53b-ccaf10f67e8a,cautious,0.05336173929516568,0.035567283238837816,0.2061201943383123,73.74404102743837,0.8790458726357593,0.09502253222678701,33.0,4,21.698577423065167,0.04236643494103297,16
b7657559-fdba-42e9-8753-ffb9f80bc92b,cautious,0.03730795841564017,0.0,0.181714399628988,44.048681436527666,0.8281410555676503,0.0,52.0,3,26.00934507541602,0.17482201212165113,15
fba7b55e-72e1-4e0b-b2cf-41680e3b397e,impulsive,0.6700836204187252,0.1652440035732317,0.5714939638298413,140.3855956920849,0.2935225380854044,0.5112647094222285,54.0,3,12.544318553635147,0.6142772060163552,18
3ee8583a-1ee0-476f-83fe-79e0fba16a1d,cautious,0.0,0.3061159347802392,0.0851327840785859,129.32855954648502,0.9494349370523337,0.11351394721108635,20.0,3,31.341195757984046,0.12896972534259615,9
8ba4ddd1-1055-424b-93f6-fba6f1660a28,impulsive,0.6092312546098203,0.18323851011185327,0.6088488015589858,145.579401298263,0.3043808021825684,0.29113481664635715,65.0,3,3.130261588426162,0.5057583910727707,3
c318a18f-9791-4c8c-b02f-5a6eadd8ad8a,impulsive,0.867769800832104,0.304454714471235,0.6931691553950495,120.77897913536228,0.2350647853163504,0.29349535367795915,94.0,17,6.874872183524487,0.3901601847423051,13
8182413c-c025-4b87-8077-00498518275e,negligent,0.7725816412339898,0.46603810400022094,0.9527990311790404,273.21114397171533,0.10469162224509476,0.7232202819765133,165.0,27,16.42389895599046,0.7263314076559453,21
214e50f8-4a50-4bf4-8984-d9233aa08823,impulsive,0.5456002399572083,0.07067872456401429,0.7001379180242935,150.28461913997415,0.02094204320726938,0.23948976441950875,108.0,19,22.372930233917423,0.18336798065474721,13
4b013ea0-9669-4d8c-9aed-ad5ef18b6e32,negligent,1.0,0.6981440799601447,0.7770544939371684,442.0235970382337,0.03570125415543206,0.690060031250469,168.0,11,36.675342878790616,0.8275450491289014,20
5995f677-e53f-44ff-9eb8-c1ad6802786c,impulsive,0.8890360844500488,0.04204946689115278,0.7505247862855173,218.16132035841005,0.03534675322930108,0.39891407473153356,17.0,4,8.091116977850493,0.4402632249804815,19
faceafbe-0005-411a-bf0c-7cd6a0c6d36a,cautious,0.12631634999049082,0.15072665961774803,0.020986362860115612,60.913101639585065,0.8785481546666537,0.24175539405425556,42.0,4,23.488070050648183,0.02507471353634246,9
d1faf5a0-e3e7-4d48-9c6b-f17f2474e5e8,cautious,0.047434826858224144,0.0021658529737858326,0.015797512667243822,137.34094192716753,0.8799920780835879,0.1630356181720099,23.0,9,26.706799420105057,0.04698638151994509,16
4ab9dcd7-2f1d-4076-9612-1c0ea79cffd3,cautious,0.09387527428125504,0.035202219088674054,0.12755859861434587,85.52072196631221,0.8141295337778939,0.045947233234889126,16.0,7,23.32455174619208,0.1719552279630318,10
6451a9d0-8a23-455d-8c56-6c2b91d6074e,cautious,0.07561129061929316,0.040671434907543734,0.029093453703164025,113.67496824342757,0.9927564198644868,0.11496744328310601,44.0,9,10.943007838676438,0.02957886169951846,13
52b1a2f9-09cc-4f85-b9f3-32d513e3c329,impulsive,0.86099197466187,0.05702169796703302,0.459062018773096,211.4335152916573,0.1407857858184225,0.4878493084645165,73.0,11,20.110088115322064,0.49441725423469696,14
093f19a0-9bc0-427f-9177-51448012dd41,cautious,0.05897498346149267,0.019330196716458678,0.06985775650940822,47.02966664409789,0.7982434732544225,0.45500233038718507,51.0,9,41.45069875545511,0.11722191219351852,13
eb3d00bd-1dc4-4bf9-aab3-940185033a29,impulsive,0.6667686958926793,0.14664471318322625,0.6081629458477347,134.45341906829088,0.2681339397138928,0.41347974742122634,105.0,16,13.320396667533707,0.2582722071085687,1
e9eb3091-5e07-44c1-86cc-22369d2abe67,impulsive,0.724012093867371,0.20278092457503186,0.5526647789921582,289.18432380758935,0.2609956410863885,0.09040566187477611,105.0,11,11.694527631100714,0.568261272210079,0
4b3db9d0-3362-49d6-bccb-6e3e85a597f4,negligent,0.8464265410632583,0.730567836957683,0.7216020112229939,228.10213679562253,0.03922791126647404,0.6801164029556342,160.0,5,40.25335166721017,0.8834173840390772,20
cacf2e0b-3d3b-485e-a2e5-6dcf6b0fd3c0,impulsive,0.559896948891756,0.36251792565348717,0.7729861169453422,262.79257035540854,0.47552955489926285,0.3672307139691048,63.0,8,10.976491746248275,0.42812080572494704,15
c415f674-1159-4724-9142-dbfd3d0deb0b,cautious,0.04737801436074792,0.14247189258029755,0.0,124.8494527622442,0.7743406741740464,0.1751644360819573,79.0,3,24.579256872041256,0.11153631204660046,11
d1a068f5-8e97-4951-ab3c-9b3a817497f3,impulsive,0.8288583059083044,0.20425090263514048,0.5980156727293366,201.8552289269229,0.021230413624155967,0.1768058292353732,79.0,16,6.020214298171235,0.3547183640440535,8
1191545f-54df-4668-9c71-cff74cbe876f,negligent,0.8549273039654735,0.7929103732231331,0.7843002134591045,405.7334864468254,0.02777842843679939,0.5120759753631537,140.0,9,37.595151175241135,0.961544962800001,22
3c60d18f-006d-440a-8d60-1f8fd45c6aae,impulsive,0.7869468428801428,0.026963389153371,0.43442478530396633,188.02784871568306,0.4186780762407434,0.08011187284876156,24.0,8,15.87617334691684,0.4075238870142189,10
9300b285-ac76-44f4-9c41-0b572391ea07,impulsive,0.34722458907693077,0.4059556197854544,0.9214013332517731,132.26419440901685,0.2329866571059171,0.5816836837602077,71.0,5,17.83328431172195,0.4857416349037371,18
95831a10-3c5e-47a1-85bd-91d92cef315b,cautious,0.06673493939122514,0.0,0.0,56.02020651162199,0.7905712638340064,0.04385351856759862,18.0,7,14.499719914198101,0.05705552684281088,8
efa478f9-9676-425d-a1d7-0c03a0793479,cautious,0.34347051890857333,0.17127207899377017,0.04983102142792456,43.335208038076466,0.9272038180422417,0.04747085081600155,32.0,5,17.472545998854226,0.34128552136816726,17
6502a0f1-d6f2-49ce-9d04-f06de66d93db,negligent,0.9280989337726059,0.5349857488656208,0.9397872851865531,168.12215223367423,0.09109043826430673,0.515791195949362,194.0,7,39.6439953915711,0.7976557809817405,22
773bd4aa-5db5-4936-a517-f1c7fd65d5bd,impulsive,0.5876919242882939,0.4850504384345534,0.824116152949369,114.37888178049205,0.12262943504635224,0.48089590145293315,23.0,16,6.631903741443199,0.35301379919450326,9
5a8cc4da-7c38-49e7-beae-c151a1467103,cautious,0.1160045591625852,0.05159633802042969,0.08120623951822538,67.32284594691083,1.0,0.1989690219810325,59.0,7,38.285607032986306,0.061644239136725086,12
0bc6ff14-d9b6-461c-8c06-a8551105b7e5,cautious,0.11657843335400755,0.2266522827766521,0.2615071620656977,63.483732948678636,0.7523934370610578,0.13984760710552577,23.0,2,40.032726081960014,0.4053201525573857,17
764d7d5c-50c0-4708-8402-d3bf3fe38ee1,impulsive,0.32366161169057656,0.2364571930266718,0.5119066748365404,190.27289647898513,0.185815098543378,0.22435325387591348,45.0,5,16.138094471537727,0.2606806123214761,6
4db3a8f7-2f44-4b69-9a93-91792d173c75,cautious,0.046358024152473226,0.07087864529180948,0.003502627163272834,27.31866297497098,0.8494188390881524,0.2620296386426707,78.0,3,5.0,0.09294878033280567,15
c52ad9bc-5b22-4739-8eae-be1fadae5a91,impulsive,0.4658386755027025,0.2935921677782358,0.6319665294631867,108.93729746604903,0.4623939080605799,0.4022238173214678,92.0,6,15.993630760634474,0.2812130325400589,16
52f39a2c-3c0c-4b0d-a471-bddfc642b6c3,impulsive,0.6921866319935648,0.3711358609953362,0.45955331229345314,112.82999683577772,0.09231046104744696,0.26178778759001997,97.0,15,20.6695386846148,0.2573301388738196,3
54905905-6998-4831-955d-5456b555e790,impulsive,0.7797862012319385,0.30485077448046416,0.867192945821419,281.8862096064852,0.40013197200593287,0.32187729902773243,66.0,15,20.838060968646392,0.5060332264766216,16
478ce939-3c67-4442-ab30-81c561709e1a,impulsive,0.5982360477209928,0.44154102358715785,0.47431985609500404,154.29943525366943,0.22073192944599257,0.5435853645181152,66.0,5,6.495310764723591,0.35357838251275325,12
2af9425a-a23f-4c71-9a96-36b154d45022,cautious,0.03379759462261744,0.09882641271815495,0.043424214254619814,68.12753421696283,0.8650685017307108,0.2427237764973675,21.0,1,24.81404811971889,0.07228278515173898,9
d3b5f5f8-e011-43ba-ad66-8d40fda29d3c,cautious,0.046250244956754144,0.2627432248642058,0.02742394239721372,193.66506739053577,0.8919393674936894,0.09409840824828344,35.0,9,10.492547534611637,0.28372316993443164,15
573b32ad-486b-4ac2-a2c1-ae6eb240ab1e,negligent,0.9206241028465298,0.635024008597125,0.7505465167278799,272.2800420095156,0.08544836601407022,0.4725387680222252,64.0,11,37.238727093375026,0.6979789032839647,23
f883a4c2-278a-45dd-bee7-667a90724c80,cautious,0.2262419057860539,0.029982536035985198,0.18953883723819553,133.03275840719488,0.9724316365888238,0.048134632115630335,32.0,4,25.790951608010396,0.14616710127811172,17
d4b2801c-7cfa-432c-9c82-d79827a4cdfe,impulsive,0.3398021311454413,0.3202167209881578,0.8608967241898914,164.57989143009416,0.19259535679612774,0.3219925004017736,55.0,12,17.734348364934228,0.48322188008890965,5
2461a6b3-2667-4bcf-b9cb-d3050a447e78,cautious,0.03669402194950374,0.04151354588985028,0.07711317344244431,121.94348595256983,0.8612250053118369,0.13992875269040805,75.0,9,29.46646796901161,0.3495253626892959,12
92c31b0d-f135-4494-9812-959edf5dc6aa,cautious,0.0,0.3046539829856113,0.11767264879707304,40.34184629509174,1.0,0.1486004121465905,79.0,1,19.97065408266644,0.11797550073297945,8
ce582a44-5345-4568-87bc-29ba07201922,impulsive,0.7174537358760675,0.01108536249731844,0.8064312669631557,269.42237465031536,0.22788709011813946,0.118081272635028,91.0,11,10.281574932672742,0.1382962757257479,8
d31abe9d-e5d3-4c0b-b559-88695ffef542,impulsive,0.9123877499747483,0.1806501170369534,0.5432515561568093,265.8898331456627,0.10390830498543865,0.18892783683659348,91.0,8,16.4625218724568,0.12542779430714132,20
a39d26c0-02ac-4d35-810e-8193b7071c36,negligent,0.9186142985509186,0.8601144394013043,0.8122231331660719,89.66606181613763,0.05703833214386571,0.7567980676112103,198.0,28,31.282836310807838,0.8569299895878636,22
fcc50961-639d-4fd4-bf28-bd422f178b0a,impulsive,0.49473276527764953,0.5127809629883063,0.8262610496477827,166.25354558174465,0.33619046616749176,0.31043016100321996,88.0,7,9.591919793226822,0.5464670944516605,5
6632bc05-9383-4330-8739-aeef7e6e6552,negligent,0.9611723698567107,0.4786977272726984,0.6816888364759747,51.8176664751666,0.030488070737851224,0.5471426721509391,43.0,9,34.878302301682055,0.8967719283966579,23
7809d0b8-418d-4d8c-9db2-6dd952535815,impulsive,0.629347872148892,0.1429194745087597,0.5756244717233114,160.15098928310118,0.18819355915059743,0.07029366961380287,88.0,3,17.484491846200562,0.5823372194117635,7
0a018847-337d-49ef-b842-38e226d178f9,negligent,0.7621265277585401,0.8694331936965438,0.8284420875161083,349.8690572628344,0.21173372674487745,0.45380122977457177,98.0,22,28.825191964341695,0.5567821082756791,20
78226c3c-f236-46d1-a019-9fba2dd88b4e,impulsive,0.6165217942412831,0.2993823812551758,0.5843972192172716,208.83562294771363,0.07102976535581786,0.4953929176646865,49.0,18,9.571603128941081,0.25868954892735213,12
c0d45661-b03a-450d-801c-c31043a7f055,negligent,0.9929315267302206,0.7682050529264776,0.969817125879417,313.25266466376826,0.31219186384288045,0.6818209604875116,188.0,21,16.422360022132715,0.8085099330442207,20
fe4f4f23-84b6-4fe8-96b4-759451224596,negligent,0.9266451910694153,0.8779898564942759,0.7760575151802211,181.32116801555313,0.10350014777081565,0.5543082760743735,83.0,23,59.75218301237536,0.3410951853453231,21
5e46abea-a7da-4c2c-951c-eeff353984b6,impulsive,0.7938505021514182,0.4418765677520972,0.5689445535067635,182.11588879663108,0.09538792320822029,0.3968609702834808,31.0,14,11.649911135818442,0.363355624910479,14
bab7430d-c31e-4d2e-86c5-9de58a44f8b7,impulsive,0.7585375416329738,0.10905654151763818,0.7145072340589262,208.55933594690578,0.3413512416636768,0.24276085304795753,64.0,12,11.982592761462666,0.234916493191052,8
bef60234-6a88-43e9-8323-d07bab10bb04,cautious,0.12078113701125101,0.08908688971050432,0.10421407964161374,74.71897609578006,1.0,0.0,34.0,7,33.13368978004802,0.11250453675754145,12
53c694e7-c889-483b-a1e0-01890130aa99,impulsive,0.6539506721487044,0.462222876342264,0.4612072466222949,132.23339497368127,0.21012897479763207,0.20244284775130209,67.0,5,5.874257758483836,0.2478661862677209,11
6a560f2b-35b3-4140-97b9-be0483440d1c,impulsive,0.6650547242265851,0.1286294088003929,0.48990077893364586,137.9858932276735,0.26265906331320044,0.3816295783008246,96.0,13,11.73373409625517,0.23333119767657104,4
f48329e6-5f81-4757-b966-c1566045878b,impulsive,0.42223289877101056,0.14572330959550062,0.6998636859127575,263.71458550665,0.22335235720935478,0.48960634333014924,61.0,8,7.6774902774644715,0.620765962764732,10
58464142-509c-48a3-8dd8-22b549878e52,cautious,0.1960464362324426,0.050580510634441134,0.099850654997077,142.23362456132526,0.9695890820308741,0.17750371855040722,78.0,1,13.158806081283258,0.0711912765082467,9
34f1adf3-00e2-4ff4-a378-46805fb36b30,negligent,0.9235578332660079,0.9105670241041707,0.6924576638043215,166.03055081775506,0.03691256110697407,0.5034864455457793,192.0,11,40.10876517554063,0.9921572345473346,22
0412b3c7-012e-4607-ae3c-6221b1718c22,cautious,0.2164717338224433,0.08913066903281466,0.09482305808231847,120.82323606336264,0.8401629222580106,0.015411461155219238,13.0,3,32.41692046804644,0.038658920431394024,11
c0f194b7-4878-4292-94fb-4966cae9bdfa,cautious,0.34799043191673656,0.0,0.10264887181511859,48.06852905938121,0.9663291102267746,0.08236129745901474,31.0,4,27.44948505684374,0.08526804289565222,11
5b77a040-5f76-4ac0-bd95-efd175dd9825,impulsive,0.7049217385680386,0.09517635996811398,0.6426598761740714,91.33609664847069,0.15178372722748687,0.2889174719396766,115.0,8,17.93332596506375,0.6186712041004339,4
9c633bcc-fcb2-49ac-8901-570b28214401,impulsive,0.7714529365762925,0.03199973921892165,0.7578402129583095,108.49081976297605,0.045159574718518336,0.27067647391401356,79.0,18,7.495049929054226,0.49360965986162064,1
02593da2-0f02-47c0-adae-00fed7da01a7,negligent,0.9802444443687408,0.7141104903600997,0.8279780436224077,153.3360154704329,0.09043443661879665,0.4001617573784818,97.0,22,40.326576669642385,0.6936704144525999,22
d1a5a199-be21-4c7b-b1f1-084e59bc1ea1,impulsive,0.34627830384991,0.13573076466212206,0.8038784728388535,146.41446416367495,0.2282090570493479,0.10631338528013921,111.0,17,13.720778904422021,0.3147634603910595,20
d071c4c2-00e4-405f-8e71-10f3dbd94126,impulsive,0.9450576697289829,0.26773663721495206,0.6890597885889831,212.29888236846196,0.32637837719804746,0.3487571977561393,24.0,13,7.167844550444663,0.0457099605498878,7
d4c0551f-d5a5-48b4-bc14-84fd592a5db0,cautious,0.17079913189647483,0.0,0.1901987433816264,111.31999630507204,0.9073083648367778,0.12199087671339956,11.0,7,22.121582282145738,0.0037329884886544906,13
3c691bc1-2806-4ad6-b204-37b4c4eff2eb,negligent,0.9294725566521028,0.9115147066944636,0.9309621399940476,109.95884780885277,0.046720911583987154,0.7383869885442231,54.0,9,29.70351950363913,0.8733632086336192,21
e4acba50-fff3-4635-880f-9447feda70cc,cautious,0.05227243001948082,0.04741656153986324,0.04853468714191418,122.68130854273952,0.9650161963992715,0.03318209308969249,47.0,9,19.73225502144989,0.05994102207070616,9
9092d142-4ae1-4a58-880b-4bbaab85e6a8,cautious,0.3126076157319407,0.08145109188348658,0.017502608210546656,137.35961140539473,0.9613419320644422,0.08447538542586246,78.0,1,22.04285079723898,0.09648326997068506,13
124d8873-6704-40c1-86dc-8fefa1565183,impulsive,0.7653302479047149,0.21344887461102668,0.6815162613852073,161.38414398827106,0.3482063784693467,0.5034063416656972,104.0,3,7.320701430591221,0.28197423445805003,9
c79d427f-9155-4c38-a186-c4f6278f6299,impulsive,0.8029730918176579,0.4338088266934427,0.8830984971414432,168.52000610441394,0.1459439503141548,0.2903123057368082,97.0,5,2.0581619971742118,0.5825767694644607,15
9220a6ca-c92b-41e5-a716-64c0ed96ea21,impulsive,0.6950081886820713,0.09727965436637183,0.5529388582103888,194.74360172816677,0.34280448588780554,0.23976772709840913,104.0,4,15.228549327556427,0.42516611672410476,8
bbae46d3-fc86-477c-8d3c-9c2dfda41fe0,negligent,0.9407888406921305,0.8544522647483915,0.5907462910874731,307.48535553460545,0.018724514139190677,0.4411925817737145,126.0,19,52.18060661542024,0.7371471701824048,21
8b4fee9d-637a-4fa6-bd69-697de9557fcd,cautious,0.04450117115327209,0.06829484709879047,0.08389018107021175,76.79825123285414,0.9646988785273168,0.1075418847524341,77.0,8,27.964614972498055,0.061978467330964016,11
4c200803-c534-489e-b9b3-afe8e653d843,impulsive,0.6224237930022614,0.2527300866054442,0.7624537419325614,134.2817515617533,0.24928648120553182,0.28697901362256095,102.0,16,4.748506738842959,0.2728980746105407,22
5c6b4224-1b41-4ca6-9e44-748ab380696a,impulsive,0.7316883876694391,0.26129737983314216,0.7112714379462144,217.2232086900293,0.2446440244187287,0.1692771083985521,115.0,7,14.980360720687203,0.2549551653495472,13
20ffb538-692c-468f-aafd-f872ee79c56e,negligent,0.8697249640297725,0.8913760261393644,1.0,339.3263424823505,0.17377907505660226,0.5342679429305529,151.0,21,35.44751556763529,0.8977475298346209,23
61b07371-11f1-478b-b85c-dd1f3748f70f,cautious,0.02573509949820084,0.014419056159566686,0.2668110480113975,43.56906084186321,0.8298081488383163,0.11761785622597239,35.0,2,18.861643278004284,0.06900746628394544,11
08911f48-6d26-444b-8dcf-2dcb24173edc,cautious,0.0,0.1250362441363642,0.23283452051872286,32.01355950997383,0.856313141448345,0.34053168434346937,54.0,9,16.290921553202974,0.00797445831056144,8
beb7083d-8701-4a65-82c5-e4046ef8c1f0,impulsive,0.6405174488513379,0.17577946277983472,0.503692282745864,278.28871592010285,0.16671687513333147,0.23936860218430012,82.0,18,2.0,0.502319079555738,21
603dbd9c-781c-4c6c-b19a-39565e65fef1,cautious,0.0780426588345247,0.11503505020599435,0.0883925586027634,125.2013020804724,0.8612105224016987,0.25162057031418567,75.0,5,20.340347642664597,0.05517371859465913,12
da0c1c53-66b3-4989-8c20-a2537c9b5708,cautious,0.1133198606990481,0.08799540847823993,0.14482913218647847,35.563193832969105,0.9035355727926949,0.14566439204856807,77.0,6,28.10218193774095,0.038573223824032804,12
31c87262-a731-451c-a710-6292c3acd4a3,cautious,0.0526409142256528,0.02814548683922164,0.3583741242065285,154.49253939276838,1.0,0.03530691897544145,48.0,8,20.640109946980395,0.02215325695376508,9
a67c9784-ef5d-4bf4-a4ea-53547ae4eb1e,negligent,0.9183149312243699,0.8013728716816237,0.8887214816522457,89.52550396667598,0.17447599867698987,0.5438591060851433,149.0,15,33.8611960009448,0.8266816836275491,21
26300bad-2955-4f91-adaf-e4f805d45290,impulsive,0.638618364829423,0.0,0.6255221149778603,142.0963178797263,0.13279510498204086,0.4574160990223127,22.0,13,5.486432480439166,0.7108615890067942,11
46ae6c71-e3f7-44da-9a93-99fdfe76bc50,impulsive,0.7306325186666979,0.3362700213145314,0.8507666016832937,149.28110698496863,0.15298635269421929,0.3027635309619049,115.0,16,16.109258732585904,0.4544036849270482,13
20e591c0-42a7-40dd-bcba-5fe6a20ddf7b,impulsive,0.747556143074095,0.07452148004341143,0.7883637486153926,149.75397679026167,0.17913233852330684,0.14291258151248903,92.0,11,9.007192853960436,0.4150860893834641,20
bf33a50a-69e5-4927-ac0b-e9aecd04f2bc,negligent,0.8313555351282211,0.8832471130461981,0.6884488454526223,190.09921821252766,0.04749989846835495,0.6265208943416127,183.0,28,17.02551973343045,0.7985408340698278,21
5ad77820-770f-4bb5-ad89-da2994eec51b,impulsive,0.47599001006746827,0.266751857918306,0.7292915424281468,111.15380016301883,0.11993912439713503,0.14201924489317605,112.0,16,2.0,0.30324763825709095,12
c6e9501b-b65c-4470-afc6-9b8247c61152,impulsive,0.6289604571047842,0.13029574121836965,0.5754885976153237,136.9223738071021,0.18850480504181827,0.4518580268596882,102.0,15,2.0,0.15862929941697418,16
868a099d-9972-4e60-906a-77d39d01175b,negligent,0.9943712772829693,0.8129038424811648,0.7623797150784027,257.7474405030549,0.002175585913466886,0.5132700203788415,168.0,28,31.256113476641968,0.8538324587071542,21
cb6e6e26-9055-48ce-856b-85661d7831f3,negligent,0.9571018713979178,0.976723991140013,0.6754354937974194,167.64065971338908,0.0,0.5256375387466121,47.0,14,34.468322240896995,0.8876667863161952,20
41fe0c9a-36fe-4ee8-acd1-21eafa42d88e,cautious,0.05480769955384571,0.16939596325406409,0.05916841131778508,19.35954353702276,0.7850385100430293,0.19963545741414468,53.0,8,26.68123198880532,0.03453097808005987,15
f09934a6-9875-4a6b-8492-2e7c9ab4e8ce,cautious,0.2697953850912264,0.0313072618741628,0.08033418952067403,243.52676966602309,0.9606383311416152,0.046479326828750486,77.0,2,32.340696383535466,0.03922329692932584,11
824beedf-db10-4e3a-83f0-e8a538ba6e97,impulsive,0.7617344722810421,0.18348359576201986,0.649865093176956,173.4401851079329,0.3289056474507276,0.33198868460526876,93.0,10,19.62299886859718,0.4490261199114278,7
d35e03b1-8909-4466-8a43-c4fca714b3ff,cautious,0.014801183169757027,0.055917415956912256,0.28651015178917594,195.66504606860468,1.0,0.06659215200694141,56.0,8,17.347802622944435,0.022789220732847962,12
872806e6-de7c-4bae-8664-522aa872d471,impulsive,0.48549280607260453,0.19194540348051742,0.41639602069230525,205.22195905580378,0.3573793796211312,0.271044903689989,64.0,6,17.40731871766624,0.4611609288371504,3
d7401075-a991-4c73-a8ce-a03ea3cbe280,impulsive,0.8071444754124455,0.1319826939142905,0.4457674148276568,87.69152763543732,0.048568300420118476,0.36504038196030003,99.0,9,21.60650268810508,0.3591729014890547,13
d6345249-69dc-4d18-8cc0-d3381cc855e6,negligent,0.9226214489383159,0.6719541613933485,0.8368545816093946,420.0116461238889,0.02288811260612469,0.6765499159624868,120.0,22,28.154942625189157,0.8285282676359592,22
0f2c30b7-a01e-4f9f-b851-b9f69e14b161,impulsive,0.8447863825405432,0.39983623565627635,0.4362099803141764,189.08620312393452,0.3373090148967125,0.4555106014531548,35.0,14,8.810957030558239,0.6300837040195341,6
78c57acb-944a-4b80-8e3e-2cae68e3bb15,cautious,0.17031237220449771,0.2751958816335639,0.03145411585186253,122.51226516802076,0.8138928924751108,0.020911013860343795,12.0,2,26.0902638084315,0.0007590879606411588,13
7ef34d48-f388-4889-8f96-81928609b778,impulsive,0.6913713291328568,0.3821100765413647,0.6115666982284428,109.51354835338451,0.32915713347198633,0.3987025624238881,44.0,9,14.972418999798638,0.2615592368577898,21
756b5fee-166d-4f0d-9f18-cb204e0fe99b,impulsive,0.2975335928901484,0.3465341060233021,0.6240678562691636,67.66441093628194,0.43609514948493877,0.5171804453773233,52.0,18,2.2379774228536284,0.12569743269746705,21
9cd785ec-d21c-4e37-bbf8-ff0b677aaac3,impulsive,0.4621945498873371,0.22484562029477226,0.4142946587198415,120.60072484038213,0.4271789603303614,0.4641903122650503,31.0,12,13.991159950819238,0.34070358665423667,18
3c25fe61-0334-4d7e-a3ae-93dee7ccb423,negligent,0.981094014677838,0.8772751616542813,0.8294954464566737,183.6362706262449,0.07139374076954176,0.22625937092664042,78.0,13,38.5106798856217,0.7442455431813784,22
5bbe5502-f52c-4940-ad05-c83dc27edaae,impulsive,0.9266472687264974,0.06674917549645132,0.7838265675356794,225.2943877834224,0.18629094508389565,0.33616261622162613,31.0,11,6.654879833838171,0.41386744916480606,0
280a2a9c-c257-4a9a-a053-a070012bafae,cautious,0.12489068415376542,0.019293525258539224,0.11981102148005322,46.4843522150236,0.9284328719557748,0.35861956304616194,42.0,2,14.234180179125806,0.23131317242526084,16
0a364b8a-1e85-4f11-8489-3aa7ea5227da,impulsive,0.7405149890394965,0.14486410384556764,0.6253233757934482,173.0985543873266,0.01022153298615587,0.38900810121059337,76.0,13,14.769415077000872,0.6514197592233326,13
7b56d093-2c72-4dd8-9fa6-0064b9dd4e47,impulsive,0.9502555683684488,0.22777412703980618,0.5396916357671301,164.9590116104239,0.4935231667657405,0.30774808917202734,18.0,11,9.6546005251756,0.7001875991651072,5
7be964d7-728e-401f-abf3-0e19bf8d7b3b,impulsive,0.6833015700048576,0.28659348840232657,0.7108865276105646,196.4965324473065,0.2916370419040305,0.1996649552315265,84.0,16,16.265602643330084,0.3946890853748193,1
e3222ff9-cefa-4fcb-a702-6968648ce0ac,cautious,0.13998794118258673,0.036484434904467816,0.095704293460392,120.11060840923405,0.9186367411322925,0.048706039280841676,14.0,5,31.371748423699067,0.14972297294051656,9
ab2c47e8-ae72-4870-b866-85521557b617,cautious,0.10752899732551285,0.11874193274152031,0.16828054857812003,67.93877392375816,0.9433849759378179,0.05931968845053238,63.0,1,15.06278424766785,0.03493891344466237,9
95ecefd5-b036-4a88-827d-deaed53f1752,cautious,0.15423854934761666,0.05454329206615054,0.09317215685044283,91.66301022398426,0.9631678593916393,0.1263379767427545,32.0,2,22.826557242645183,0.20779136474724924,17
180f77c5-b857-4891-8501-62a6fbed7efb,cautious,0.0385177630311927,0.03597010372996279,0.030681587564548585,181.5815782560139,0.7228668624063037,0.09968465611147721,46.0,2,33.60088659671017,0.29028836808938785,14
9384ca9f-6234-4525-965f-62273150ed82,cautious,0.0274606603018128,0.1752963432523332,0.12099067090952413,77.73989622084567,0.8632923746612701,0.2426095400541328,46.0,7,26.326020894818946,0.017727309274251396,8
aa710a86-1c25-4bf7-b131-6748ae877c4a,negligent,0.9732707144182373,0.9678727378182274,0.5972034700841916,230.72395548098683,0.09564261905611435,0.6148949984543537,132.0,7,37.43620480419474,0.7709912681634679,22
3c2c9329-b5d3-4be5-9cfc-4081a13f45b9,negligent,0.9490872259830941,0.7452279821703576,0.7995789754190289,369.41651442993077,0.06187728516101546,0.7939536665213585,193.0,24,36.478922908020174,0.9232268448849653,22
5e91f2ac-7b12-4867-9014-346db99cd83f,impulsive,0.6599324998875761,0.171383867623763,0.6334376835359807,134.2497691597066,0.12073667324759627,0.21009286798343102,118.0,10,5.655619775687125,0.5877118144904201,20
e61e9013-64be-4a18-8664-850df9796e68,impulsive,0.7453946204471875,0.1939512197794544,0.7136318606181777,324.932979807469,0.18152312678502677,0.2737848366238752,34.0,13,14.416576257012009,0.20284454461140836,0
11402f4d-601f-4abb-b460-64c1e7c6f030,impulsive,0.5207499611941243,0.25207370695662196,0.7475676796033941,116.7347603700985,0.47986875126846024,0.2565526483356048,24.0,17,19.312102919778347,0.510100218660253,16
9b7804e2-fb7b-446c-a257-94cc3d5219af,negligent,0.9004526042941478,0.8366622742167726,0.7847861683594257,424.50469896137463,0.23535703709410769,0.35360123048459996,82.0,29,24.77523501231172,0.7224111940007131,23
64bd311f-7ff7-4ab7-989c-65a92ee25a06,impulsive,0.6402465346332631,0.237008130805406,0.7391071765150843,207.63008299042465,0.34838283729205216,0.22855826614964403,115.0,10,21.751241494300924,0.5740446574937296,16
a91c95c2-42cc-49c3-8878-b246f97efd50,impulsive,0.8188369945398881,0.22456497938207728,0.9376598308008883,103.59389355368347,0.3490876637436313,0.35098401507501553,113.0,14,9.790531025025615,0.40557510799900026,5
06b27122-6bc4-49f8-81f6-2fd319775204,impulsive,0.6422058076597382,0.19330311299277717,0.6953289571557973,111.1511483273769,0.43377509671549785,0.2117541739990268,118.0,9,17.14574050616242,0.1191398413374762,23
6252fe86-9f9c-4567-ba4c-32a2c2cfb8fc,cautious,0.09538754653092238,0.2859283510228503,0.10810933342351103,180.9440180285525,1.0,0.18851917460654005,38.0,7,23.08455807230622,0.09505007635473683,11
066435db-d37c-4670-bdd7-a77bf48f42db,negligent,0.9242706992543824,0.4723026569570776,0.7067101042481536,360.9009572980011,0.10119651289379174,0.4244866706125743,42.0,10,52.62973695653229,0.9238686210905328,20
2ae1a5b2-dc51-4fed-8638-924024a60eba,cautious,0.13594603795491422,0.02884822726560293,0.0,55.08267816942157,0.8280392225681391,0.11960618964899421,45.0,4,33.061191962970476,0.12561664460872307,16
877cb690-61cc-42d1-a3fd-3627fe707819,impulsive,0.6749187726593031,0.5237728126911485,0.7639915673910073,175.24463862648793,0.22240103025337704,0.1331597274277775,116.0,16,15.32343972836232,0.08512206809660788,0
09184098-d5d4-4c4b-bfbb-0d064cb4bd21,impulsive,0.6526100298744018,0.17485440137843822,0.5757728264274943,128.7159498286418,0.3624518284805224,0.2451815509269932,88.0,6,5.247133780452089,0.3280577337691474,15
01491b22-2b5f-4967-bc4b-22553977f442,impulsive,0.9001180714111299,0.28208364218894755,0.6616688841188743,200.6968702756419,0.22154526400209762,0.42950382700566325,111.0,8,10.540829476139432,0.44510925247752925,12
f74390bd-a0c3-4884-ab1b-bd6a0fdd988b,impulsive,0.8764827097063514,0.15638412589270026,0.4961379915675643,167.624141683731,0.33137132575451966,0.25152032032813887,108.0,12,4.099629441413178,0.38500131970800255,9
168f3d46-3966-4b06-b978-4a28b776b30c,impulsive,0.9245529614782299,0.358592523167938,0.4510163877850352,127.27893254289665,0.23306274016240622,0.29141581913083736,119.0,5,8.712714670596574,0.44174325389679014,22
bfca4257-8f78-4c19-835f-4819a079520c,impulsive,0.5409560516930909,0.3117295295298185,0.5051601810091677,113.80528444497895,0.24563198500571412,0.3480650473384759,77.0,9,17.203448199141327,0.11747798871650351,2
5648d1c9-7615-47e0-a90b-bd80070fdccf,negligent,0.6784952375911084,0.8250598113639281,0.6989125536021256,171.16733381817346,0.0595754620503877,0.7678146569781039,112.0,16,20.75863219555969,0.6627529845819136,22
f5642513-23cd-4bb9-aae0-4715ec3dd9bf,impulsive,0.7400575336655362,0.3453496578541448,0.7226928876465292,138.94506056465679,0.4480583588169587,0.2635563076983894,21.0,14,13.923235813827791,0.10827985923025797,12
92649f49-69e6-4468-aaa8-c4a6ca80b7d9,impulsive,0.4825647114712009,0.06996553304311362,0.5825020013524266,176.75148263227558,0.44623624918368937,0.21766776097129886,19.0,14,7.672848347400789,0.2750498259124081,14
a17bc742-2b64-4783-883e-74155a23ddf2,negligent,0.6900079796213088,0.7544311132432393,0.5843875342877747,223.01762365316625,0.03477825361149981,0.2676064266076898,116.0,21,31.606664120927114,0.9331022541256005,23
cab04eac-482a-4b24-8c6f-0df525579a18,impulsive,0.835130957734159,0.21328377131335985,0.8433363455250423,104.59371463592191,0.23852938112732985,0.43662372778154485,89.0,19,12.508523039692239,0.28182770887761527,11
fcc3f945-cdbc-420a-be79-80fe2c1175a5,cautious,0.09479458746224062,0.1041674697798257,0.010165280344290893,101.65961866542116,0.8367835782365314,0.21468493381262257,60.0,2,40.640061807177375,0.12259720346256871,10
eed715e7-9594-43c3-8150-df40a5738781,cautious,0.016149889541499332,0.034861772044981615,0.05614479424442867,98.63331584677061,0.9258188273163943,0.3204380086707027,76.0,9,24.782870424079185,0.19822533570073736,17
2efa5e51-a2dd-4249-849c-b9ef80d897e8,cautious,0.02612035672106584,0.06751518628136731,0.2222226830620274,17.131439551242327,0.8497885714827395,0.03428426435186754,71.0,1,25.915889267257924,0.09309341067750118,11
cf8087c5-c7f8-4f17-9704-5cd3ef291fa5,cautious,0.0,0.0888122460898616,0.21367261684063005,61.81354795219415,0.9955794555340091,0.00827678381144303,69.0,2,32.647575000754884,0.13789639973099327,15
712372a3-7877-45a7-ad31-f64326f4f002,cautious,0.0700280039033608,0.1854768570118441,0.05173611074735721,132.22600947960123,0.9486558768882046,0.0,47.0,9,19.242131736062888,0.35822933195790496,14
e18b4885-31ef-4789-890f-0e4ac90f85d8,negligent,0.8513419558223784,0.992875557091006,0.9771523827909988,147.45731011252246,0.08085002152206291,0.5985947508611967,113.0,17,22.499381299808647,0.780863475317679,20
e8c1063f-e079-40be-9e70-b28ce02d7fd6,cautious,0.20704981065194206,0.0,0.0,41.80005433966482,0.7222112896286091,0.0028598681439369394,11.0,9,24.704550018199647,0.013231245976474204,8
12fba390-5a07-469c-9791-5f3e0225fcd0,cautious,0.07397417971515143,0.06848009383502665,0.1148147988041125,92.00949303649209,0.9554021610304516,0.0,12.0,7,30.409594377443035,0.2689846121435724,15
7e3d02ff-7760-418f-86b2-64461dcfeb2c,cautious,0.010820558403055814,0.03456796494318133,0.023005987397752718,140.26905283057738,0.8587880294603654,0.1541937617159929,33.0,4,24.575973250377064,0.20893119070019145,11
9c4b1aac-3c7d-426d-a14b-ff09f091a0ad,impulsive,0.8859533386670595,0.22690650396310988,0.4801432625798696,180.31528041580256,0.4862751320648005,0.20992014658090494,96.0,9,8.330451296613504,0.15210619593049854,18
eb86da6c-343d-41f9-98e8-f99fa3e8e98d,negligent,0.9145835114540176,0.8905099735344112,0.7969071611552604,316.7404692597895,0.22244988713491193,0.4909281822677725,180.0,18,27.3119478397268,0.46522138229105386,20
bd3aed9e-b775-498d-bb98-9fa22318613d,impulsive,0.819893302929771,0.1337080235629924,0.5428129298726574,68.18541394411673,0.24846056556706708,0.16179710151091303,18.0,3,14.65994507547591,0.4837993972233454,5
eb46458b-d1bf-4e12-9f25-98a8d44c5020,impulsive,0.6809982249197625,0.21435461889412008,0.4499455573203868,122.75169345286,0.17468260425926782,0.2683691198332572,45.0,18,6.579658697655667,0.22567447435267202,7
ceb48590-c27b-47f6-9efc-979d61d05670,cautious,0.05757325474001747,0.13897203810604922,0.0,62.9894277394625,0.8661908591192745,0.3225579020504118,44.0,1,26.88218044484865,0.25661537215318914,14
68bf7a0e-8428-4da4-8a71-0fdd55f1de11,cautious,0.0014049394620971965,0.0723792860153204,0.06798845228976022,76.8102786424241,0.8181515007697266,0.053508257098536335,15.0,7,5.531685815040614,0.015468903040075591,15
43791619-40f7-43bc-a358-42c18dc3bf50,impulsive,0.46047167114660786,0.021640670888287555,0.7872999390065736,214.6131550156082,0.21515166909933686,0.6751019344513749,26.0,13,9.504973910419572,0.3331713157861161,11
18909750-b9e2-40cd-8570-ca2a830185f4,impulsive,0.6631258164699094,0.4457646174842298,0.7969679426049813,131.89713463159376,0.22633858061221998,0.3003390993978906,95.0,10,10.399357743680142,0.48129447328783137,7
28431cb4-7a43-45ec-ba8d-7b5d679a02ce,impulsive,0.6272608298131156,0.3633994966597841,0.5231667530886668,100.47535781209578,0.2457260280177363,0.5978651651279723,38.0,5,6.138274469485229,0.42440695180508065,3
6beb0a59-5f75-46f5-b3af-edc2fda67287,negligent,0.9806775782513573,0.8540272687650631,0.9046675239425678,138.70105231837167,0.03418238916749008,0.6825109227791082,158.0,12,34.573023933944896,0.9336941537822843,20
0135e1a8-b865-4dc3-b34d-b4f24556dca6,cautious,0.13631739366097606,0.1156779038409049,0.26799962099517116,62.8533818440398,0.6621115644284321,0.07008047102595481,62.0,5,29.09580136285384,0.07883779233386892,13
a4d6307c-8e0e-4763-a15b-083ed49571bb,cautious,0.0,0.0863934901126988,0.13925377661423363,100.30868581481376,0.9664501618065776,0.08125692135623586,70.0,1,18.398150521507638,0.07522956935168047,16
4a93535c-a4ee-4bfe-999b-9ac785aef926,negligent,0.9621739222194812,0.9148748921238642,0.8229051863195304,339.36951488644155,0.023122728404014845,0.45436097018138105,121.0,25,53.838454311225235,0.7438989224477461,21
f6fdf360-2443-442f-8d31-537caf9af630,cautious,0.14686174263086066,0.05801844548342455,0.008502872415987506,213.5539303199058,0.8817473251080257,0.030839980665645632,67.0,7,31.919064959539465,0.13186445998235172,17
da2a6c3f-4e49-4d14-b493-9fa98b4ca6e1,negligent,0.9540950932005974,0.5461973731655266,0.9368499162170594,118.00641075044149,0.2169009519722487,0.6413300275820447,40.0,26,16.06808689034919,0.27522135217066035,22
56084799-d76d-49ed-aa70-388c7ffbdce7,impulsive,0.5527964884192956,0.16072539966259147,0.592509122993603,228.15044890086187,0.1888274435943643,0.4642966889752788,33.0,14,11.033419113890773,0.7731726864066868,21
11a52eb0-adb1-4823-bb37-70a3470a26e6,impulsive,0.9464846686995044,0.06174423368350257,0.8012378985984531,98.25190008437785,0.20194342983485622,0.42889202004044996,20.0,4,5.527487496438058,0.6145462227232341,7
dd51ed49-baae-4f80-a8e3-5ec6ccc4be48,negligent,0.9349309457344198,0.8516323755395491,0.6929175985338575,56.06105443091154,0.0,0.6026565975481785,65.0,25,48.53960395450643,0.8546981685070686,20
81d84069-f425-4483-8540-e073a5c6a6cb,cautious,0.044092580259539424,0.0924357553025159,0.10727250918699432,108.57945403488576,0.9506694205683561,0.23310869880401927,55.0,9,23.715317768329637,0.05933588836881071,12
0b0b1a50-4d22-4697-a19d-9aada82d72da,cautious,0.08742282688471309,0.3463229168326414,0.037315252798763646,95.27194765256534,0.8855113305032026,0.22255501488263557,43.0,4,25.728351765588815,0.08219357948928037,16
e6e67229-7b0b-4167-a8d6-53bcc4192baf,impulsive,0.8715791263792152,0.17771672587363888,0.8156246803402967,58.662888950459795,0.17835779319636524,0.25473080770120476,101.0,17,20.19143272211189,0.35499774755792984,19
b3ffd5bd-9a25-45d8-8168-36c6e68f6aeb,cautious,0.06748445746637682,0.3404913736875702,0.22646496189783075,27.457790547391113,1.0,0.08746386150085539,58.0,5,23.67529998819171,0.1828776547542065,11
31f5ab2d-f5a1-4e82-862d-f49ec50fcc2d,cautious,0.11877762324375386,0.10326368211997328,0.03679079792945249,139.9170911087507,1.0,0.09601798099330816,21.0,1,21.268563665938707,0.05566341176297703,13
891b7d82-ebe5-4d59-8889-e4108c232ae1,cautious,0.06212932451401993,0.10398793632011287,0.09621286480725523,195.389963761567,0.9200462820545916,0.3946461352444578,63.0,5,26.347207355666857,0.007755708630906238,9
34795178-fa32-47ad-afd8-28f2a6f4efc4,negligent,0.938356432515373,0.755922555505025,0.7836404424207238,389.2115288467339,0.053650329439421635,0.5690000768204526,178.0,16,37.40426525451084,0.5068715466631902,23
21565d93-7531-4420-b53d-0c6a8c53fada,negligent,0.9864126919380687,0.8332102562079032,0.9155030360174339,93.59806086457637,0.0,0.7066266076729801,125.0,5,27.64353656038827,0.9464137057858997,22
0069424b-1778-42b7-885a-22ea3f80cb22,cautious,0.2827947382721349,0.0,0.28934736366552066,155.86628946880387,0.8273147158416243,0.03877047924260171,37.0,9,31.970681473989742,0.34441146662062894,11
c6dcd163-242e-4ca4-89d9-e179ac432ad5,cautious,0.056037200344232097,0.16258624582013098,0.06419430959227738,128.95609988475408,0.9619017799308415,0.019141857405444256,15.0,7,11.992289890696735,0.051529073034213724,11
5516696b-4d90-42ac-af05-d9d9705fb7ad,impulsive,0.5755580184558903,0.3971570159373359,0.48462401322116355,82.99320772631914,0.11261453168198789,0.6095614295980714,59.0,5,17.498106342676092,0.8522947403388408,11
7e552c6e-67bc-475d-90c3-73a3e329976d,impulsive,0.7159488403674781,0.27093299361585704,0.6545722408303538,240.5274302014139,0.16330449327249774,0.1405640363589581,52.0,14,13.501656266235049,0.4209340304851833,16
7ef6be70-9b43-4254-83fb-582a47312f68,negligent,0.9954393012757009,0.8854115184649994,0.7537887301327584,278.88453287399983,0.13160816792565044,0.6477078641595441,50.0,14,26.2918446692208,0.8107701911655912,23
b0b75e5a-af5e-4f1f-806c-5f7c29d92b9f,cautious,0.13942665123494513,0.17990280476829967,0.06646495078881366,229.77067057698176,0.6827213062841232,0.13469838722870958,77.0,7,29.144154047804978,0.0027333967342334296,12
897a5b70-1810-4a44-b898-9458dc43b0cc,cautious,0.11238211418008318,0.1301800895813803,0.2254965708034088,45.38541483964587,0.9643463477077646,0.2407943361493475,65.0,3,26.01010185189648,0.04554000610080039,12
c4973653-b5b0-4597-b83f-3dd0e89f825e,cautious,0.07545043889770148,0.029490493054286113,0.07087319806915661,36.39233604499392,0.8981106746564362,0.03553497630434056,62.0,9,21.317794866813617,0.006749199744432721,8
0d6b4e7c-629b-4231-8d35-45e52600c34c,negligent,0.9714765050113365,0.8862491761685845,0.7976525660646783,357.8410407448488,0.056576010122787596,0.542454652365301,43.0,26,38.05376017100664,0.914479392080673,22
ba8925ba-2381-4b4b-be61-a7403acba2ac,impulsive,0.5592699033168006,0.17190637559050717,0.6764896102335975,246.99293342197183,0.09421221972960139,0.5106075310257117,21.0,7,11.448767862204408,0.21712969161065793,12
9bc16683-5e03-4b88-8b1d-1694e9a84558,cautious,0.05561209335673142,0.10526952961639185,0.10384495686903603,82.87825570992857,0.924769225473399,0.021524309860896314,22.0,5,10.763505234658892,0.22736619071848643,11
ada9f3ec-eb79-4ba7-9588-6926aec8b16f,negligent,0.9946162819605734,0.7227482288330834,0.7871659433939443,65.41443507433654,0.23940949339826692,0.4029492061165168,123.0,15,44.084140280036294,0.9206115084507795,22
97e59a41-c597-491e-95d6-9e674cd180c8,cautious,0.20980518244207727,0.019334320419881833,0.06350264061673118,92.08682087010628,0.9594406836727475,0.17330722898306922,44.0,9,15.867229544983493,0.08831909156807213,11
0fda7397-48f0-4c41-a510-70f98931f45f,impulsive,0.7972998759023907,0.44101993648491156,0.7771164334409948,123.57416995926545,0.13331891910381555,0.46658807704750793,82.0,11,13.774783895489474,0.4693987550761917,21
f294af46-44d7-4178-809b-aee0742a4778,negligent,0.6983752786751914,0.6887223589286137,0.9764049495254495,314.4443363440252,0.09126632984754326,0.5365603110697942,58.0,26,32.69051803282097,0.9537248208783455,20
4d4e64e6-19fe-4152-86de-80bb216b64ae,negligent,0.9664695739089344,0.9539896711566922,0.9258541471186064,400.9085161245429,0.05406141813429357,0.3865154108380899,31.0,26,22.30818617556837,0.9482466525056584,22
7a4d6383-0eac-4417-ad9b-167fa1f54dfe,cautious,0.03367988233196966,0.003980390580651215,0.11121720339465123,48.81170135651644,0.7861022002372915,0.2056364535504704,61.0,1,38.45728597026934,0.3496292353878569,13
7ce7af9e-fcd3-4a24-b315-912dfbe29dce,cautious,0.09999292337380257,0.062582943770548,0.08570667485332585,58.27725794941407,0.9762891098303537,0.12098828757831107,63.0,9,15.363938309790134,0.04853896128595686,10
7a08f154-74d0-4aa1-89ad-8cd0f9da8c46,impulsive,0.6839536841391246,0.11440250502420965,0.6837875114137626,222.33633815818604,0.2283028370739521,0.25639419352119464,50.0,13,15.743404316372843,0.6016240187553051,9
5a78501d-1211-4617-aebc-06756e1da4f0,impulsive,0.3500695706198185,0.05045913914894077,0.4783468887714743,133.2066778581843,0.22165298606888087,0.2752528835811894,37.0,18,14.865540697176883,0.20773168164526135,8
fe3cfc69-2ef4-49a8-8e01-99c7dadc4548,cautious,0.03937896019809213,0.033703487544477426,0.0,129.51854510005973,0.9072808530475442,0.0,31.0,8,35.6194396539941,0.2562685098451506,12
008b5528-41d1-4815-a4f8-2be2cbbc859e,cautious,0.15575076327645745,0.07247749843525424,0.06215272028670821,31.825576906100416,0.8445757341519083,0.0,32.0,4,29.541615524548693,0.09687650169215534,12
45251145-83dd-4040-b8fe-d2a1de4a4a50,cautious,0.10268636790270691,0.0,0.08018366039098918,168.2386265163925,0.7533505161794377,0.15440226240257807,26.0,6,12.81670289218164,0.08364922350189545,11
ff99dda9-1273-41d6-89f3-02172143a8af,impulsive,0.7987801997288707,0.28083954582701737,0.5582469306176404,275.27028038809823,0.10868973917538338,0.43420418260487603,80.0,13,12.710874985068285,0.248437820911987,20
6396f7e0-96ec-4c58-9532-839fcfd04540,impulsive,0.39532821903465387,0.2781694654277762,0.40181612063512984,122.43559107702868,0.07393456132784115,0.14307652914525001,64.0,11,7.154939357085279,0.2322223798981736,17
ed759aa9-b388-4a36-ab13-628bb9a3787b,negligent,0.8616162075674488,0.6073023952269573,0.9150622952538852,136.09525341636893,0.05501622482574327,0.3932069951206008,23.0,27,44.715633120522895,0.6066718423395755,22
e9fcd4e1-2dea-49d1-8eab-ff4bf06be0ac,cautious,0.16500757450774758,0.0160148976604999,0.002510650806437007,120.29619759998307,0.8924085509661208,0.06744528904315203,54.0,4,29.528448198581707,0.03232316192411323,12
88c90314-2ad9-4458-af25-d3f4ea383762,negligent,0.988163495442232,0.6949637787539684,0.7422327429787222,59.21845809348275,0.0598825329910737,0.42137915340579235,76.0,5,41.70831035862526,0.9099687101383653,21
51db59d1-319f-4a64-844b-8860ca267c1d,negligent,0.9595299048474676,0.8558666742503775,0.6105646411093166,493.1924460957103,0.3252601491631648,0.5725856301183581,173.0,28,35.05097782167898,0.8483211997449296,21
d8c7768d-7416-4292-ab9f-613e3515982d,cautious,0.11815217883444264,0.1963288742775656,0.1066293517156594,60.081840647770804,0.9604607085617807,0.07478409496101289,47.0,9,44.49733023007181,0.07546215980572513,11
380addb0-005e-491d-941f-8c29940f19cf,impulsive,0.6817457383216863,0.20052898738872785,0.651660713278265,80.35264037987781,0.15723520524893708,0.34721065870049306,18.0,12,4.806177801600802,0.22099194001994785,15
e0943400-1046-494d-8ba8-b7cfa914ed89,cautious,0.14513306626163772,0.16844351220216466,0.08995346771518156,65.39264640696383,0.8426375475324045,0.012609910198122923,17.0,6,39.074716280494634,0.11900385762777635,11
5ceeb1a5-467f-483a-937b-0b229993d9da,impulsive,0.6657054103175969,0.36957837985709546,0.5652045165842118,176.85284841660118,0.13670823543526425,0.16190491754917352,59.0,15,2.0,0.28965924740593496,18
2e70d7a9-9eb8-4f1a-a868-219f10360e2d,negligent,0.8737336462369488,0.7739450426457392,0.6485101424752721,193.79358025835523,0.002292056630892776,0.3464605064036811,63.0,13,22.5700602092808,0.5466997302283776,20
cbddebf8-cc5e-4be1-aa0b-54f2089758cd,cautious,0.0,0.017132385442589167,0.11181616531967273,13.831602612418434,0.7950961262292546,0.12756280244862228,78.0,5,26.435702549071582,0.01198347238852907,10
5d80be67-d9d1-4e3d-909b-2de3c322cb8f,cautious,0.0,0.06868457646494344,0.07533060313376698,107.76259460031807,0.8839686700072235,0.1642079232679135,64.0,7,37.49978796320671,0.001494841074572064,12
e7112100-0469-40c4-ad11-90cd7d8ca994,negligent,0.9264877291210094,0.806319311908756,0.7428216612354223,98.4026573082113,0.0,0.7128060088806522,85.0,12,43.52291046028634,0.9007270016826158,23
d1982445-8aae-4a38-8c59-ea5b965a3df6,impulsive,0.8034560779121713,0.13266765024998556,0.6101129027594682,191.14643800054967,0.06741743418302776,0.22435316831696778,69.0,18,6.981075845003282,0.1762389062208249,4
52650e71-0e7c-42a1-ac6e-51487d5aff1c,cautious,0.13229360319007868,0.02781997731432166,0.14823291627657562,268.5737886046974,0.9997305709048092,0.2363011269200966,34.0,7,30.800298607938903,0.27622310969739683,16
00184cb8-6be3-421a-b927-f25c27c2b6c5,impulsive,0.6113943913569639,0.3961749224845375,0.7626298046891702,164.62220587066824,0.14408940485404503,0.4186215325668993,107.0,5,17.309060157258195,0.2058447532687202,22
fad51964-52ef-4054-b230-b0c209d09f82,impulsive,0.664937575484915,0.15556616046916957,0.695863859742872,101.89216181839606,0.04517928658997308,0.11087945012474791,51.0,12,13.16664362909544,0.1741512675374388,19
d7bb6757-91d4-4e79-8ea6-2e3e8428f2d8,cautious,0.1548435773981378,0.16609021678720498,0.021202415035576884,60.78473119749359,0.8631764406332777,0.08941068506772444,21.0,4,22.117291708971738,0.018815498915938953,13
7e665cfb-c870-433a-b3e4-3ceee30b60bd,negligent,0.9531976851282884,0.8412923126213844,0.857872803039869,261.99642555668277,0.017980368168630148,0.7604426639238322,91.0,6,53.397454912064525,0.5980216080731696,21
cb58fb8f-ce47-48f2-a6c2-76be27ec2d59,cautious,0.05735015053842491,0.04325374292871309,0.020775339557204408,177.7544275145698,0.793724169991397,0.08002078634871888,46.0,8,17.387889985040907,0.113584726315298,8
45a7c147-6771-4c3b-9223-745d2cd70121,impulsive,0.7641652733159346,0.09520494836578375,0.870774888832449,177.53150826609254,0.08881141882889368,0.22515327979942895,115.0,15,13.949109523742521,0.4550031948072545,0
1b406e85-70ea-4f1f-a47d-c303f3a91bbf,impulsive,0.6800297346694619,0.348275665776927,0.673318043091155,125.99283916272036,0.10177307790562132,0.05779942922903066,63.0,8,10.032878646668168,0.2958203921193722,10
b6cb6e6f-0552-4ef2-9a07-95986ab6e3aa,impulsive,0.6038071657134286,0.2703480735854656,0.8955936810134595,152.30829387842195,0.3360236653514762,0.3602254647728986,113.0,14,11.06883345947689,0.6218002058874073,10
9c38b214-8a28-4ed5-8a54-401c544f1fcf,negligent,0.7122307085286957,0.9197731829726387,0.8148778785638259,195.0282549013425,0.012612996006619893,0.5076580368663428,36.0,15,24.04220163560505,0.92836911294013,22
176c2431-5bc6-467f-89b0-d47ed049e94f,cautious,0.3998781905228086,0.04174048728663782,0.19648011645085173,27.736387640746653,0.9160390876986978,0.05712092136469856,36.0,6,27.000984503247516,0.17412253684631404,13
5ccfa558-31bb-46c2-b5d4-1c7c49e411c4,cautious,0.06590457705222835,0.06606530647620577,0.037157814723547726,168.23858750160056,0.7037013322965425,0.0,61.0,6,25.770218995196235,0.0015830049131016358,12
396b9300-6d4b-44b7-9966-a8389020d31b,cautious,0.04036019083080119,0.3316148588819329,0.10848116961091517,79.97418017016345,0.8172275306913201,0.013541182655822596,27.0,4,27.291471506608726,0.09575351311563754,11
f8dc1171-d02e-4dc4-a63b-da26fa2cd6c4,impulsive,0.7714118509796807,0.33057943695228587,0.7325061136144355,83.52951398072696,0.13022121753947977,0.4793968992131471,29.0,9,10.643224893349627,0.522444220200515,5
9c395c7d-b8e9-4d5f-a8e0-ee9fc83e889a,impulsive,0.45221622729895083,0.05254470413597888,0.49719100963692014,175.4971522113741,0.06118989677519617,0.5003662351597754,105.0,10,4.523287052126999,0.3404968790027152,23
1ab61443-26e4-4957-9f37-b551c2364fad,negligent,0.9136033196506405,0.7439085617853833,0.8188394581954931,521.1415291913164,0.2480239700954897,0.33783787487439587,25.0,17,50.04440369784675,0.49044026862315193,22
6a943a9b-d9ca-41b9-a7a6-e37985c8a9c6,cautious,0.015305798414836584,0.0,0.019383387882889576,29.8997835810563,0.9309104351665254,0.343464982253875,75.0,2,19.531898319955857,0.054770020042847915,13
74ce0b2e-ae33-4521-a8e5-3611326db527,cautious,0.056900142312725256,0.10964014246592357,0.021035671766785592,19.148092484262104,0.9472848197949969,0.0,27.0,4,15.390274846887285,0.05401750853451892,13
f13c3d47-f5ba-44b9-a325-bfd003ee4a65,cautious,0.06580934355786593,0.11956931483622543,0.14215063922645765,21.17536505394522,0.9499118577996692,0.004028259339503251,41.0,7,23.200016573510247,0.056740076789944506,12
9f9e0f88-c7aa-4eed-bc8f-7e97c6f2ea61,cautious,0.11088723730728342,0.004513550174559923,0.10814380478088717,65.0324075158732,0.9968211798204091,0.021452597092565515,54.0,1,23.325825313082223,0.2673907452319289,13
e8c5d68e-8a87-4708-b1d3-360c0d7c6cb4,impulsive,0.4713137232434187,0.133789407428129,0.5146177777328668,204.2847427383124,0.18595929793127966,0.5917909857354735,59.0,9,10.301373035473912,0.31780948910121093,2
749321c6-e75c-4c35-9ddf-224b63fa6ec1,impulsive,0.6784607599442533,0.2965572687540997,0.5871366461758347,110.45660359405917,0.08067561137191435,0.07719394326542564,64.0,10,16.138148215428505,0.2708426740605372,3
dab82e96-d069-4c3a-be1d-cd318f562cfe,negligent,0.8390634973991233,0.8138496881185809,0.7586460319924733,114.58412789371829,0.07765928932712622,0.41419922732083214,134.0,24,36.27365006843904,0.9475610335347036,22
a1256a99-54b2-4d8f-863a-4601fba0e425,impulsive,0.6752085636973703,0.1909651328045277,0.7930346597835599,116.84504893520048,0.36936069431751767,0.3086344605998343,47.0,6,2.791593957809683,0.5576334806847246,16
741168be-a255-4fb2-bc26-3a0a42557b1f,negligent,0.9979641119194348,0.6881707159793929,0.9837980041099187,151.65361948134327,0.02378288843959676,0.533068862682305,118.0,26,49.89510232263986,0.6285131717040615,20
34d426ad-a56e-4048-8848-d0481c0886cc,cautious,0.058340392383716584,0.0,0.003811335235523813,154.1245694665027,0.9775292790307152,0.07223297317550596,52.0,4,26.976528435659482,0.16974418161144117,11
ee312294-ad3d-4297-929e-4ab104377cd0,impulsive,0.7617181567507414,0.12680200274302889,0.8579959890411035,64.60644532801713,0.08190086865672248,0.09363399704177376,85.0,6,10.186289292126792,0.11755560122907463,20
626366ff-2a5c-4f9e-8d45-1fa47786103e,impulsive,0.6530955516820413,0.2561832256226471,0.3974741826656546,109.53104513274893,0.05880133776803455,0.380192608914563,36.0,17,12.508787061432688,0.32591393036479444,23
0b8e0cbf-ff96-4ea3-b25c-891bfc2dc551,impulsive,0.898922808556777,0.310430934034498,0.492780250070505,168.67811668836805,0.338081380972361,0.4964017109191653,15.0,9,17.230552387664172,0.22981570933076886,13
4af1d4c0-e20a-4ff7-a2dd-8de77fb1345f,negligent,0.9694468602256509,0.7611983064900157,0.9496586623081941,568.4668205782032,0.04328157909029104,0.4236121355001203,169.0,16,33.870220094600946,0.7075969258928407,22
b9916236-a2de-4f82-b596-8660bc0c117b,impulsive,0.8556612007299363,0.15828221992369915,0.871485522256036,131.3086465260024,0.1727637563561899,0.08567137519765182,26.0,7,7.5656743218404925,0.4020667549080908,18
3046be0d-5c50-4ebd-a558-75501ce95ff0,cautious,0.0,0.05957684865767473,0.07313957011997459,100.29585923910105,0.9411169644377662,0.07419541694193472,11.0,5,5.908966952360835,0.033415414018608716,17
aab06c36-c518-4fdb-a1ce-3c7cb9fe0cf8,negligent,0.9704157038141675,0.4901999212717744,0.969494134759254,186.279553977165,0.05146122792267972,0.8112665815563536,118.0,24,37.900548508011106,0.5796053571928587,21
e1930a0d-b0ff-48d7-82b5-e3014bafaaf6,impulsive,0.7423867808169764,0.200228035199724,0.43204827012331415,175.3300438465301,0.42065035788024346,0.3759584541311384,69.0,18,12.09000795295193,0.5530738370056661,14
7aa91bbc-3046-4012-8a54-316cae74895f,cautious,0.3649322270723987,0.06305074021884055,0.16952617526170333,92.38447284130643,0.8376053301621992,0.04612996015645498,20.0,3,24.288966690254217,0.013772622958503332,14
41542b1e-6268-47d3-ad24-2cf027d431f2,impulsive,0.5856639225846545,0.4432147946506661,0.6525850577539404,211.50644205970084,0.307644668534214,0.2949982115728869,60.0,15,8.555377769804146,0.2454950886691014,2
1927c52f-93f3-4310-8d73-34441e01721e,negligent,0.8552931847793128,0.7534379291601343,0.7417278970752169,246.57919830877626,0.034945926258712005,0.6391628060425582,160.0,16,9.806587466188674,0.8362103356819505,20
35962074-8256-405e-aa47-a80118b7f665,negligent,0.7021191626188802,0.9944981161381945,0.7433810561157153,550.3591135074925,0.0,0.6966599078759486,64.0,12,21.18930832577836,0.8025435598972218,23
fc9783ee-fb2e-4105-bdab-5c99820660c6,cautious,0.05411821451557566,0.11847047012826212,0.043826906315108646,80.99290052169206,0.8821564387646985,0.09017823047782939,25.0,9,34.305698857319356,0.008149044154795925,8
c3e5627f-08cb-41d1-95ce-4d3a99be139c,cautious,0.0,0.03958600291467015,0.3358564081348536,46.16781774829381,0.9665814777866841,0.0,34.0,4,23.45431999241268,0.0030033336994602696,14
f8763862-bad6-4345-902f-a18e0773da89,cautious,0.3120478652159737,0.048639629866955976,0.07171177899643358,80.87811842307376,0.9492952052055755,0.051928835527791206,63.0,6,21.653226894098367,0.03859206105088169,16
febd03a9-a550-44c5-b817-c3496b4140ec,impulsive,0.7176152272824218,0.5407207840061314,0.7724974978270792,157.79673785276864,0.4215142543258312,0.35355884043907243,107.0,11,19.684053211707393,0.3610550886546968,16
fad91c22-32b3-403d-a360-7563fb937df0,impulsive,0.841858054086685,0.04525247005595488,0.8931975931423994,124.48813392674722,0.4046656737418094,0.22989378892913537,102.0,5,18.76024307129469,0.3883363034840154,17
84734761-7fbd-4e8b-8160-7919893f2f0f,negligent,1.0,0.6710984987468999,0.8265065203576701,186.04157552945682,0.07320184039412993,0.6718917697157107,174.0,11,25.96745739128275,0.735811789158588,20
d4c40ddd-592e-47f3-b036-5da606ad94de,impulsive,0.6274654826071192,0.15242399659294667,0.44501636369292175,153.9000928178224,0.38863308466985513,0.2857248817794056,115.0,6,12.494267256614016,0.7961541428766462,11
82aa3b51-8d1d-490c-9982-577945eb0c32,cautious,0.09235775882038225,0.24025569889124304,0.026013077107768425,80.73959740841225,0.9274507198422886,0.03618058506511716,53.0,7,24.8796280913177,0.05098609073637932,16
43450ac7-12f1-441f-8b80-5092b240434e,cautious,0.19504199629647437,0.2748949280966229,0.20953871636630542,180.32216890124724,0.8808094771568389,0.020559243538567206,68.0,3,25.450373566184037,0.1017885581751926,9
fc682da2-9ddd-4f12-aaef-4103a064802e,impulsive,0.7449751695893103,0.4852306072568901,0.679479731272824,94.85222179807506,0.4338846098681026,0.3313964077739753,24.0,15,17.2389006504486,0.19554281420841205,14
0861c0ff-5fd2-4d49-aa2c-b94ace52d3de,impulsive,0.7215775439340768,0.3074434249729321,0.48365750806488683,110.50345949643986,0.3140977681527922,0.3405879869491935,55.0,17,15.289767797157307,0.4716436085147493,7
3ef17280-fae2-4df9-96ee-1647915ddb12,impulsive,0.5753556384884992,0.14453378748073922,0.5385484456203078,62.34654490246895,0.32497822453030123,0.4526747922900842,64.0,8,9.010482626456765,0.2863451327479956,16
6ccf202d-ca26-4f85-b15a-5c1e30efec2a,cautious,0.08759617244381761,0.034423775186450796,0.24316399864893684,149.13048179063117,0.6068077945386161,0.0664227429414916,16.0,9,22.47799709501719,0.02562189095090726,14
5ba4c9ae-4420-455f-85e1-9b57ded46729,cautious,0.12799125408724468,0.0581221074845627,0.021782317294905318,55.20995759529702,0.98060474087169,0.04066327040630726,31.0,9,24.366243569314285,0.15786006579800183,14
7b6f190d-097a-44ff-8627-6aa499d510b3,negligent,0.9681222692670235,0.6997474237981912,0.8188561164625814,171.20373895219183,0.036056580889026656,0.47202692426826676,186.0,18,45.314182099254936,0.9146841347153081,21
50b0e23b-3c02-43f4-a2eb-a3e149dde655,negligent,0.878915683871991,0.780299609565235,0.6283243780330214,144.71710962588017,0.053924419699489176,0.44508200386158575,102.0,27,25.689484590253155,0.8260365883292794,23
43ca619c-b85b-42e3-aa8a-fd79c2645ac2,negligent,0.7865888260525042,0.6338689385062823,0.6037690681541004,261.7551723127806,0.18889097556109608,0.8367681951230174,27.0,10,45.914734622231514,0.7195686984474513,21
f68b89c4-679a-4409-82d6-345ebbe986bf,impulsive,0.4483136510340342,0.08524701348447342,0.8517791579076499,140.4251256564947,0.36132709679511144,0.04760528490576356,115.0,18,11.614252721243366,0.3927860222148362,3
7408a5df-b887-4f53-bae8-df08e3eb18bd,cautious,0.12246465413123489,0.03521148651640996,0.23129950883360703,29.602636876421673,0.8605029096474432,0.09231163389262098,66.0,9,19.85761215369221,0.04846848696911749,9
2f81e411-91c0-43bf-ba4e-a13807666272,cautious,0.5750504810276327,0.0,4.2305421253517606e-05,87.48195190235944,0.8855377789440072,0.09199170800410754,78.0,7,17.325811819122432,0.08877619492526012,12
312caa04-79b4-46b4-a362-2b51a6d93027,cautious,0.41016060508838115,0.06638119516140284,0.049163448653670616,75.06412982988606,0.9363448654389208,0.16881979429973928,19.0,2,22.206597584884367,0.20731721277972223,15
60c114f2-e167-4710-996a-2f8712fc3ccf,negligent,0.9706082464493262,0.7864994910295277,0.8742122563639796,201.76679400376628,0.006072179715923078,0.7832072821388639,43.0,14,44.45737230407666,0.44541339154297543,23
02029ab8-ee74-4921-812b-decec155b7dd,impulsive,0.9001310695984082,0.3561653821580816,0.750621917453018,101.47950283255781,0.4249952920331322,0.5261561313011875,93.0,18,15.142478481630915,0.03816652635662208,21
4fae7625-5b27-49e6-a589-7c9b7dec1004,impulsive,0.8220290293318604,0.25852264419923476,0.48052736226875453,174.34038604009794,0.4228331348066045,0.20255759728777772,90.0,13,12.766360699255612,0.24193862179584957,10
79ac5589-f335-40b3-a0aa-533e2133113e,cautious,0.003701904116419845,0.07504203804850036,0.10461488612430214,155.7440845036994,0.9927794319196976,0.16137142149510933,10.0,8,26.953118166929432,0.4455913871055608,10
f81ea218-377c-4960-b72a-78a455f79d7a,cautious,0.075198871348477,0.2703569447969211,0.023009892304793757,93.35472050686946,1.0,0.0020637763464263076,78.0,3,35.63515669398396,0.09941477658369574,10
a85989d8-c049-4a35-9490-cb2981ba26f7,negligent,0.920099324168691,0.7254225420067303,0.8806872668690304,328.0502477635748,0.06955653306873662,0.6008408671962574,98.0,11,31.314647380903946,0.8502048176707178,20
c71dcd9f-00b7-4c5d-9a80-4b795270844c,cautious,0.0,0.0783113820680344,0.06698068049830214,112.39119295205096,0.9022467080838106,0.05831969256810171,47.0,9,32.905351117864186,0.03928012500483081,17
19ced565-2e3c-44a1-aa11-b3f22e24e650,cautious,0.0,0.06353877671683032,0.020304373758842933,98.28929571914678,0.9369749594669899,0.15535317295549325,34.0,5,20.744400194620063,0.036045222505695175,13
55bfe8de-2ba7-4a6d-b1bf-c4757c57432d,cautious,0.039167599268246665,0.05058402390852733,0.017636488780077328,54.04194782431516,0.9291157792963884,0.07993432161078762,29.0,7,17.32342250119625,0.023553693108528076,14
149fe7ac-643c-4b9c-8c4b-8b4499e1f6b4,cautious,0.07374510468635948,0.2786928851533172,0.04708465006025611,92.13304333134022,0.9485546065550463,0.09594194786475635,34.0,6,27.957384396244635,0.25978925758398147,9
7c671124-3e36-4d75-b609-c3ce0ca54cb7,impulsive,0.8904542070899951,0.11926629993192357,0.7173170079478709,161.31200677469917,0.10861334700237071,0.40112369104271384,110.0,7,4.980568374889842,0.5174665890636939,0
beece2ec-2f4e-4556-89f8-f260cd91838b,impulsive,0.6362808290124867,0.26169396446841353,0.4133045216886034,87.20810053955306,0.23310054087480547,0.1729751502022369,16.0,16,13.313346550676673,0.1428075783643195,11
4edb2214-2458-41ca-ab9b-d8a0720acbcd,impulsive,0.756209615863578,0.11933176688485708,0.8449396127073325,70.54816161288363,0.18519345463358305,0.4518867237710751,18.0,16,20.248476116712975,0.14198355051836756,21
2b45b521-71a2-4655-a297-a3087da159b3,cautious,0.2662392979546805,0.12230564373896403,0.0455969130064882,110.73463145935452,0.9016895308750819,0.0,68.0,4,33.56699018019411,0.04362565476244995,16
4ace68c5-f6ab-443f-9ea5-0d4d64b26c8a,impulsive,0.7681442712860778,0.08926534511588868,0.8173838582826753,206.53336576321283,0.07963742648714223,0.24738285177909916,49.0,10,12.962290747651469,0.5513255134808013,18
fe3430ec-ac5c-4e16-b476-15b26fbd1555,negligent,0.9880670004913878,0.8483183427781588,0.6547841106795507,29.005887271191835,0.05572600549662321,0.5531513637161292,132.0,26,52.637926289384055,0.7079578995574964,21
07569418-857d-40f6-9b2b-300a27345205,impulsive,0.6535609283906302,0.09502409254951824,0.7367356979476064,144.23749855625076,0.14021278242020832,0.19392272221459145,100.0,16,15.628058857617066,0.3674154968368002,20
87238592-b3c1-49e7-89e2-0cf078fb2064,impulsive,0.7539373082561922,0.3572958095159692,0.7539025476044214,87.41873642667322,0.0077862497689430085,0.34151664501263057,43.0,16,11.822221984327252,0.6573437293362541,22
5742aea8-2b02-4e50-8356-0cb649859741,cautious,0.12353334095588238,0.05777674006486683,0.038208963668985865,166.12756029402928,0.914532182054168,0.15922490262889222,16.0,5,16.308383207611367,0.09985528473144212,17
1c3067f5-e2b8-433a-8c6f-4f7a8bfe7893,impulsive,0.9027810817493969,0.37000999012710223,0.7533524722151362,312.77398977087614,0.21863628971167215,0.5459794086160891,16.0,18,12.854957788239842,0.636138434965316,17
77f44f64-2d8c-42b1-9939-29c5078c0756,negligent,0.9352301072708492,0.9685579298402008,0.8923607865207218,377.01268803388217,0.06700139637548694,0.5454117011819611,131.0,11,24.111797177308308,0.8188611871614133,22
7d4896aa-194b-49eb-8ca5-7c6dbe49a407,cautious,0.0,0.04534887760284984,0.0559019686508861,70.53566520872644,0.7446935013475376,0.02667126312898709,74.0,2,34.93320885594835,0.20302286779049722,14
eee0f151-b7d9-4e3e-b425-0f5c3a4fe689,impulsive,0.6521822445022751,0.010976898630968825,0.39418582790539486,145.68811254029154,0.19175939758802454,0.3899154677900497,43.0,3,11.238490892427032,0.606526180848825,4
5be7547e-3d51-4901-864a-1e2b2a659b56,negligent,0.9677267507716455,0.8846255131337513,0.9517375913799863,122.17211937124449,0.058323828191078154,0.4930574305081955,183.0,5,15.650952014675372,0.9187445501508036,22
a3e9f8d6-8600-4d96-9a38-df73a0d8db08,cautious,0.03433799664034384,0.011842620034847724,0.23246622028680888,116.398328152467,0.7874788777383508,0.014254776390390215,73.0,9,20.289205436127276,0.11431575172440858,13
4be60e2f-d93f-4fb0-b25d-1a6f706776cc,negligent,0.9399237516315676,0.6555174593816998,0.8917215405640858,189.0506854331609,0.22766097020591225,0.4369502921433797,44.0,11,24.05345991977255,0.9712575053622093,23
7615e5a0-c9fb-498e-b262-b1996499880d,negligent,0.9263049993091539,0.8703126786073004,0.9427290259185738,47.38543091911218,0.018724851861430768,0.7276552544927338,79.0,27,62.228528846829605,0.9473168006621983,23
25719b98-a7e1-4fbb-8678-df71e20a966d,cautious,0.02660519280866699,0.062436170351486034,0.0,109.30834470467825,0.8975375969461987,0.07006321612303446,77.0,5,20.408161652453895,0.03541999309756596,8
f403848b-2d8f-4a86-a279-8d0a844585bd,impulsive,0.7488870766834566,0.32590509494745856,0.7504564397057528,180.03992133225347,0.43199388852701764,0.18899534161284767,18.0,5,16.74080926744583,0.3414708346743366,7
e06f4511-e136-46ac-afa5-4577ccd155b4,impulsive,0.6179025021129887,0.2249665703661185,0.6426992137908948,150.2654751107978,0.1295418830744331,0.268083836826537,92.0,12,20.351973653715575,0.5313614546922814,10
8c9bce45-c1be-4e05-ade6-3842a5c2a8f2,impulsive,0.8433670077621533,0.48184855363886386,0.6187800301511724,124.82039605024272,0.2901190204970132,0.25758806364333015,102.0,6,10.930770799577356,0.2533682942702826,18
280a5445-0c4e-4b40-98b8-5ede7a50582a,negligent,0.9204375836732195,0.5937687813306088,0.974335630340021,279.78622402460917,0.14243426944518375,0.5794166831141134,127.0,8,41.20332313567092,0.8182899521201591,20
82cbc532-4b36-4093-b36e-a929e33dcaa2,cautious,0.11766341541189296,0.03422009328902027,0.1330222052985126,49.78822399524027,0.8319538287036577,0.01838941466655704,58.0,9,11.171849392325157,0.275975181214877,16
0e547870-9da3-40a8-a207-ecc3a5247fd6,impulsive,0.8768234277158319,0.07192029088770843,0.5207718211533593,88.53516350664366,0.29123778265909445,0.1971733150503205,61.0,8,4.414030326742882,0.6324935313797656,1
99ddc5d1-f66f-4dbe-a822-7aae303d2ee2,negligent,1.0,0.7847768333332135,0.8010333932370045,176.7246087372985,0.0,0.5821052781381335,34.0,18,38.683858764859565,0.9693600851661809,22
25d8917f-8be3-4164-9578-9eaccaa797a5,cautious,0.18043793113975917,0.112596371706556,0.19497513269743444,56.884448034885374,0.9703336705253314,0.0,54.0,8,19.509390412611776,0.1262006554562625,12
4061b887-f445-408c-8365-5006603fc20b,cautious,0.12372249457530672,0.0072431239874148606,0.09581595824123473,9.398803198616369,0.9332886879782913,0.1557044123917565,32.0,3,12.993908113859963,0.1718917946085483,11
edf6aac0-659a-4573-9473-3d434c323ee6,impulsive,0.3915777532473992,0.4283624586989962,0.7628312286701269,231.0162067437401,0.20612634098443214,0.0782509242261529,67.0,18,10.091152002476138,0.7119127346049523,5
d73bd908-c4e2-4d23-9963-830a68df07b6,impulsive,0.5232900852889217,0.25527339941365773,0.7503218921148973,117.95823228251845,0.39480884393296367,0.19511662890082032,30.0,6,14.958856866834441,0.13437170616121472,12
c37f9410-3d9b-47d7-80a4-5ebd9df7be44,cautious,0.04676353558795132,0.23067552505775196,0.14003386478998392,95.65417103492184,0.9506471165564595,0.03226497880840685,44.0,8,30.11650344683546,0.16044448095040958,12
ec381619-7189-463b-bf1d-9e91e304c203,cautious,0.026825584159180828,0.05561142802122779,0.23244635510097855,97.45701777330248,0.9091008520709691,0.2937350031347944,79.0,9,28.84474217914253,0.033107504169560605,15
7c350462-317f-4da3-80b5-bde9a47ce641,negligent,0.7613841715446522,0.9079004759319632,0.7021590295677453,207.09579746333134,0.059945364300149524,0.6683330854121841,170.0,27,23.908470784504317,0.9191185012272952,23
4e726576-7906-40dd-8ea7-9c60e0dec42a,cautious,0.15388978681094884,0.3314143395870889,0.0014866469739900877,29.428974774074184,0.9407578402308245,0.250404986380546,68.0,1,22.360103833475087,0.019624848807470157,14
51824857-1398-4c0c-8c00-9b4de9f026b9,impulsive,0.7017820360590659,0.009827532890068935,0.4450018164255954,173.57221945019097,0.2838977100384007,0.12656172226525425,85.0,15,17.77776173301439,0.46810181362134895,6
adf7172c-da03-4822-b412-b96ac16d8b07,impulsive,0.6813429008870531,0.2794269651220994,0.8521339296905404,182.79132120979403,0.14500906619435502,0.29496508664047894,94.0,17,15.157122268116556,0.3551301056611304,0
a05790a9-1a53-4022-9bb5-8448ba49ed39,impulsive,0.5263470627538696,0.49114052132687014,0.4009319565767914,157.85384221102444,0.2184081200566116,0.09903767502730884,107.0,11,8.736557851731732,0.13779928688854845,19
0ad3a57e-ea60-4eec-bdbf-0e82f9efa862,impulsive,0.48583848424840886,0.12764373992141675,0.8167147646760066,277.1831797428665,0.08711138020521672,0.566023401944072,95.0,11,2.9158969202408045,0.40427964744590283,21
f2a11d5a-3c83-4db4-b66c-2525f453ddca,cautious,0.04307128679270956,0.1596837832927282,0.07802665502721806,152.35083918438156,0.8956281475054937,0.03858994598277585,78.0,9,24.369129147644067,0.015672685081899666,15
e026596f-3129-4fc5-99d2-c7d7bfd5f38b,impulsive,0.8230798889855023,0.47933471633592406,0.835290427715797,315.598180371111,0.19340348072915206,0.43872558408132123,15.0,14,6.992450024956979,0.511749383495073,11
ed4d7e5b-1227-4f6d-9a19-5f6189d29499,cautious,0.010781171813341359,0.2321678275707573,0.11598504411829576,152.56270699569606,0.714933472069193,0.20265198022028094,47.0,3,30.978244445982877,0.010945793944321366,13
a261b611-d06a-4b2f-a9e2-7e1298cc15d6,cautious,0.18263323557983713,0.0,0.10892752368179907,149.22682288034906,0.9387249101970113,0.1444698749699982,77.0,4,5.0,0.09112556937051443,10
6e2252d9-8eae-40b5-844c-d49a95803209,cautious,0.10441928958291097,0.09178493770166786,0.09329247379046811,59.896285440964135,0.8874455678370798,0.028329193206332336,72.0,5,38.17579506103388,0.14673466441005897,17
a19c1567-62a3-46da-ac83-b607221a54ab,cautious,0.0784169550521807,0.25518732110378917,0.29190478934225217,30.629788409979724,0.8424318386272185,0.06075012784800079,42.0,7,25.11721637699514,0.05724796595425932,9
73526fa1-b365-4de0-9534-d0e1636361ae,cautious,0.026507264908593307,0.02002874591501893,0.03066544092762282,233.1620042632609,0.7539545241849296,0.13315271835042788,35.0,3,27.18765012637156,0.5306889278989586,14
2d0c09cc-a98e-47f6-801b-91ba9600ca1a,cautious,0.15055863160845684,0.055682429776433305,0.13041658980733764,30.5304482029842,0.8268585452516445,0.2794145144152512,61.0,6,19.857428685445615,0.061420264919279925,12
6fc140ac-0f00-461a-ba30-16577135fd71,cautious,0.007809675861151437,0.15210287342834022,0.0,9.880423043853295,0.9167328067511848,0.11128400563558324,69.0,2,12.983748722160877,0.030289196207391154,13
27cf0cb2-2740-4f3d-a57a-b6f082a074f5,impulsive,0.5911786831959759,0.2813103882234805,0.8266484870620511,77.63654512090761,0.14801237518352683,0.3338679399734878,55.0,11,17.972216246235476,0.16658803974055225,1
7bd2a2ae-84e5-4256-9306-9a87381ab5e9,negligent,0.8940468465097193,0.8381605078922594,0.95064775174466,295.2656917841549,0.18273261173479222,0.45125845835149136,112.0,15,35.83071747777976,0.8915234543411207,20
db6aebff-6c22-4c66-b2fb-b167a93013cc,impulsive,0.5940371866662407,0.45416304263911744,0.7219013519794851,140.4688189041933,0.3034984414659032,0.5853652140524735,94.0,8,9.893074590182707,0.6996235963323307,8
6bae3485-429e-4bb0-b791-ede946f46d76,negligent,0.9060555822962839,0.5017902387550787,0.6305783003357625,305.6836244415531,0.15821987337406884,0.4540977996751521,88.0,21,45.305068953714965,0.8331223387512748,22
3fec1875-1d4a-463a-ae79-3bf438abb245,cautious,0.0847291246000681,0.0,0.09077508229483439,57.585302963598984,0.9440502333485331,0.15452456220826688,21.0,6,25.20131933087382,0.07913963141520455,8
f05b3c66-9dbf-46c5-87c2-fac92f11af8f,impulsive,0.8331709987883846,0.4748750028913875,0.514009078694354,98.21431429079276,0.17984110720000582,0.5650720780720399,64.0,13,10.515731704659364,0.3052229148679104,5
ded4e435-e88a-43e1-9141-8e49673f89b1,cautious,0.08441816529416908,0.09028526204254131,0.013629472656890284,291.83441241654117,1.0,0.17018938874296044,24.0,5,13.663802111248302,0.2666901899666155,17
dc7a3709-712d-4707-b5a4-40e4ac76a551,cautious,0.02215728711138081,0.0749928051606446,0.06602497049042749,104.81771304819682,0.7364175231788073,0.05451507894681625,12.0,5,32.98348754962327,0.016469021365296536,10
6ddafb24-e55f-4232-ae46-a354ee05a2a3,negligent,0.9518234507796598,0.9400252894175674,0.8651308861319169,231.42894522836644,0.10314228126359977,0.7571457778066738,164.0,18,55.92315803075304,0.6089707713694892,23
3f9b209c-882d-47d5-8d91-1de9a67e4b13,impulsive,0.926836809413591,0.09462246335140514,0.56779386765307,97.25163374374216,0.3480835208135368,0.4158990383254472,23.0,13,8.53714206650581,0.6340519033356686,17
8862a27c-73c9-4c62-80eb-c6d8b7cb6f28,impulsive,0.8309367928600582,0.13500403894903035,0.5887941649073234,380.671938619589,0.038103367071084006,0.348706318755034,18.0,6,11.967557786685635,0.313773725014078,6
0035b5c3-1d0d-4f4d-9838-ce8f3d6e75df,cautious,0.00792899117520358,0.009563863665644013,0.11266647388043421,119.06583043677084,0.9770859265083662,0.3599787982612715,38.0,6,39.119040257365285,0.009837741038910235,10
fbcafcdc-a7a2-49dd-8d16-044e907e9ec2,impulsive,0.6762300255814888,0.3935967893964808,0.582082969829111,345.3278944886336,0.1458525972952878,0.09844031065430518,47.0,12,9.579443161507655,0.1340907467668909,5
0c195bc0-7e2d-411b-bd86-4a1d698d7ea8,impulsive,0.6145088004317883,0.3945453544482144,0.8932296265155422,85.80130784123243,0.1452283347802033,0.19263214655274816,44.0,7,20.498326777038663,0.3908871856869273,7
d6c0d27f-00c5-4fbb-b9a1-490fce825c15,cautious,0.0560180312112796,0.15159203039115726,0.34224259879662416,36.27076145639958,0.80800610812725,0.04434221678306986,64.0,2,19.645023266837978,0.12422980122307514,13
af26e3b5-7932-414a-bf84-d7de7b419e0a,negligent,0.910819254022732,0.8146626886437588,0.8742177563410399,171.4002402562923,0.026506643593155813,0.7407496460813997,176.0,22,24.599522166216428,0.7532457091984647,20
4be10351-a576-422b-968f-96a37cba8401,cautious,0.10626538291789545,0.08843139372981146,0.1900028056461282,25.89909347855823,0.9719734105819825,0.06105023738610603,41.0,2,25.323703948985813,0.026913012117799076,15
423229e5-d1e4-4add-92cf-f6f11a0d7b4d,cautious,0.07187629491527515,0.022431680537725124,0.043107925977107275,117.6152580222217,0.8541171021085278,0.13560234377211416,56.0,6,22.909511481935287,0.30679863105949023,14
b137d52a-24ef-4a9f-8012-3aec985225a9,impulsive,0.4614408741423107,0.2911671135556726,0.6750061563733655,111.83779460600938,0.4498122051173685,0.6603758455228627,37.0,17,8.310064634423995,0.3568671191494351,21
4076c5db-27c7-41f3-88e7-3741fca13cc5,impulsive,0.8059002743689737,0.19861103225011376,0.4602078852555438,243.73662630997632,0.05734034963263467,0.3581196476776806,67.0,13,12.53402966138823,0.4236633223787709,1
d76d620d-ef6c-41f0-bc4b-370b76405606,impulsive,0.5975208652745914,0.09158602930989088,0.6218034115977141,103.13075146535228,0.1152061212495409,0.551568101140727,40.0,17,16.126275848708023,0.5559851760718386,9
a200a4ec-3c16-4b69-afc2-c818fff5c98c,cautious,0.11712103924916178,0.1116951593845529,0.0,84.89084070687419,0.7817080765431696,0.13060916925082328,22.0,9,11.607719961939404,0.06502784726008502,13
c18faaa3-ea53-4fa5-8ec3-2b00bc49519b,cautious,0.14498251181368332,0.0,0.07357479107374576,28.38793291050628,1.0,0.10042876783551712,52.0,1,26.41402705592073,0.3729043587328482,9
7c483fdf-5b6a-4b46-a9e1-300f4b8f0ef7,negligent,0.7406125073797205,0.6700127058567257,0.7290089967116452,325.949756577248,0.0,0.5383993841956991,118.0,28,5.0,0.7442442569304535,22
b593ec7c-781c-476e-98f8-55ea0be859cf,cautious,0.08517772890079811,0.07244271087207596,0.07314218167018714,11.471087005325181,0.8270107314400674,0.011754939473645162,11.0,1,19.311469339099972,0.17497164625958916,13
14fce2b3-7fa4-4f6b-b2c3-be8912ae4453,negligent,0.9074845601057684,0.7188573782925606,0.8705821545898649,313.19272740617384,0.0689938928063189,0.8800399529371139,131.0,17,34.132949998020436,0.8588029233539692,20
5020f46f-894b-41a4-ae5c-888dd22d5fab,cautious,0.2556539004271253,0.06772522146715446,0.25469199167412404,34.80244155497855,0.7542618918567884,0.0872878697312286,13.0,8,13.732222672403195,0.05055394686817603,10
6e528a32-8f23-473c-add6-4249b160ca61,cautious,0.08081792137318748,0.2575586512245963,0.10287014671309697,106.56088594059068,1.0,0.1320589897435883,55.0,7,13.390665549606407,0.11586573730709367,12
2b1a3496-24d9-48c4-b70f-6025794228ac,impulsive,0.6030911735384321,0.16849222440148182,0.5617951619782507,228.6028993532706,0.24249377983375267,0.32969778929422755,117.0,4,4.174117102114003,0.4154459211743444,14
0c74e58b-8e63-42b1-ace2-8d7d2eea2a71,impulsive,0.5913637892519192,0.4700133344238509,0.4419201549110109,97.0164801840435,0.06228201033866934,0.16132848723425722,24.0,17,8.883901496204476,0.29436831697898225,1
5406454d-baca-4571-8cf8-e7afae0c79de,negligent,1.0,0.7901084078286937,0.8631736787095723,204.9980687291742,0.0,0.9035163684168569,195.0,27,30.587257672010224,0.7538226185094291,22
d5ddbabd-5773-42d4-b296-11c721d489f4,impulsive,0.39756581946138414,0.07075859399115031,0.6734498681485364,81.53966572659402,0.21785623500374687,0.5017101091187071,25.0,7,13.43767696055287,0.3380522635820234,17
d5c46237-c5f5-4c3b-9887-2fee5420d33f,impulsive,0.7218684125875278,0.15306652107338345,0.7575816534992773,161.0147462346946,0.4518734608627116,0.23218525144998248,62.0,10,8.511516500740223,0.2517440636827313,10
9f65b6bb-e8ae-475c-9064-b7abc1f24463,negligent,0.9602939227309505,0.9681629664939094,0.772988398659733,65.83743391807836,0.0,0.5430418178467549,48.0,12,46.21101470683839,0.7492353723294897,22
1598119d-9c3a-4e23-a7e0-ef2e99e37020,cautious,0.0,0.046145629601608854,0.10584006897252497,61.852325527862526,0.9387306190631572,0.13042005447864166,68.0,3,24.55296996408493,0.013092507627155305,15
5e1dd2e8-8153-4d9e-80c2-ba5d5e97898d,impulsive,0.6262893274520752,0.1825625522824661,0.49053859198495947,47.31801344897988,0.23090214894582523,0.034837713217039774,35.0,19,17.78891575963967,0.4043605879179521,22
ce7e790b-3779-4310-bb9f-5adb951338b8,impulsive,0.7688038454426072,0.24234034415356198,0.6011100765085542,163.3711380970004,0.4472524249380985,0.5143186372162144,50.0,14,17.493171166328626,0.07171777342226834,1
5517329b-9093-4110-bf51-77ed798da110,negligent,0.9198922092735803,0.7807892952995997,0.7303535681967336,283.5942031760999,0.08573056617157614,0.6038857897004359,88.0,11,24.33226002840845,0.8136201384469316,20
8257aa2a-c64e-447c-a5a2-189720d0fefd,negligent,0.9304134563387265,0.8470647037811476,0.8650768084535129,165.94598116445385,0.2318501797387497,0.5490333903735044,90.0,11,27.070270548622158,0.9097510302164413,22
25496cba-f020-4f29-bee8-642c13a8b73b,cautious,0.09309801826948585,0.48233496064682796,0.028246247290804976,42.62496803359061,0.987313986966499,0.04687298019282681,39.0,4,25.336762898161865,0.0521877186494706,15
07d36719-8d55-4aed-8ca8-7a6ff55042f9,cautious,0.0961331122456099,0.0,0.08083007462270728,69.75018229059799,0.7754832089785708,0.09098237244681358,42.0,1,35.703304740611124,0.1775553070100505,9
5392a032-c317-441b-bc95-d4777883270e,cautious,0.04462065928957577,0.18389945578055386,0.10601149026450937,292.5914570281487,0.9329741908769407,0.030190933154084804,22.0,4,14.081203526017116,0.2323042918328513,12
283e4293-c80e-40dc-86b7-5048d4f6fab6,cautious,0.10688443084443962,0.03606283844202065,0.07269365369360951,233.97058462860022,0.9117858763706248,0.05613002596458485,32.0,5,23.322220219237373,0.03978444930372861,13
ca29cebe-21f1-42a5-82ef-4046f9a9cbea,negligent,0.8680027764363456,0.7212398424620134,0.8640793267911807,132.3343715324154,0.02788179730325977,0.3980522633699037,85.0,7,59.42512380823899,0.9495413262594636,22
08a99988-5779-4775-991e-57ecee07b875,negligent,0.8288828938240284,0.771755410214152,0.9571611802803435,209.77831640827333,0.04416087656768303,0.324849343727362,132.0,11,40.36073571874817,0.5906543783609459,21
41ca3ea8-0f5c-45ba-8b5e-76b54bbb30ee,negligent,0.7609741526750662,0.9193195406290097,0.9281037080802639,307.40737224070693,0.028739735872975774,0.6199071592946741,139.0,6,19.193867441561586,0.7513207398022643,23
73d28064-13d6-46bd-bf4b-90a5877d0c0d,negligent,0.9064130395388446,0.8264497706691805,0.9432056703965358,74.88371046863546,0.05841122388925899,0.6132465883419254,163.0,21,5.0,0.7826365456508958,22
98705413-74e5-491d-b5d4-ebf584ed0bee,cautious,0.16813905940051127,0.000465093487875432,0.05558940943180769,71.0388069454213,0.7762629677461139,0.11202139679506282,45.0,3,18.62981576964531,0.24346737208020292,17
6b96a8b5-92c3-4165-9c26-48ea1d8a80db,negligent,0.8286521928399638,0.6455390287263529,0.8896789545135717,145.90327751645427,0.16005701516333204,0.15500331961978076,54.0,15,55.72359965220298,0.6800590822896135,22
1aeefe79-d6b8-45da-a17c-4f60b069e3db,impulsive,0.5337071398441965,0.13267532778968272,0.599866850661826,111.1728658462769,0.14722465228523093,0.30765409878942174,47.0,18,14.370419780281967,0.20089519453769084,6
0199cd07-7f97-4ec7-adae-cc7ea21968a2,cautious,0.0,0.04302376359223366,0.03871840284949523,35.014240890249845,0.9436149122898309,0.18098415693565106,63.0,8,20.011475802735905,0.16115997949378666,16
d158d7cd-25dd-45e4-904c-4fafcc020f46,cautious,0.15722978939983034,0.08322698133888615,0.005540660439150552,22.598360001970477,0.9415062633777502,0.0,63.0,2,18.436628122472666,0.13054875797629636,10
203ad4ee-8e16-4519-8c2c-16e9e7bbbef6,impulsive,0.5363029956003642,0.054831139721005825,0.742564186415086,152.20427956525606,0.21269292415529484,0.12035704160916831,77.0,15,21.557844476921453,0.06708328593639613,5
4441a6df-4700-4057-a078-310001f74cf8,impulsive,0.6979276099618341,0.1956222350236011,0.48633007949498486,311.7163229000051,0.3706661552458586,0.3977098289627359,47.0,10,11.566838919035236,0.10682054013342705,9
320ce43a-f70e-403f-b3fd-ad6423c1a357,cautious,0.0034428597625524625,0.019529077661296645,0.07251937221495355,82.56130452853961,0.6986015581317824,0.0550061682317778,16.0,4,28.594640262852348,0.2697560905233683,11
408b27df-da01-4718-ba8a-703b4b5ff2ee,negligent,0.8964918880050483,0.8131763644563235,0.6952648456029747,280.89560934680446,0.1185868213925901,0.6838450308061109,86.0,10,32.46402907916412,0.7425260074330807,22
f3bded5b-047d-40c1-96c9-91276f1bd457,impulsive,0.7676055111715098,0.4364237574578406,0.690709428902877,157.02793207641182,0.2570637080756709,0.17037194129318517,90.0,5,10.288251716407483,0.6401905846008538,6
933e786b-dbe0-4feb-965c-0547b58d61c6,negligent,0.9561191479482811,0.9279522262800926,0.924951578924236,40.777069064363445,0.20521901012952562,0.7959167514788714,75.0,8,26.185865692245056,0.8205033959182235,22
82645bb9-f05b-46af-9ed1-6cbf83ae98c5,cautious,0.028839565041817897,0.2235283770984799,0.047626588790348715,61.34351752592444,0.9186747943256536,0.09641367249884598,16.0,9,23.087658052945407,0.13333689043351027,15
510e1a4c-fba2-456e-be45-e541953829a2,negligent,0.9015009652323718,0.8334693013021336,0.7621418685114324,351.9733262332263,0.28157300943969976,0.6060743695955423,91.0,21,46.80729560398267,0.7861281554248599,21
dde0f448-e2ad-4e71-a0de-a17f8c62334d,cautious,0.08349797163297777,0.040413885335314204,0.11829444164400935,27.11464558123377,1.0,0.12455214983862062,74.0,5,16.47404921516694,0.41935600606875306,14
0f0ba231-7a53-4b85-ae7b-2005478c9665,negligent,0.8245732218155626,0.7796326088008558,0.880283959319849,175.9161505209785,0.04309706285556284,0.617968026568045,194.0,27,47.31342984980241,0.6618105108662841,20
d381ac22-7a33-486d-a207-35cac51b6261,impulsive,0.5816752169875027,0.3979669877415861,0.4748321679158842,151.01657703539894,0.3932141917706282,0.16698399134238684,69.0,4,10.464520548305456,0.5297315096730482,8
670d7c85-d12a-4b69-b3d3-91194bf836a2,negligent,0.9738889464044138,0.7445917211177505,0.7980404049060098,341.1076105757973,0.018626630132076674,0.6146158087633354,124.0,9,31.472708715469935,0.7850884371277549,20
d13733bb-9179-4099-b629-5bef1c1c7288,negligent,1.0,0.7468793208629441,0.8283135092744328,368.82455987152696,0.21372396627281165,0.5401568534298522,24.0,15,37.159798237874206,0.7700595885068036,20
8a095671-183b-4558-8cb8-3a0a8c253a7d,impulsive,0.49361052203936234,0.0821725967765557,0.7670147689339533,162.77945378780043,0.07045673835078521,0.5710929464413094,114.0,19,22.4613905739676,0.3274392863873756,16
d7c8821a-b83f-4754-9aed-b4f458316a78,negligent,0.9424059982951256,0.8492192352357465,0.7951678350525688,289.14400695628075,0.09359118297135308,0.5850405378396685,50.0,20,40.27424599596461,0.9191110419827999,20
229e8e1f-d198-4012-84c2-c63f01ef4ff7,cautious,0.24267221137194112,0.1582960021704417,0.19820187635680522,63.19802777261651,0.866675494687881,0.0740308513706543,72.0,9,16.717425186399765,0.17918337720597738,8
034283bd-14b2-4e83-9dcf-698f6ab30e11,cautious,0.04053568204265331,0.05436290283206993,0.2515417705553383,152.79510551673644,0.937797519189858,0.0,68.0,5,16.570525797194907,0.1441505305593549,11
76c7dd72-6459-4602-9283-a53868f19428,negligent,1.0,0.6082211515382748,0.9461381675925978,287.46073316049655,0.0,0.792668924308064,53.0,11,29.75448681435801,0.9428242380348945,21
8a3adb8f-0ab5-49d8-bfad-794824d3453c,cautious,0.06962230540731024,0.11783066381392869,0.04763771245689737,82.09255176100882,0.5671302210716993,0.0,70.0,5,6.361040455507968,0.26081334832754477,17
22bf2466-9c39-418d-ab59-04196bfa2046,cautious,0.07997168956172583,0.22631443033682058,0.07479886859569977,224.41953669037832,0.9252500447445021,0.07956758845361238,25.0,5,33.72359120632804,0.37528814461268584,13
9231bd2b-8add-45f1-9a62-9faaa4289bec,negligent,0.8157793040742818,0.7091438403513712,0.6954825547996976,143.29743120433787,0.09808265369679665,0.672415941156005,164.0,27,34.64950389853552,0.7382901537779992,21
f4f84e0d-3321-426c-b10a-80a894438ed2,cautious,0.1766744093024037,0.0,0.0,106.58028635033577,0.938462243564222,0.17849395801276569,71.0,2,20.60298517211196,0.21412439055429777,11
834ae991-2584-499a-ae87-6ec6ade5b2db,negligent,0.9132092336669958,0.86921486697503,0.7055966676725292,182.2206479917536,0.09299360836127357,0.7710239455530931,178.0,26,16.955713019730926,0.8756917288416903,21
7303620b-fb00-4bd6-ae3b-d7bf5c0af690,impulsive,0.665010876452975,0.4695241602827424,0.7044682176549074,141.93874955836026,0.20863663028779744,0.22519401127035596,30.0,16,8.344570005180744,0.36710679944394914,9
4dfe3cde-db07-4293-b50b-10379df861fa,cautious,0.2032396680293818,0.15343805956271972,0.16231783178623901,143.1470449478703,0.9571095938480052,0.21983856975799088,17.0,5,30.54876326503966,0.1816385488834708,8
fe60cce7-39e9-4812-a956-55872c5bc72b,cautious,0.025426281783047715,0.0,0.24057394701599563,29.75982386226485,0.9784460342330417,0.0013776102953113895,20.0,5,16.672830818223623,0.04386294252874753,9
e143468e-541b-4e86-b7cd-5bb1c7832e7f,cautious,0.05809165037446248,0.036733692142120224,0.04466817907221973,117.62640336037097,0.9856963699748146,0.04783528459500344,40.0,8,13.799504231137805,0.13167256901604296,10
b554bc04-f058-433a-a819-7a68bf69b922,impulsive,0.7014936552882269,0.08360476549137479,0.8978589168522412,281.04107685004954,0.3477850688596373,0.07085713594652411,22.0,14,9.770885802432819,0.08272569262404095,2
af79fa92-df0e-4f7e-beaa-9fe56e845376,impulsive,0.6727422260448621,0.16717171219269772,0.7195207340638452,217.50158881066912,0.14523500012995064,0.3095412433907626,111.0,19,9.50429304195737,0.46867005870444645,15
fd14d1a5-10f2-4f04-a49f-210ca3bcb112,cautious,0.06677938192492064,0.015114698848602247,0.040639556972856414,49.723150315355156,0.8930455617286787,0.021790622503418566,19.0,2,24.590349407982693,0.18729368863693677,8
e6a825e1-0688-47ee-a0de-3f1432e0828d,negligent,0.9735465093437216,0.8291568975647804,0.8879687508354294,109.13604385884419,0.18422948570022904,0.5758913664996238,147.0,21,58.55484886103988,0.6293578673199954,20
24089323-1682-4330-8449-d8953380bd38,negligent,0.8903731968481814,0.9465628735990577,0.814504773982985,262.96784211540734,0.2284683912460285,0.8135599907303253,30.0,16,48.019514811144475,0.9431546074780301,21
fba64bf7-1f97-448e-8919-837f492a1460,cautious,0.12793382005329104,0.0,0.13055645621382997,28.47997915309618,0.8966056671894216,0.12092572023490478,13.0,6,7.7918398517035605,0.02542417860740401,10
397f56d4-34e7-446d-93b7-b825849f2fd6,negligent,0.9808209319663137,0.7458971862785699,0.6124388882861849,300.39739282251844,0.08983364327588102,0.6838424483231574,194.0,12,38.79917531380287,0.7073650770973914,23
68d2c4c2-4952-4b0e-a64c-5f67d3aae2ff,cautious,0.16073890717040767,0.41622171597334157,0.10632259116952245,28.738551416637936,0.8368598339331252,0.06493067223247767,41.0,6,34.36963415571833,0.05598307147578015,14
b07ffe6f-c9ac-46e1-9b4c-2c7689374cee,negligent,0.9563797448541209,0.8876415766777322,0.9442017567625319,120.94068691325738,0.03767853300006419,0.5676227090749366,65.0,5,51.46432071247587,0.8409183140182078,20
a180cdd0-3fe1-4097-9aa3-4eca79022c49,impulsive,0.7371160342023537,0.47020829521335755,0.7386842608864198,108.79706727853534,0.48948064524945606,0.31445361151355194,82.0,19,13.40713445859325,0.2473731636540185,15
7e5e7a88-123d-4c07-ac36-d451b84a4df7,impulsive,0.6428087612227694,0.23716263700453763,0.6342221070157003,206.59280525731222,0.18536191069988953,0.1650789689878773,53.0,5,16.92041826376978,0.556156321759304,22
0632e0da-ca60-44b3-ba3a-cb29c0387d96,impulsive,0.47440054679459626,0.2917934531450907,0.5030186897369497,188.02418137676412,0.3113648428112005,0.364430849728656,101.0,18,12.166908998731254,0.3553654766821858,11
6c43f792-3e64-47ef-97cb-ae6b316a6eca,negligent,0.6393017183753396,0.775334408492684,0.8796664798125738,421.6780800428594,0.03959358332245626,0.46482404382288933,192.0,8,45.79848533134154,0.9669841245330727,21
98df16f9-8a24-4951-8e3c-25d48029795b,negligent,0.9579963554600492,0.9153380076987375,0.8542370750116038,293.00349938997175,0.17513627775217067,0.5580123170697804,77.0,24,24.4570335723739,0.8240655511922275,21
f223d3e6-e090-4a3f-a755-b3dcc3bcd255,impulsive,0.7377106251182355,0.4226126801536285,0.5190405227379314,113.69188629492376,0.27450368938155645,0.37431195566563036,51.0,16,6.518703628688229,0.27950871946116945,23
4e6e0396-846e-4cb4-8ceb-0045d7350973,negligent,0.8360461540603457,0.899660655793808,0.8237173958903196,363.7773011715494,0.07436151255721773,0.5225695066904159,29.0,16,27.698102072097157,0.6759685548624074,23
246f4bfd-e4fb-4a25-b0a5-2b5d07b828e3,impulsive,0.8752151187799327,0.12701036163671814,0.4632192465345051,128.4986562700863,0.4643263008333653,0.32724234582437284,106.0,4,6.851554022768751,0.6286125333767647,15
218e50f4-3926-43e5-a702-cfa0385feefd,negligent,0.9578273094120473,0.8667908539123316,0.6602652451656834,105.34348210815887,0.06356193508788484,0.5124515006714309,155.0,14,37.497106201238715,0.5649384688122878,22
dceb9c7a-026a-4d65-984d-98f5f7599c80,cautious,0.12506568933133846,0.010434283944674022,0.0961707013581566,66.7628576253656,0.8282270749970567,0.3101729662833336,52.0,8,32.55590065477891,0.027346807617537588,10
a0e6dc82-d427-4753-8780-666e1828a0fc,impulsive,0.7924024464780337,0.1975457284850713,0.5768134858671767,98.4394929828832,0.17363059815523443,0.30508473031392674,36.0,9,5.826368925678797,0.26943897344164436,9
bbbaf2a4-666e-4f85-9907-b1f880f5d68b,impulsive,0.45691009729253795,0.23594338509760324,0.5080251740620738,107.7477717208499,0.28668552861477004,0.21310602015604865,50.0,8,14.903346472889515,0.2387080742847437,10
1e176ec1-9ca6-4c2f-8ec3-ff92b7ec80b3,impulsive,0.6131418269445617,0.5027331392382497,0.6958939194213162,138.08428614651328,0.12521158031039767,0.054366078162678966,24.0,15,5.665771305945379,0.16557630838506207,17
9b6a09cd-6f73-4c7e-864a-5d33dea89c0a,negligent,0.9174061990071345,0.5733271792336054,0.9232462596576679,376.5068965447314,0.003650129201007605,0.5098105899700575,180.0,28,36.91670770147263,0.9460748965423011,21
0336e8d5-8d74-467b-8328-49b21a27639b,impulsive,0.9040152787277849,0.14347632753522183,0.46676395083553557,230.04756783666272,0.0933758870007213,0.41084893682409235,61.0,17,3.3138816803500735,0.3181895312427163,14
99872274-d776-4222-bfbf-de694a591655,impulsive,0.5138140798153359,0.5349953563217509,0.6043345380674454,109.2578190750088,0.03783063861616448,0.24919108108879137,104.0,17,13.499948013180596,0.3842906337876556,18
12155e71-3fe4-4d23-9fda-7929d547b8cc,cautious,0.0,0.3406920119955416,0.2323930995825963,103.9325259420881,0.75748304834161,0.1369432983192634,27.0,6,21.6281363224753,0.2987574676583682,9
605c1173-958c-4199-8cdb-88777b2d4d87,negligent,1.0,0.4518744811247014,0.7045851027093046,894.5224337864149,0.22982723636882474,0.07357381597270882,104.0,25,27.988251208060216,0.6740436813082428,20
fbf5f7f0-417a-4a6a-a6be-60e904637329,negligent,0.9465210668399607,0.7664776920207431,0.778078987259647,301.66878037913364,0.24028311351365494,0.5599407560943277,38.0,22,29.000546100292954,0.8469489167509006,23
52f8a7d8-b8f1-442d-b79b-96b6da031317,cautious,0.14385483342340058,0.011860203169265372,0.16029015608033992,268.59818218074116,0.5336963994451775,0.08646082263435076,20.0,4,23.11171683630669,0.001192311524795717,13
d3c15dd2-d6ef-4ca8-89cf-c5ec05ecc4af,impulsive,0.4281086294964647,0.07893821600504128,0.46273762068902713,95.17419036303293,0.4539004899474743,0.40336621372902565,42.0,3,11.102334012333769,0.33416609329581487,9
c43f3f40-7923-414d-912a-16eb6390b557,impulsive,0.5333257092204934,0.12165496652622654,0.6316917843601784,146.22736831673598,0.20067655948621282,0.30020058884741957,84.0,7,18.570386200271912,0.6455134092478663,7
88f16779-a05d-4f92-b971-9580bb846f50,negligent,0.9023464922497487,0.5475753484796858,0.726495850469107,208.72250858948237,0.0824463612351468,0.4457586550483065,137.0,18,12.38314250379927,0.7056631720565383,20
8b04bfb6-32b2-430b-96bb-9ca7e26dc22d,cautious,0.12748545409484957,0.0024075695209227876,0.11127835056364212,86.76551311680416,0.9188641994210041,0.1418386317650342,72.0,1,34.68686487571231,0.05593965444134196,14
efb6f80b-845d-4bcd-8d44-0af0b5931d03,impulsive,0.7666338151654585,0.2516933336347632,0.776134568853165,256.7086729070376,0.33252017251481225,0.4001769819351839,105.0,8,8.375070066508222,0.3597592403618586,0
756a4d4e-f916-48ed-89b5-7d6211c1260d,impulsive,0.5064254131344655,0.06206223050111333,0.4365274594574464,139.36436894133084,0.32122196557390165,0.2548790579576025,17.0,9,20.566697771372674,0.5054418705976338,17
7bea05c8-1b9f-4f3f-a9c5-3f4ce88a1e03,cautious,0.14299057223798628,0.005745994770379639,0.0845512762994179,87.51330695954043,0.9450316613470385,0.04025298956462351,29.0,8,32.70008841576926,0.13882060261678414,14
a625f181-f10e-4c77-a8c5-23a934a91267,negligent,0.9846612382399612,0.9138389657970297,0.7361099782768012,374.16352199947545,0.028194588987212728,0.6578909919049404,54.0,18,33.31017682349018,0.41008355624442433,20
77415cf6-47d1-46ad-a0d9-cac447eda326,impulsive,0.6725338086033498,0.18942665528314934,0.458614654567556,172.60984404202492,0.1657960690052848,0.30541864378577277,38.0,9,14.131504572237818,0.396688791317116,10
a7cb5e45-7ff4-4028-b91f-850248b8f54b,cautious,0.2911895112421022,0.020676350680649422,0.0,90.12914720060827,0.8016494038387617,0.14051810102356982,38.0,4,26.85597780723189,0.01893298126504066,12
67e724f2-b0be-4a1f-9495-e8acef3ccb58,cautious,0.15021069392891334,0.1495937831339306,0.25331227500152204,92.18885614819888,0.8777505388636847,0.02728272967449567,40.0,5,22.04543134106095,0.01720159213797235,16
329976f1-788e-4f40-a9a8-89d741398a5a,cautious,0.15300944750751963,0.20962493342195948,0.038486534752403274,174.09618727149146,0.7858514021446447,0.0,55.0,8,18.394588894646525,0.11554997776082114,9
fdef4219-b4f3-4e8d-ab0b-8016d7d1f1fb,negligent,0.8709630270857962,0.9164055557868765,0.8712358156170557,78.7094128365832,0.10645046326022554,0.7344474930436447,30.0,12,54.381078223114045,0.7510062620510847,22
01b4331e-e3c6-4efc-a596-f0f8911589bb,cautious,0.10294141191170715,0.19738477746371264,0.16281548202357943,101.03186946060303,0.6975652328388773,0.0,21.0,2,23.992438672933886,0.037272048896939865,12
cf14229a-002a-4353-9a8c-81d41c4ed792,negligent,0.8139855042852644,0.7228574211745978,0.7650463375184271,488.824321711698,0.04418158166106856,0.5946333635169859,187.0,10,44.49495241782721,0.8401909064177938,21
e4923338-7fed-400a-a12e-db1b70312a03,impulsive,0.7993120170896836,0.49769600462634545,0.5198597276173501,145.90305201961243,0.2159685803688408,0.3532041920319538,68.0,8,8.704329459970262,0.22750798419583154,12
f0d8804a-6c93-4ce0-af58-63ca01d44b22,negligent,0.9428507725536664,0.8775558349500047,0.6088440822300422,164.86951764632596,0.13774356271635183,0.4950905110618983,27.0,25,33.767133658522226,0.958378697178281,20
f482eb4f-2835-4c94-b0f4-8bc329b2a933,cautious,0.14658013229581054,0.18398541093783774,0.030087277350531447,170.94974767919794,0.9719495593247585,0.04172103506065647,55.0,1,43.943632467661175,0.0979294573094118,17
81ad20c3-f3b7-45af-9c21-19d5e810f9f2,impulsive,0.5697570575617187,0.4534193601894765,0.6453857065653273,264.2545094706282,0.1800390701943948,0.6472091636028191,118.0,5,18.094337607071168,0.4153336442205101,19
b1963b42-bf81-45f3-8274-5c497958bc2e,negligent,0.9064600702433727,0.7972264947170506,0.9070912222612071,164.99395678176356,0.11732192898342159,0.6521310792736833,104.0,19,38.494380830143896,0.7267989471347918,20
d50de481-ff6b-4e7d-a555-320857edbe0b,impulsive,0.6393403480627117,0.4168188904902902,0.8379474301363572,131.0612383353992,0.0582839274570537,0.4441274173229126,57.0,19,9.332161497860076,0.37565342845715566,21
9e94856d-90f7-48df-bcc0-2fc174747866,cautious,0.04559634913155065,0.04312359686483755,0.09927072897239009,138.55255743636567,0.96755961664027,0.03961678472803674,73.0,3,30.405660148067845,0.20816632926887013,11
cf38951f-aae9-41c0-beb6-29bb62a14c61,cautious,0.12505956435700302,0.07989806328259012,0.14176264797547292,71.46587373551509,0.8751897516765936,0.03569639414286303,62.0,5,18.565037881520738,0.05792401032493639,15
5e34f382-279c-4e86-a87f-4c47a46728dc,impulsive,0.6154180636707368,0.1533671297818926,0.5081017795208437,106.28641633283279,0.34933112221726526,0.31787956464328504,26.0,15,7.671120930939853,0.3491555519574617,17
bf69eff2-9e98-438f-99fd-ffe08b899a0f,impulsive,0.6475576610200776,0.23946242630405884,0.6853546087800461,194.99037698203094,0.22054288823343343,0.20566820210186346,96.0,8,3.950236346088923,0.285686905568642,6
757fae38-2a78-46fb-b29d-e584e5ae26f3,negligent,0.837234484174891,0.8532752508080654,0.8208893833315066,362.83215629122986,0.27540403089369725,0.37776014301839494,64.0,25,30.763837678106608,0.8258202755824673,23
e45b511e-f01b-451b-a3cd-73a199149eb3,impulsive,0.5739594890788475,0.06551704846933724,0.8220443421962031,107.31918114454115,0.1343707702964396,0.20553139116349858,78.0,9,7.822487826268922,0.367836818018195,23
9ff0df94-bff3-44b7-9c3f-4ff05d57ad41,negligent,0.9259161358505882,0.8908119213218553,0.679409299580702,386.1410589171826,0.0769901962947143,0.733047582858708,41.0,13,37.107699216339796,0.872682478422487,22
940ad112-c03f-4a5b-90ed-acf0d7e24929,negligent,0.8505225598382268,0.8106831769345839,0.7577197689793821,307.0610200747623,0.024872244476068478,0.3841499668948893,195.0,9,52.90308098120406,0.506121805446223,22
85e374f9-f8fd-4576-81ac-4e45b6a9dcba,cautious,0.0154870722389699,0.10132548900002536,0.0007643561132710391,49.68706251528358,0.8403837572520257,0.02956891870087073,28.0,7,33.246654652625395,0.15417822384188815,12
1cc2dce7-e624-4c90-9421-11a0447b1ece,cautious,0.06284926901676459,0.0,0.06749002560151768,20.37387240517578,0.8719291952676054,0.08090492737149547,67.0,3,30.43268019832518,0.035110926765540756,10
74a42425-324a-4253-a493-4b5702d5f3e7,negligent,0.9699824761947068,0.7549195728078232,0.8306800887113873,390.8571119748555,0.05186407878214876,0.6485977074371151,33.0,27,22.081837703400865,0.5851804555281329,22
7980c415-1a2d-4527-a138-2b13f087b9e1,cautious,0.07386483919632274,0.005767515833685498,0.12011185998331035,85.78095386705422,0.6025841360852848,0.13191620112056515,36.0,4,29.531061184344004,0.13827064759721971,16
642b547b-a3c6-4834-acae-a59e21ab91e3,negligent,0.9495280235470923,0.737398987270434,0.7605410412275362,94.67419770758019,0.14059344394389728,0.43370355132043015,29.0,29,37.806504041875556,0.8358985107551139,23
b2409ddc-66bb-43b7-8a5e-b2ed818719c3,impulsive,0.7771662050526935,0.23105223400762742,0.6725963790093257,171.97280255989688,0.2946383866757448,0.5181564500689761,59.0,19,16.002399041753304,0.672433088594758,21
102e8ac4-cc05-4a48-a983-9157561ea3d1,impulsive,0.9125258879015531,0.33338456932940497,0.6487860052448056,108.80706531559858,0.354763074221818,0.144461575405604,52.0,13,27.088769738743686,0.6705603414309877,20
36984a1e-fb7a-49e5-8a48-563bb4bde50a,cautious,0.20616392444900414,0.03195620724772317,0.38272598287278664,97.48365321069838,0.9282085747494356,0.10262567618648205,38.0,7,38.78751584620072,0.023045946728899327,15
6a242c42-24db-405b-b2b4-07029073c3fb,cautious,0.03270943952487235,0.03077237104456914,0.06959955748817076,227.82684580845478,0.9141562339356823,0.014450847519996098,43.0,4,32.866825838608506,0.17511346282264348,15
92696003-1753-4c14-964e-9ce46e01f642,cautious,0.140352461984522,0.16214314747344621,0.11552165516617455,55.8018371581859,0.7694106410650748,0.11830472096217054,55.0,9,32.85829986877858,0.181910211955607,11
08cbd292-fd05-4426-b2ed-df68e60360e5,negligent,0.8558322164155255,0.8195945636754745,0.826575639535404,243.54194048474682,0.06488473275282877,0.40799251667159947,195.0,9,29.75243795427621,0.7335560984274347,23
751c273f-ffbe-4b9a-b783-e9bcc6a77c2e,negligent,0.8878434476310123,0.9686630029612813,0.7275072140679439,228.70965475795515,0.21592815043492794,0.6618236839431643,165.0,5,37.84034835380265,0.9213429761367885,23
f5a73ba7-d418-4f63-95ce-dc44498d5185,cautious,0.06163614800952873,0.0034148142408500937,0.1502425312723145,31.184967669281445,0.8373261105120274,0.07610729864284047,39.0,3,12.789642802370897,0.00981156864430414,16
d95b070e-a20e-44e4-8ba7-6233794ec1d2,negligent,0.9180202787727408,0.7615612612837589,0.7613753905895114,65.10177854134913,0.11970741193472588,0.6636223065096024,99.0,8,23.25670138441597,0.8075881552803101,22
5dd72c0b-3dbb-4c59-9a24-b91bd43cd838,impulsive,0.6892620094230953,0.21768765655027897,0.47421718446358047,115.89749637799711,0.15801807391095898,0.2214195109086573,22.0,7,11.76285769679844,0.601215590354178,13
8265e1ca-77d9-4d38-a569-960c55d854f7,cautious,0.11533358229021541,0.24506096567516078,0.0,123.00870068105294,0.9670843957153783,0.10883187315163693,21.0,7,26.438335642352655,0.16879948287329177,13
b646b4f6-3ff3-41b5-8e2d-e650063d83e6,negligent,0.930538984809455,0.878209980290335,0.7867860561621752,244.4102330339245,0.09437571891905491,0.37374591351056746,76.0,5,45.379986018846346,0.9130941274686912,22
f37f6ae2-c8e3-4d99-be13-b568c9d37023,impulsive,0.5218621591715924,0.2605401094665637,0.517775271141011,212.1266862965734,0.35238946324634174,0.2099268795890368,107.0,17,2.0,0.2922981935307566,20
025e03c5-b7d1-4790-8f5e-f19c08662706,cautious,0.03967227347934808,0.03343558625315144,0.19037130125508667,55.07270735319329,0.9394201179077851,0.05338902274032675,54.0,7,28.22073601099863,0.04577637436068243,17
0de5dd05-1a4c-47a9-8806-a289e89fbc97,negligent,0.8720209420858742,0.829760420731924,0.848792229294704,114.18432079094262,0.18089592612399386,0.6471284213425598,197.0,24,59.65194883196165,0.7595205527686875,20
e40411d5-cae5-44bb-b5f8-981e4d3b8841,negligent,0.9641485265606196,0.8597154330038671,0.8743985082595019,353.190729059753,0.08009349621573753,0.8112269904514883,74.0,29,39.54182201554903,0.8274848536485324,22
98a66157-eca8-429d-a018-ea2a389f6713,cautious,0.11476649385476134,0.06894200959896658,0.07191525904263085,35.71124030804542,0.9458374097086328,0.18141356937214373,49.0,2,40.30263660892014,0.39871554955487853,17
2baf1242-a418-4da2-98bf-9cfb1224adb6,impulsive,0.7750089356499456,0.07304663798395791,0.4249137018990333,161.68217102868195,0.0738212668784379,0.0,33.0,4,15.311084293708547,0.2823199332321549,12
58676526-92b6-4275-aa0e-77f87191a2f4,negligent,0.9461901933205569,0.7625173994446558,0.8331956112641933,329.8972890543652,0.02405433589857485,0.5771172746796335,56.0,7,35.987538046640765,0.9466699040284401,21
c827bca9-77f5-4118-aef9-d88b545fea57,cautious,0.015633680206948226,0.0,0.05954043948511503,3.9406355011773204,0.9069920690940859,0.2030469210471474,31.0,5,15.15622205989661,0.10363920734446537,10
9aeceb3f-663e-4ecf-bde1-5e55204cf024,impulsive,0.7918922915049614,0.4977730203404367,0.6473286901189773,72.31224003067753,0.39402957827701196,0.34224840238118276,83.0,18,13.836370464661368,0.5318085407862597,13
9e0842d7-36fd-4794-a4c0-278cf23d80b8,cautious,0.06419786882250662,0.14715347618980829,0.1826270701212135,37.968416531613684,0.8033370619616088,0.0,13.0,7,18.876929127033492,0.1527614799421767,15
3c93341b-1fb6-48a7-afac-1c6f0982eb51,impulsive,0.7098362258843488,0.38506859544985156,0.6809811374947157,192.20021475028068,0.27354399082155406,0.39966770043479444,83.0,5,10.938823475680088,0.12531296726917057,21
c2011f27-d3cf-43e9-be4c-46a0b32e2c26,cautious,0.019801814094041765,0.16491874057053255,0.26966409356285476,30.99325884744648,0.9602099893547839,0.08409571904887714,24.0,6,35.06813494007693,0.03773773834536072,11
2683d162-9214-4f1e-aaff-017f9a425d2a,impulsive,0.7309996019020233,0.5001333293755631,0.7912112713984355,178.46317163916478,0.30657311155298844,0.38953968756272417,15.0,10,8.864748647882633,0.1440362078554767,13
630aa68b-b503-409c-8a3b-3c8612c34acb,impulsive,0.8383547164683288,0.3186108823824863,0.42984653287248764,103.91833941913646,0.20602636762483936,0.20437720950103655,116.0,15,2.5856819829633846,0.19611371584798176,12
8815ebc6-e18d-4958-a11c-3b19b9c1dcaf,cautious,0.12516981390289017,0.13969925905304348,0.15459206185570787,118.7023264782798,0.8713214564832525,0.1712896867687704,32.0,7,24.489804340636177,0.39525880232079147,9
297e1f3e-7abe-49dc-a602-de588c04e4b4,cautious,0.07176402186221105,0.02789382415099482,0.18694558393710523,138.94818004563524,0.940848545064483,0.013124903084619517,75.0,6,22.727793515830896,0.013148178903409491,16
e3db9433-c15f-4387-9726-d5335f543fa5,cautious,0.025482703808308936,0.03505465314256967,0.10182805765109129,207.55219123507834,1.0,0.14142188028787644,72.0,4,15.62975183510794,0.07097975466184038,10
b3db3d9c-5710-47d1-a9bc-df9f32dba9c1,negligent,0.9325241837626442,0.8090374239058948,0.8685924641425548,325.6472691816112,0.027310387666814373,0.5059278014632018,57.0,29,26.189402610226637,0.6766400410237714,20
59733324-0281-4160-aaa6-a7507237bec5,impulsive,0.4803072574782024,0.08257658716663065,0.5966455393372142,174.1241707744441,0.31700065502120167,0.4052676607761983,93.0,11,5.788824991025564,0.22352608473572777,13
2430bea7-7c3d-4f5a-9a5b-097499be9cc8,cautious,0.028920171782701086,0.2231947519209889,0.0,74.29877128735298,0.9292352095511867,0.12050155601539152,29.0,5,23.57907033781319,0.03740335458166093,13
62ce91ff-8efd-49b6-abf9-dd1bb970f99c,negligent,0.9361891452953723,0.8610958006816446,0.7835671306064393,89.52729074112939,0.03307449686423826,0.6631259974672018,75.0,6,35.52533219317771,0.7091407240216271,21
362285bf-9d01-43e0-b451-60eaa8e1aad7,impulsive,0.7895118182152829,0.03771621539457415,0.4247867656370556,251.32941406104848,0.2136725156131436,0.36674525602067437,49.0,6,8.963478909264193,0.27830121718578804,3
cde91ee1-cd1c-4ced-9fa2-ebd6869bfa25,cautious,0.014989679432080667,0.05743450148697569,0.03805197570832024,189.09911203772216,0.9659786660298825,0.2778013760377433,53.0,8,14.147398302885652,0.019473337152745077,15
e5768907-ace3-4df6-9dcc-86b852a3babd,cautious,0.31004067701528293,0.16473069643177263,0.059026699787876044,139.82475765372698,0.9616206472569179,0.033370048756604036,40.0,4,29.31261677973009,0.06804891690301987,8
bfcbd71c-32f2-4666-a268-2f026c58723e,negligent,1.0,0.865908780572108,0.9390149135965126,127.20947392286436,0.09962914564755157,0.24467348401153122,105.0,12,34.58604440091182,0.6976597734369806,20
2b2a2481-6564-4666-afbc-f23cc8b898d2,cautious,0.04717258069156301,0.0353908639470804,0.12734177349726808,109.79139863703881,0.9757500492506993,0.0,33.0,3,23.93466436710126,0.058117995013244036,13
d3b1b035-42b7-48a7-998d-01032ca78f10,cautious,0.1636639157262766,0.061746862997718144,0.09243030921131618,119.6774340840579,0.9298734804941085,0.08381479353103953,42.0,2,22.629503947828216,0.12074910486955627,13
b264fbef-3f14-4fd1-a8e0-1db0f9b580ce,impulsive,0.49170202524621653,0.142811774565508,0.5928434914988692,105.79997028253311,0.06344297522138442,0.22739101350119917,28.0,10,11.797352091820832,0.608073001769694,11
f200554b-99a0-4623-b913-42deccd8a04f,cautious,0.40569960999203064,0.062411479656591634,0.09411562039529843,27.06598462145934,0.9598002275523508,0.1641883071536234,11.0,9,35.00115853424095,0.07055834226127843,8
9e52b9c3-feeb-4809-b4be-6dedc3c7fc51,impulsive,0.7004110707078691,0.1933203600685851,0.6607795302721962,216.0298375508181,0.36115394278427143,0.5714683634496823,103.0,4,12.996774922124407,0.39600073586896195,1
69f4df97-40b1-4d13-b595-ac89e5e6c70e,impulsive,0.8404660107445797,0.06505386834609451,0.6112978903995178,160.900653824823,0.4848429500393863,0.27381406152904414,45.0,17,8.26825626321552,0.3507981447801677,22
d666bea0-4684-4210-ad54-d83520282801,cautious,0.05577452213132561,0.10338119824037512,0.0,28.02146739009432,1.0,0.0,60.0,6,32.49645174075688,0.09513416848644622,14
3d878f9b-1109-4862-961d-a2ebcac7d854,impulsive,0.9005876324702182,0.11693151979736499,0.6509572837663047,162.43057632251498,0.16378206892848352,0.5391566920145963,33.0,8,11.998514067839668,0.5262138741914549,0
250b8d1b-bf1f-4539-aee9-7564c5f15f41,negligent,0.8164655191910963,0.7183497120478147,0.8806195542290144,388.1406835465699,0.1410879651507361,0.2592710353741773,120.0,20,44.79913110928826,0.39819209263641897,22
c6e872a5-2939-4d7a-a9b6-1a6759a8cef7,negligent,0.8549376599035762,0.6009315597222012,0.9346101290068092,202.8958057095394,0.0,0.44868707453807044,128.0,21,31.784210935083426,0.8557891267091847,23
791647d3-3c0c-4d14-8c80-3c6634146d0d,negligent,0.9760235960316084,0.8851916863037665,0.850437789829869,532.4959011590322,0.15408767972311002,0.49220319252661593,194.0,17,41.65280213020159,0.4424181815885981,21
e2892dbd-13a4-4b7a-aab4-3d6cab67b571,negligent,1.0,0.706355971836334,0.9983244233749201,82.46855269519111,0.29016307469088926,0.6121266884941324,147.0,15,45.134429179921405,0.5419437126578792,20
062f1965-b3ac-4d52-a37d-7aba168b64a1,impulsive,0.5597935643174798,0.33785925156622065,0.48586342645972935,115.66762261028201,0.37603633060449154,0.214740271596213,41.0,18,8.10184662834429,0.248202445049002,23
b9ed8e01-3a52-48f2-a9ac-250130fc247c,negligent,0.6749306264435695,0.9011809175112652,0.8021338194134963,153.5099660335382,0.02188418547656376,0.7603771369590185,145.0,10,18.700044799268483,0.8259688681004081,20
924d1d8b-586c-4e45-adee-27eb97dfafc6,impulsive,0.7553387918859372,0.05938816161437602,0.8762600597009853,159.68651186726868,0.07249262793528519,0.43955763192144814,70.0,14,13.820159184382275,0.39141554198827616,22
de008c4b-a71a-421c-b651-bf37a341c71b,cautious,0.10317197336111814,0.17217237925703552,0.279759472098409,65.04323526446004,0.8886891593882351,0.17004683892957217,61.0,3,17.542055420057423,0.06944035171047466,10
695ec2ed-005d-4ba0-b1e1-4de759e9b76e,negligent,0.9597091344644266,0.9804661194780464,0.7913606858725024,149.87348249860392,0.08237997805336497,0.6088536553822118,143.0,9,17.566761309940308,0.918590845260888,23
f53b9c13-a0c5-4e4d-b874-99ce0770336a,impulsive,0.6158608902800069,0.2848492036165139,0.5001842424347124,206.85313672396853,0.2312110800408937,0.22667715402060956,102.0,5,14.69634509105745,0.38922404904169644,15
08a5c705-89fd-445a-9fb0-c2dd5b85ad36,negligent,0.8398190756618267,0.7360856321785444,0.915625829672019,221.50158206198128,0.2961713893638698,0.7297211319486466,173.0,12,24.912990010631408,0.7925834892547404,23
0667bf29-8fc8-44c6-b5c5-56f97bfaa159,cautious,0.0,0.07749360190253299,0.0,69.61692987881491,0.8669639187839124,0.01875009492022015,56.0,4,25.668679649734347,0.028792901645509038,8
9897c46e-1fd9-4e99-9796-4d7918c586f4,cautious,0.1799272324015305,0.03920561983898031,0.06317646241468104,92.9379433189541,0.7925805798859046,0.08814038128589533,70.0,1,35.81241640689171,0.07693841910263759,8
d5038dfe-ff8d-49d7-8d8e-b52aae42f71e,cautious,0.0030725243853400265,0.08015683630088999,0.18256230466271778,130.95060739532732,0.922923972644128,0.029430912723556843,31.0,1,42.23934295225274,0.025568975753525406,8
0aa75ae1-a48e-4c83-84ce-3a69b8519c6f,cautious,0.16979253231221522,0.23994072952002926,0.1714672093789632,98.73566097722153,0.7264680890168159,0.07004677901249598,66.0,7,11.100738075294158,0.11612344545352726,16
da248373-6421-4eca-ba64-8b34616031e3,cautious,0.02811872010940129,0.0884076924359807,0.12822691774981862,222.40928672578613,1.0,0.22138167754973478,71.0,6,28.609560682215303,0.13012372210464934,10
059f567b-869e-4c45-871c-8b1b216b020f,negligent,0.864989635004071,0.8684362837556757,0.6178932667824075,200.5105124993564,0.18373926441693447,0.5717470362667634,125.0,6,38.98119096661024,0.7326070946765932,22
489dbc1b-a25d-436e-bcd4-a8453385ed24,impulsive,0.5979073266479681,0.13858434634609226,0.7129917864142469,255.75606982411364,0.4646098282830951,0.27286313213477165,103.0,4,5.787779617630398,0.5638310824601198,17
ca0af69c-8941-46b8-a051-ee7be9d3456d,negligent,0.7808400493769491,0.7128179704956928,0.7374589566881979,165.0553748242408,0.03008321187954,0.4582316495979107,92.0,8,32.99929507693344,0.7933142456057733,20
6a2d1acc-de8b-4393-94c2-8d02bfe8f3fd,negligent,0.9978580520630259,0.8838686888826742,0.8669503236204272,75.52045232110841,0.00515099859388609,0.7828728520171847,190.0,20,47.34633191352524,0.6616273051125984,23
8a708d24-6782-40ff-96a0-416fb9d00319,negligent,0.8812073078448651,0.806761409547082,0.9385972627744531,295.7037521214945,0.26174824091857635,0.5548563476320534,21.0,17,48.36790347371653,0.808043312776146,21
8a75d56a-4b5c-477f-864c-cdea2ac11931,impulsive,0.6754281664312247,0.4027725997917216,0.6926160672069201,152.69936929489222,0.36403076667184364,0.07796915301573235,79.0,11,10.757954949404292,0.6321463583904602,2
ae283b75-49d9-4b8d-822d-502bd34894f5,impulsive,0.7377998400613474,0.2646957396721039,0.433711090339939,113.67591451081233,0.2884207335417666,0.20985660574636583,83.0,7,8.37922690523283,0.34339667517236167,19
3ee1b521-c01f-4ff0-8511-d045efbe4649,negligent,0.9349143862291797,0.8937937876346502,0.637840211055613,138.06760964214678,0.08649729086814162,0.6854335172529095,36.0,5,37.22847949864647,0.8829197045600252,23
550a5dea-f615-4a6a-a6ee-ac3b3a35dd09,impulsive,0.9952806816132108,0.3900244976490374,0.5222103760072411,190.98159453579498,0.43641631977860246,0.34017095952074883,103.0,14,17.07348967521831,0.5101133984162641,12
1b7a511f-8c6b-4c71-8909-27a9230a06fc,negligent,0.6646327619021892,0.8721362523902187,0.6176428011033487,317.9493415394471,0.014888627797609516,0.5973186487400988,54.0,16,23.2659557011441,0.6933022161201801,21
828c47e1-ef22-47e2-9017-d38c64471604,cautious,0.08061503498470947,0.10982250315668998,0.0872835170727348,31.67638639658546,0.9745966270488312,0.04392487744277786,26.0,8,15.868781188299817,0.04336055366728838,8
b4d1791c-8cf5-4f22-97e8-b088e4a9db19,negligent,1.0,1.0,0.6314676127733759,75.23896595292787,0.17846172529699414,0.7829183408881256,166.0,26,54.22711613860744,0.8825991132226257,23
158fbc80-019a-43f9-97cb-eab3a0e62e6f,impulsive,0.8492341478162405,0.5027419117277185,0.4825753333350907,355.10673899810286,0.4940036893395461,0.0904528038605609,100.0,17,15.51633280759554,0.2379892463463858,8
f6158d56-30e2-482c-9644-128eaa992e6b,negligent,0.9709192141276634,0.7397025062681785,0.9743061114539334,545.8287562707117,0.0704154847797924,0.6485631535512701,154.0,26,40.921960741420826,0.7672699332783389,21
5eba54be-0914-4546-8fd7-22b20572ed65,impulsive,0.5258204961629144,0.1318678078346584,0.6310412215377755,221.14823556506454,0.18998937411308192,0.24501402444218998,57.0,12,22.48375651987073,0.262820228251732,17
e35f2f4a-7e8a-4ec7-844a-e0f584f64b70,negligent,0.8622462686002874,0.7014038582528902,0.8623208560773207,134.49973874703227,0.151107575507352,0.6065473335396458,52.0,26,11.96672685905584,0.9081212227177187,23
389dade9-eb0a-427d-9a21-a41f140131a6,negligent,0.9964736893348816,0.8854745519176153,0.6594787281380542,252.32939773060468,0.14569710811866393,0.3422926198622659,173.0,27,20.4580060642461,0.874998815801158,20
6ef638b9-081c-43e7-99b9-f211bbb80818,negligent,0.7131408874491525,0.6447174737750886,1.0,178.75334098625402,0.10925657897216702,0.4669707848423912,51.0,23,38.00875606362956,0.8934786595617595,20
5ef0ee05-1eee-4eaf-90a7-3960e6b3bb7c,impulsive,0.6984578814903893,0.36708483828337346,0.711508731359481,108.16838775507215,0.09752137988631913,0.13718726009812507,68.0,3,16.500204075074073,0.391790565284156,8
003b57f9-ab25-49b7-9ee3-1ddce458c1a5,cautious,0.027308272910362176,0.0,0.04801648931719298,109.67963693147654,0.8828639679564713,0.027797772461026785,37.0,9,36.13985175096278,0.016107949243832204,13
5943a30e-d017-4fe8-a03a-83586471c132,negligent,1.0,0.8735462960336697,0.7660040811064115,78.6204550949674,0.09754751393065582,0.2762155867751076,93.0,18,48.97916845117689,0.9369395394377646,21
6b4cdf8c-7fc0-44c2-9c66-c3a6bcb7428b,impulsive,0.3398134059112792,0.3047170244730629,0.7490998349869693,114.9545724696283,0.3061726831794646,0.2490644263811907,118.0,13,17.53548200295455,0.2702888849726833,0
0994ab9f-bf12-4d4d-b2cd-5d7cfca3b403,negligent,0.8997953978769507,0.562507357752166,0.6926931852933693,950.0246326785211,0.03209388458722479,0.8575523522843991,51.0,23,28.772925942508458,0.8718741726514643,22
954a4993-6100-4609-8d17-c2ea89d4c56d,negligent,0.7605944721444498,0.643969046825078,0.8876158277417442,126.6553815192344,0.08725091411783933,0.43292220748381566,47.0,29,51.4500695974346,0.49768484989053213,23
3135ea14-a82e-444c-b79e-900b61be111a,cautious,0.010215184007753864,0.1422625626855834,0.01739098385782608,173.03001670865436,0.9504237829024081,0.0,12.0,9,28.50803095585473,0.12798047415008287,15
0f66fe5c-f790-4d88-9010-27248a29283f,cautious,0.1124454010054505,0.07624511832305475,0.11584867685358227,159.23799711871158,0.9674682692274869,0.18108551381266866,58.0,4,21.493738223004733,0.1986741052584554,14
8c71efef-c8c3-4f49-9013-5d48a79eef40,impulsive,0.8397363268137423,0.29889313973929127,0.5229175001827528,135.74517898810458,0.3437471099660177,0.4586741937357556,103.0,12,9.298725201473216,0.46049698602801653,17
ca07c9a7-8f21-477e-95ba-d430a27fbbe4,impulsive,0.6875120768444875,0.4344508458356559,0.8557475367922093,194.07582500962752,0.07009793070535379,0.43863697087556697,58.0,5,2.969014281181707,0.4368522106128922,14
a58a2ecd-5e12-4011-805d-899e656664f4,cautious,0.0,0.07509582728272238,0.0,54.40286124061783,0.9753790244233305,0.22082117703628257,32.0,9,31.119880334111777,0.02402858790391031,14
530ce6a5-aa7d-4a0c-a7de-b20682d581f1,impulsive,0.7009987455203615,0.246940086038084,0.8463164187264139,128.55328847018856,0.05673736481365271,0.6518903544303848,95.0,12,15.684880667341186,0.37650495459634065,19
51d8c8f0-c7ed-487d-9c71-80b4cf0b099a,impulsive,0.3207718409362002,0.1875571471404959,0.6848600937144086,193.8899747889114,0.4273470104158307,0.5271392861180074,49.0,10,22.83194275122107,0.21361188004581622,18
9fb63026-fb9e-4840-9770-e79609df1780,impulsive,0.6787238040762137,0.21468826072045372,0.8919457705193808,132.03095954999176,0.4461753605300897,0.28085492054339195,102.0,19,13.191875092580661,0.5523542420220657,4
841a3d4f-11ba-431b-ba68-8ded4d092e93,cautious,0.3087601452936006,0.0008239879981092706,0.09333593719002757,65.4544438970016,0.8717059160531662,0.01804464789533655,69.0,6,38.61874584546659,0.030512826381567482,9
86f9916c-573f-485b-a60c-4239e04b0b4f,cautious,0.06015136658887539,0.05660243535925482,0.11808192359836231,113.3727236076635,0.9759087054827237,0.0,38.0,9,38.142526374320155,0.22337222668697396,13
601746fb-8b23-45c7-80a1-7ecc00ffbc9b,impulsive,0.7016145831176755,0.029779062992886955,0.5793010446277891,262.4138875894358,0.16623388850200946,0.2512088076216201,112.0,6,13.22993231092413,0.35264434056473326,23
bf609d55-3f62-4794-b7a8-512100ed3afa,impulsive,0.6662325911583878,0.14336333862797235,0.4339103057282944,167.6117061389067,0.23384231961813787,0.4506645284735008,31.0,12,7.469439101196051,0.33642399298705855,23
d05ffbd8-2b6b-4c31-b54a-90c27ab97765,impulsive,0.7733537046610828,0.3401027866324939,0.8132818834402121,93.1919181135794,0.1837792377336879,0.2326549258426855,107.0,19,17.639907672471214,0.5799395370633259,7
af78b00f-16bd-4402-9c27-ddfc0d8e0b2c,impulsive,0.49518492313793405,0.35725559800408335,0.8343743098783271,184.49157138371203,0.017402539476739986,0.15858324664805973,56.0,11,11.231050034869332,0.5079331453619893,15
ea32a7e5-c1f6-4af5-97da-fff1cc8c7b3d,negligent,0.968501120534085,0.9267471144672326,0.6150210475066251,308.05383454530806,0.08292998025313474,0.6472125514882787,48.0,10,31.89764637757181,0.8194236399819678,20
dc8b73e7-ad5d-4c60-b514-d86b01e9f0df,impulsive,0.907443053855906,0.1522920593129309,0.4496442432107365,101.03459030880258,0.25991630650019704,0.2816861481942115,58.0,5,8.100046509548193,0.10518376348009781,8
c854f0e1-2545-42fb-9110-aa771b678c77,impulsive,0.8505186712214797,0.14319283133988678,0.831755404202884,232.5366768745781,0.07694000648624814,0.2855161437758054,97.0,15,9.08040038816065,0.47198751504933206,19
94edf73a-82a2-4364-9f1f-278256f1707b,impulsive,0.9439880730518236,0.08408349980449924,0.8457132384981191,182.6722979220078,0.4413912530192857,0.3751771643017835,119.0,7,10.256275847655356,0.5649877965957875,4
daca8542-980c-4cc2-94cf-dcec6c7e769b,negligent,0.9740304132165675,0.6284868494197484,0.913996588442517,376.8024421128223,0.0971240943015164,0.2594440013934069,177.0,22,41.64394365686466,0.9123175845012462,21
81207c22-70e4-4ae5-b034-2c68665f76bf,negligent,0.9385149535881606,0.7872645030420493,0.9888970517193015,63.68262612019394,0.14777648880495084,0.4483607003044764,62.0,26,40.03017784000097,0.7309578123203995,22
bd15a1cb-44ec-421d-a708-3ad5e5162250,impulsive,0.7674487277526703,0.2269097295073324,0.8425310345832877,109.21726487748055,0.39604027023204985,0.7106584439285561,84.0,3,11.400946780699984,0.3539784821388439,5
6a2febd0-346d-4b9b-8ca9-b268e2f0cb7f,negligent,0.8026191811967553,0.9489870092936498,0.9323784626586753,543.7656134476565,0.07817614119267442,0.6230542685536723,78.0,21,45.65934780895968,0.6958395006885346,20
c8d0b75a-3713-498b-81a3-69a4dd99bce4,negligent,1.0,0.9112856323800931,0.5819805165549595,124.93888078236603,0.13662211785476733,0.4841494291418446,185.0,27,52.80582732407264,0.903171596138439,22
40705044-be08-49ad-afeb-17c98207f2fc,negligent,0.9957281314334764,0.9158131013260093,0.9276380302731076,229.31874603111243,0.1446674714006291,0.5198281432135109,118.0,22,32.0628676826444,0.8234141657221413,22
92045290-68c9-495e-8c59-4cdddad32d04,negligent,0.8697938033685334,0.9261060781417787,0.5538409943178374,438.79517836007443,0.0462209221437583,0.6944681715845756,161.0,11,18.478350782488633,0.9561475415816035,23
acc746b3-f5e7-40b5-8808-f08e366a6dfe,cautious,0.1165813838856161,0.00682335724105787,0.024010825459251272,118.41139343217894,0.9462438817989416,0.12716160481894526,25.0,7,34.810232473809975,0.26437854386375975,9
9e7c6ccf-4d13-41aa-865a-079f3420ee9f,cautious,0.09440334363458974,0.0,0.09338556756896126,52.58097415444961,0.9344636732372249,0.09933717649691745,79.0,6,23.085251892150385,0.06187472622303887,15
1ba851d8-5a81-4ca1-82ae-ee6d2b3a4f1c,impulsive,0.39127589464122736,0.054619419064356224,0.49874287405026163,172.29120830014944,0.22613102950625932,0.3136237676059715,108.0,6,15.776790112819086,0.34548867909472636,3
eda0e3e2-6ea6-48a9-b8af-af28d569c0c7,negligent,0.8574940125132595,0.5728185012063262,0.9358002432357796,356.6181907286483,0.05678401614601708,0.32895531629287444,101.0,10,29.04032180733874,0.9835556370345706,23
154590e6-8177-47e5-b087-054f13a89a57,cautious,0.20278779728941596,0.016566702361997605,0.03248644642329698,153.6915596023236,0.8803999217194257,0.041654611003163484,28.0,3,33.548015894221024,0.030098144209808882,11
5161d403-24ff-49c1-8dce-ccdfb426a9e7,cautious,0.11107054330815133,0.08980127828135719,0.014331131408375476,44.870677151683296,0.5378548165136333,0.06334519346259929,74.0,8,22.85050540661127,0.3244316356376751,11
b670ba02-d538-4bc5-b94f-e01a82814e2a,cautious,0.1324395980017835,0.13525260132321956,0.3183979831738233,39.11037888568899,0.8614816271407681,0.024733257838784023,68.0,9,17.016268722856626,0.28201532876520363,9
df0ad07e-3bb2-4630-846c-9c047bdcaaca,impulsive,0.6117261393086263,0.4664622099161514,0.8984530314151514,147.27666228435828,0.07711560944361465,0.6225732139445916,97.0,8,3.533125814272003,0.38283166106168487,14
d997d1cd-3fad-435b-9ca7-e528a81ac72b,impulsive,0.9233391238238476,0.4950057708958462,0.7012086248578091,112.72153485897468,0.2598572366057482,0.34549155778307294,63.0,19,11.447145885356097,0.565585193298633,13
453cde7e-9644-45e5-809f-b97ec9bf69af,negligent,0.8693207105684568,0.8332275996943115,0.7513201171038812,488.9470339515654,0.04456375126704927,0.6036042091036289,105.0,29,5.606870302464767,0.5590637165457343,21
275fc3ba-f4b9-497e-83dd-43cfa1723f02,impulsive,0.8824108103519513,0.2787105024972412,0.7924805404790256,124.73036455199632,0.07943018966509134,0.3516662795828051,59.0,4,4.101986045387003,0.22850969992565917,12
0d055eec-61b8-4e92-8ba8-9d7f7418db8c,cautious,0.0229093031079822,0.04421809692784405,0.06173082417139424,190.87485385870704,0.5999650977229345,0.05711220312226375,43.0,3,17.63506964502917,0.15639982609088543,11
7be26827-59d3-480b-a765-defb07222aae,impulsive,0.8319576202221501,0.07320311297668974,0.39129035897606856,68.29539339648827,0.1870832479368101,0.43525700881341767,82.0,14,6.389564517895916,0.2948979409519468,19
c7e9f100-91da-4f0a-a514-a347a53b6b51,cautious,0.14873010262686143,0.009734969559259711,0.10178470030797708,125.9113457582495,1.0,0.07540153893598081,16.0,3,33.69394098007585,0.06726289003308003,8
7b9c91aa-e728-4c17-8c4b-c3d7705d6a8e,impulsive,0.6057861574692504,0.21870973621722362,0.519162576160208,139.11735186191737,0.4225690692644863,0.39619482500462383,61.0,18,11.619073007664388,0.38193974426248145,17
88b4a0c6-e5c3-4932-a6c8-37d244d02a3c,negligent,0.750050382289979,0.8665175630653348,0.6426926233089043,87.8379102323434,0.15844019506982943,0.5984099423829154,142.0,12,24.228466659627145,0.537477905388223,20
589a6dd1-a118-4c53-9bde-0f151f58b5bc,cautious,0.3441119939703802,0.08909902445814044,0.0467331757643323,123.32892112858833,0.9271804174039274,0.14550901190884177,45.0,5,16.40909457731403,0.1363561318487982,11
c3bee547-2f76-4f2b-af04-672cacf31f46,negligent,0.8630950486264765,0.47001848592791357,0.7054552989441124,232.51246952450776,0.02106024408167477,0.7661105149142963,122.0,12,46.7768209411342,0.7183070455226498,20
c2d3c1d5-5e44-451d-9640-1f825e185fd5,impulsive,0.7349193390224121,0.2870028287817848,0.48268408493201714,167.73983798436691,0.08443099368686682,0.5078599628429049,116.0,6,21.99485459974444,0.30923212123644495,12
1e0285a9-b1e3-47f0-8b76-3e39fc743c82,cautious,0.026677987348126347,0.09826871362993064,0.06039521780144462,144.62940243811047,0.983736495310747,0.06501133673676851,63.0,9,26.87337641111571,0.07448732102937837,11
b71a86b7-ac73-4606-b5dc-2bb07b0a6ba3,negligent,0.936211555315776,0.7900575407320489,0.9118773677909577,234.31521767763968,0.013066452155845223,0.4136869103544706,58.0,13,51.633271464680405,0.7845932967412953,20
64806438-6912-451a-80f8-7f50d8be8fb0,cautious,0.0020373054788381546,0.0,0.0952454821362745,130.02306535751234,0.8533120287932652,0.05102002221117956,50.0,5,12.25920485084745,0.015404772650226346,13
8440fe9f-9918-412a-922d-f0a09ab6bb29,impulsive,0.7865431180139704,0.1262167447138538,0.5132618012003414,116.92327425399117,0.22807173161191308,0.2957951322962265,25.0,14,2.680327979697047,0.5022553312424644,22
30f4a427-41b3-4bec-a602-155cbfa71f70,cautious,0.19288874181551985,0.020187719813839693,0.12064119312823474,194.9850735797275,0.7719146480617254,0.0,76.0,8,19.89926719816654,0.01420005001988188,13
a909ac3f-116a-4424-b5ec-b1ab3c188254,impulsive,0.4220116151935975,0.17493403763710366,0.6397441285821771,130.90176012838674,0.3245465530228831,0.6642362227425854,55.0,19,11.232844949953494,0.6441185677069565,21
d41fa0a4-945e-4cdd-a6b1-0be0b67fe532,cautious,0.05100382684134556,0.11284932937081374,0.06185780713259467,8.551066293771717,0.9582705985512407,0.0,60.0,9,25.196945552603335,0.02190496195707641,14
de9c8e90-0b2d-4df1-8496-a63370546af0,impulsive,0.6419352260242376,0.31998616934820034,0.5593726825021164,131.49609237352695,0.19900838315028166,0.38320234166870537,65.0,3,12.793617917757208,0.5487525837504721,20
112c6de8-7a1a-4794-8ad3-1cd4b94b2587,negligent,0.9620333438858071,0.5004180544077452,0.8769024945866127,130.095820884392,0.22443913120691988,0.19447835721428033,109.0,10,13.024102769612455,0.81168015860997,20
4d044313-7a8f-401e-b009-675bd9d26370,negligent,0.9964075448832177,0.8341117225382901,0.7931254167760646,225.89254736879178,0.03906341947407304,0.7502160418137006,181.0,5,21.490072521060963,0.8407064599595758,20
a7abdbda-8dcd-4b59-b89e-1759f0bcf579,impulsive,0.6834750856982146,0.4411846854321051,0.6443890847081682,162.5171507178178,0.06321073824790788,0.19297393544042868,64.0,16,4.997071809729485,0.5064719645896191,1
fba51e66-1bba-412f-8e0e-3c1781cce535,impulsive,0.6482116127459245,0.11853362550953393,0.555300668601205,211.65539408671506,0.21060394684295985,0.2999657969719231,38.0,11,21.654854518781562,0.4987281022834087,9
7ad8c3b1-52ef-4a04-bfc6-7b91a7665ab4,negligent,0.9878348551517011,0.6680322907641661,0.7053595629983265,72.35562155889227,0.21315135631979504,0.5619715669617066,148.0,5,43.14756505779776,0.7958319150356923,22
94b18290-8875-4ed9-9346-825d698f64fe,impulsive,0.37714021873308584,0.04957555943503066,0.629779323845591,234.84862682724128,0.44253183661059026,0.3235341794552863,88.0,6,8.83953313353048,0.41024585272700403,4
88d9c983-0b8b-43f9-ad25-4d02be34bd88,cautious,0.0044586966623305895,0.14703686315101624,0.04103554920046184,65.43641818578872,0.7795257368831651,0.022612750489823388,33.0,8,24.660820733602453,0.005718188705164496,9
d981eec4-538e-43cd-ad5b-bd5aa07999ee,cautious,0.0409191618294298,0.06943339770012934,0.04868550372765565,34.19886741808888,0.9635657870268295,0.30115110629015385,25.0,7,29.429378404573384,0.20252147734453838,16
9bf1e102-4f4e-4d1c-9a38-ca4e8d6ed65b,cautious,0.14420133892895698,0.04584457851265186,0.04448068170689713,211.87232554820073,0.9957810773546356,0.19133425124123918,43.0,8,30.96893770608626,0.1902627150143831,15
22be5e7e-93a4-46c2-9d6d-58de10c54561,impulsive,0.5109393981122504,0.16355050903515325,0.44471447747071335,130.93646613895262,0.12424798042454713,0.1691110821602106,105.0,15,3.7971556651587335,0.5900488705579513,22
fe6fd17e-a67b-4e1b-a358-a0c9e59f2d97,cautious,0.12781253128138526,0.0765634782323456,0.14503770890985007,122.80293305943502,0.9684246312539372,0.1686579881355063,37.0,5,25.00064183828796,0.11094422177465955,10
e866224c-c87a-40d4-a4d7-2e06b5f62fb1,cautious,0.11844505385250431,0.1293689802708647,0.04189285880742629,141.92185327034747,0.8855964833155421,0.06861622522597705,76.0,2,27.905637876220588,0.08024148108871326,13
33d90371-6da3-44f2-b6f4-f736e77bfd78,negligent,0.9026486236963384,0.8168881084159922,0.7921966065017657,157.29040327881168,0.0859230062336899,0.38746903850091785,76.0,22,42.249399917351454,0.848080283196014,22
375d22b5-6f56-4c9c-ac97-63cb024f0f26,impulsive,0.45595833360493493,0.19704121346774248,0.5088237709488165,201.88505908512226,0.2390982927703701,0.3124715099759602,23.0,15,18.21574801184663,0.3521923749144988,2
33d27350-6d6b-4b39-809e-f337c705408e,impulsive,0.7103603491215648,0.27731449464634467,0.7316270007498432,189.62337619373585,0.14558389458031054,0.33294808802393944,57.0,3,9.095779007741374,0.3402292611543055,19
7a4f0ff3-5fd7-492b-a799-fbff8b6d5e11,negligent,0.9407755541754471,0.8540117378587513,0.6829871335811103,132.07591771745848,0.09856649772208755,0.7253737396156636,56.0,16,47.55274361809151,0.6938912628579985,22
668a839b-71b2-45f5-b518-5cdc47156ef0,cautious,0.2725085505234739,0.056857895143963395,0.049653448832126176,57.14364986277782,0.9599848726075552,0.05781201386038117,61.0,8,14.121833675292619,0.020880120144240014,15
3f642225-8b1f-4701-bff9-4114a77bc35a,negligent,0.7962697308634543,0.8612238693130255,0.837650253521944,293.2723133412104,0.04703783040904946,0.7814029525389915,55.0,16,28.38031068118938,0.9310151528096811,21
bf01419a-b110-4758-8120-50f221a659ca,cautious,0.15448422715016946,0.25748008745594725,0.0969448932419291,187.66824615235538,0.8154423508717814,0.06430670526159536,19.0,1,25.69883254892728,0.06438829195833333,14
ce5c908b-8454-4ceb-95a1-a9bb68393e35,negligent,0.9615765410983238,0.8705204916235408,0.9744280894760812,711.3990930550858,0.072229882067739,0.6686519769902484,131.0,28,40.166817621516806,0.7562930006682042,23
df511c9d-65b9-4d45-8a99-b34330da8ffd,impulsive,0.9119226792525974,0.4942024154264745,0.9744402655423552,95.79553590363984,0.4330574076360392,0.19968081120974657,17.0,8,3.8855753311855157,0.3779074853763712,9
3c9a7b9e-0b99-4e8f-bd2c-5b7bc5a05601,negligent,0.8171100436854033,0.8222900232935697,0.7991191434168166,118.24925446425368,0.10927533081035078,0.7577463264697724,75.0,5,18.83835828468419,0.8989743101637258,20
72b037ce-c832-442d-9d22-680d25214972,cautious,0.02513904229833401,0.1763645351948632,0.1555523795323348,146.85245647520037,0.8498253327553814,0.0,77.0,3,31.23766860791456,0.0009277113893577654,15
8464e0b8-9551-49e6-9607-2e9e9a7f4e89,cautious,0.15597030570790077,0.06485239355187318,0.38892988267412376,93.78998196042404,0.7947795051810542,0.0668557602180316,13.0,1,28.634188001978465,0.06894664515180854,11
5bc8454d-74f1-41be-b46f-078c32ad1eee,cautious,0.09858532254218784,0.26858658251110307,0.05783157603996218,103.7941341366165,0.9490669774499529,0.048900671246748934,61.0,8,14.958142372337973,0.12831248289491312,11
7d068bae-0a08-4aa0-a4cd-38621a94c198,impulsive,0.806537642254626,0.2573496295613929,0.6501744570372764,103.86397309948386,0.19990096225448278,0.5834872889663092,88.0,11,7.3206993783898655,0.08074202571557715,16
6b81a4ee-5d8d-45a6-bba9-f2515edd3509,negligent,0.6666558166405769,0.8584832699829824,0.7165357668594888,171.00006001266976,0.12485022206328614,0.5541296943458178,108.0,15,40.01930135101742,0.9365641794463757,22
e7be858a-0adf-4604-9593-a27b4a9338ae,negligent,0.9656227034812886,0.8838214043818063,0.5869445005901921,60.81352660030924,0.13246576665259258,0.3878494288145533,109.0,28,30.60033799061972,0.9000217842453211,21
41306deb-df04-4bf5-9098-f14341b68353,cautious,0.2397979228431609,0.10041668413818922,0.2984252187533415,34.11307968288534,0.9575502143987807,0.09509223084652156,27.0,9,29.480901952353328,0.18801595968719662,12
d2c94212-d5e6-459e-9853-6a2edaba993c,cautious,0.13521862994162828,0.03739802748119736,0.09092570554391596,101.92013112079718,0.8764823999304031,0.19952482531026758,22.0,3,11.455307379739361,0.021619873828854677,17
1de96bf1-3f9d-46b6-ba6f-cf8d54fe2275,impulsive,0.5601410377197173,0.24950052699500205,0.691682419753956,284.81929591253987,0.14959519211345212,0.29980824665893524,56.0,6,6.204133593805077,0.15313586177097335,21
1a8c1ae6-8ac9-48b8-90e8-509f21c2aa05,impulsive,0.44500294420272846,0.4315387749208227,0.6868131055094688,261.36556856139634,0.14116941297276878,0.2922030125219189,17.0,17,8.723114656634845,0.6981250769252185,17
4c098e0d-c4d3-4bf0-96e0-4851c25489a4,impulsive,0.8631403595588633,0.3582888571494315,0.7403556769462475,81.0758736807618,0.16817804486391474,0.32908148030117335,92.0,7,23.836027241752213,0.27983086215615477,9
f278998c-d0b6-4bc6-ab99-940285f03f49,cautious,0.0,0.011574879758282948,0.10407815680678043,148.70476044244333,0.9629825657258827,0.103207580108533,55.0,2,20.62673857137086,0.012614250642395155,9
bce6d854-f11e-4ce0-903c-7b378142297c,cautious,0.08096728259756847,0.06224078429537719,0.23944716121422668,95.84227446612542,0.996771928895979,0.17083395378754795,17.0,7,17.214359153755247,0.13062583871560776,16
c9bf9290-2378-431f-a21b-1e171210571e,cautious,0.11960311412611258,0.06584758388678251,0.07646640634044968,31.205232065524456,0.9013102153329875,0.033952242232980934,71.0,6,18.737298166565054,0.04631916626585161,14
addf0871-c4c9-4d41-9632-cb31e061d53f,impulsive,0.5012344939067187,0.0,0.7052232610532252,171.05414878546554,0.12434658009188869,0.09543558260701704,78.0,8,2.0,0.4731383486997167,20
a4e0f2f1-dfa7-4c5e-9c06-9671a850ad7e,cautious,0.07979904654010839,0.04238018670900084,0.08684417308533417,62.40464412948128,0.9374578306879982,0.02615730182130189,28.0,2,30.427391049090353,0.020519092182889102,17
09c083a6-0ba2-43a0-819e-0d7d354680ff,impulsive,0.8084031821572065,0.16767215858861037,0.41261008782098896,172.70125437922883,0.0921649823073458,0.21954808690850422,21.0,19,15.348988412659228,0.5309100243368423,13
36e2113e-83b4-4d8c-9415-0527882803a0,cautious,0.17811828012591396,0.0,0.03093544159657258,173.59952200699874,0.9428133300923756,0.0225107646800298,37.0,8,30.215352762193312,0.001831484629252324,14
bd527bbc-bb91-4040-904f-c4f5294843a4,negligent,0.9480022855302287,0.8378833946825583,0.5951278805262062,324.5228024347724,0.16785186181220876,0.4445170713995064,116.0,27,36.34445352601842,0.898803834337914,21
67524d3f-0c1f-49dc-9758-20b45ac4b9b1,negligent,0.9089073712214091,0.61658174595821,0.7507297758941228,177.57073277959194,0.013526782235435303,0.48630638954134214,121.0,20,17.902212780439413,0.7703819251473086,23
462a656d-6a6f-45d3-a7d1-64814aeb6754,cautious,0.1091972191296091,0.19640711356204799,0.02503078665631676,58.34124556175229,0.916327569026541,0.11738573511780254,23.0,2,9.616168591956948,0.09763258301624599,8
b37cfa45-08f2-46a9-9521-59a310942aa8,cautious,0.04059684537042082,0.01334099903578331,0.19942425535626124,113.53306225732757,0.8869943622606636,0.11122327195847881,76.0,7,20.95674075060176,0.22254804599188777,10
5a32087e-79cb-4828-9898-da118e7941e6,cautious,0.08136118815592354,0.030457975228783248,0.0,88.44244348560689,0.9964293313344579,0.25787655100906964,22.0,2,34.60285673670137,0.13476904401474432,13
dbea69ff-8cf2-46c9-ad54-4a18dd85d30b,negligent,0.9786559765953683,0.6163821774866373,0.8418618794152999,128.38147848349922,0.22192799916343364,0.22971563130055722,64.0,16,22.650908709308695,0.8340194695799592,23
a5d78cb9-3dd1-4af6-87ca-a3aa371082ba,cautious,0.0,0.02993105242897729,0.0,283.66315681944513,0.9968228007601615,0.10995184180084427,19.0,9,11.346201697700604,0.004581479766776407,15
3cc80f8d-35d0-4620-b33e-776391f1a92a,cautious,0.10632739935312482,0.0103917209983392,0.11090746562526486,199.13813017816196,0.9455119019921148,0.15510684881420955,30.0,4,31.842914973280443,0.3068063367140049,12
5fc95da2-2ff1-4a56-9700-9c00542eb2fe,negligent,0.8191980348766256,0.8523452286667312,0.6540209666358536,315.96211393488534,0.26442139043469814,0.6340768336200147,96.0,9,47.591374709315744,0.8701662160861701,21
425c369b-cd7f-42f3-85d0-9233cc8e3ba7,impulsive,0.4287676834510259,0.15845313247216064,0.6134522695073303,236.97456071354466,0.3846695233806121,0.3880274577308006,50.0,4,5.617819733326627,0.2182482697327215,1
4d7e3551-f143-422d-828d-8f5c82fc114f,impulsive,0.5235238794227924,0.42253747790519,0.4831345374534232,225.6389329371188,0.24853550555739906,0.2777739797349422,32.0,9,11.355311072512691,0.353559796117608,20
12812e43-d9e3-48f4-958e-acba139a0dbc,impulsive,0.6009264489271353,0.35715284587523005,0.7035780596860968,131.3628466729165,0.0247388625138643,0.2906636754303787,105.0,15,18.451271916234315,0.21778622417904375,0
b67de537-cd60-402a-95c4-c8061532c2d1,cautious,0.1864235537294145,0.20303200018022688,0.034992333874885075,106.14133230616223,0.9040501731898295,0.07966891300181345,70.0,7,30.09825281881725,0.23461142457937492,15
fc3a75cf-2858-4763-bcaa-e1f04b23f736,impulsive,0.6523442454055636,0.5553075627218995,0.631302436705811,91.65291506294278,0.1326043789671429,0.03109262556078494,38.0,16,9.376638319407197,0.3275447707785076,20
dc09bed0-0830-4efb-9a00-5f74de646ab6,impulsive,0.8049613591178364,0.2229876129819938,0.5866074866228345,193.7195886163971,0.32340673012457954,0.4028546586946456,65.0,4,11.74491478141869,0.27666834536096846,10
dff5fca2-9eda-4518-b6c7-525f9712112d,cautious,0.0065780286734503516,0.3834312928177098,0.0521907338220535,316.8288051451893,1.0,0.22015498444049497,38.0,9,30.546179038729008,0.022105378387341786,9
0759b94d-2392-4a69-9902-3ab68376b35c,negligent,0.926910149540381,0.8368803209988764,0.894969318909961,58.08438419807574,0.07775336002734828,0.5813974644011016,87.0,14,65.59497387717701,0.7299192129299205,21
09e15811-1b73-4c8c-86ad-101659ba459c,cautious,0.12255474674750041,0.0,0.0,50.86104790325211,1.0,0.06322685679424275,56.0,1,14.933487720158892,0.03151887561626323,9
0c69d130-be70-4650-98a7-f84ca420a37c,negligent,0.8442909936601608,0.8377436944921036,0.7364672509866744,196.73961979280102,0.2619752423060785,0.3202137934803546,133.0,24,8.710022804130748,0.7591678220964171,22
a9380b10-19c1-45eb-b16e-dc6f873a8f4b,cautious,0.24969754268865058,0.025118620121568225,0.021964910862887474,98.26383986133823,0.8910879535520598,0.12365009672265391,50.0,5,25.247296773210618,0.07492750085746742,14
b63079d2-5968-4861-9d7f-0f3de09cd489,impulsive,0.6282997407450764,0.49086190234109034,0.6295520891590114,347.45350417481757,0.12415517996849468,0.3076196464201503,50.0,12,12.816203598952372,0.5787298415970604,7
c8544378-ab2c-46e3-8b3c-5df200881839,impulsive,0.33145806035139685,0.1873813671077166,0.7831909507417407,187.90712934640516,0.07847196967073512,0.16478664353371353,79.0,11,14.923868153137036,0.5219702218743166,17
180cd97a-ea86-4916-865c-da28b259fc01,cautious,0.07833127924459043,0.04737643651829651,0.03629686259196062,77.39520026083301,0.9545768147131412,0.16915466357674352,73.0,2,16.03349602493791,4.630157143516358e-05,14
ebe3c770-b032-4e13-8399-a20e2678611e,cautious,0.06066582500482578,0.17474652982028122,0.1413030917106919,33.979993164706066,0.9571225747512473,0.0834744901224701,23.0,4,24.38887089841833,0.06035572361034658,8
e93705af-4d7f-4030-ac34-aa27eb6438ea,cautious,0.10152451491165737,0.025991964252509575,0.07492626298288968,75.58920981705637,1.0,0.011370487711167183,69.0,8,13.238990057184102,0.07272807050113429,16
863a5d6b-e266-4ef8-b306-402d3eedece8,cautious,0.05904317014713857,0.12415647039103977,0.07658564015843757,28.243098778652293,0.8973709230606736,0.11116761801576702,40.0,2,13.291277918362116,0.030157281354926638,12
fad04ee7-6778-4326-9506-63c3c2efd782,cautious,0.0477326338083774,0.017349464646299183,0.152699075684945,80.06963328670554,0.9786018274701412,0.2806881967581788,65.0,7,27.778765780957148,0.10039313451698047,12
77b15a57-28f6-414c-b345-f54a424521e8,cautious,0.018027267469922083,0.09970355395643758,0.06691363046003768,45.78313393696365,0.773526377642619,0.11262855527255065,34.0,5,31.660961512167095,0.08402657845644175,17
66a552d5-d580-47dc-bb4c-74bbab2394ee,impulsive,0.8142907507865067,0.0,0.7327254097082871,136.96509518252316,0.07423977076430598,0.402924995852169,92.0,17,6.1038712811287725,0.15775348566418299,0
dea1ae26-5e5a-4461-81af-abc026842ff0,impulsive,0.5256498870477097,0.12012373942675982,0.5191894315570545,164.7394483069225,0.09267459821379857,0.479728371675416,19.0,12,2.0,0.5037110811790955,20
02da43ad-0f56-43f5-9fee-13390032433b,cautious,0.23317494332569524,0.02800149846300916,0.14184652622944252,211.99855272227893,0.9968313969721457,0.0007437127605066582,79.0,7,19.899261031138984,0.138120858912302,13
08a6fad2-7da3-431a-8f62-53c46591e9e8,negligent,0.8160085958268775,0.8469141392399223,0.9233813531975376,37.96867460498541,0.009358483890758445,0.5411131023497782,175.0,7,32.80725415755788,0.8015940644999796,21
0a365665-ce92-4fcb-a211-6c44e6399cfd,cautious,0.0,0.07952452382805592,0.02781020284243664,80.60073948043454,0.9280824666717846,0.037790963630361794,37.0,3,19.243019590512255,0.035391642254732965,12
e6233b3a-25d4-45ee-b188-11e7f6b3aae3,negligent,0.9591819419687249,0.8769095854959418,0.6015211885272934,208.14616195974241,0.13370965183267186,0.5240738157907917,150.0,26,57.5956973705738,0.5698454519314697,20
1605ac8b-fb1f-49d4-9dca-7034013f32aa,cautious,0.007132209080120465,0.12546551797614364,0.09741784263708103,207.60546608351063,1.0,0.19287955966355844,15.0,8,22.523412590661927,0.3172175677492727,15
e67bac08-9154-4fec-b3ee-c5d9703c4f8e,negligent,0.9842689446898489,0.8215645693766553,0.8019035866682162,50.62781961338914,0.0,0.3449175884363834,106.0,27,43.81733228941909,0.7708303364671873,21
25c0eb34-8092-4cdd-b848-12d2b1cca2fc,impulsive,0.5285559596751586,0.12074363849181996,0.7330797031875256,68.49546550474193,0.167512800686518,0.23436220031433067,91.0,14,6.849530785631133,0.49512504128555246,8
2c6c4370-5e2e-4df7-9c0e-ea745e11357d,impulsive,0.9247634464310026,0.4525174633838711,0.6653060204208407,107.2275818522432,0.13721451687647235,0.20684771678112102,100.0,15,3.032244618098657,0.577152827473358,3
d50cd40a-e93b-4216-9fd7-c36b267f16b1,negligent,0.7745723538151311,0.9287309336987872,0.7252426641911985,330.86578102875194,0.008768744540549645,0.6472678181510862,85.0,16,40.496531314585965,0.7940198234545868,21
9f88fcb9-52a8-4e02-9e66-b381251da564,impulsive,0.7827959579689702,0.2746220344201503,0.4703831503066956,151.10083385025203,0.39042937786666243,0.2847909577831993,72.0,5,11.935713237050594,0.306505055468471,23
3369a294-479e-4c2d-a6bd-502524bec6de,cautious,0.0,0.0,0.0142112246996337,70.65468813333852,0.9674403839631494,0.1967313650300294,46.0,6,26.83835153243645,0.09257557913360251,12
8c35bab7-6086-404e-8505-71653db08f48,negligent,1.0,0.8535411399134526,0.9762749700944816,132.7076624803035,0.27344139905117165,0.5400310759119381,60.0,22,27.675252525877667,0.7387328417355175,23
32b74c8b-7342-4357-aba5-f7a0d5e6c85f,impulsive,0.7091960986569769,0.08664108059699782,0.7342782020931897,137.69097388770388,0.46006965862651794,0.4057428720532665,74.0,8,12.931705174081843,0.21015126111189755,15
bc47f780-ed76-43d8-a51c-c9c7e9f4dbc8,negligent,0.7921856584847958,0.8075631787356403,0.8928833230559625,212.75196338579514,0.038706780707204784,0.5073420633030998,78.0,28,15.670433145340482,0.8800020495335157,22
0b8bbfdc-027f-4fe8-a933-3cfe6f7d7678,cautious,0.019167182246543124,0.12363087885374932,0.22808527372963794,298.74191837901344,0.5137312346328256,0.03296815238094022,20.0,6,17.915301830053707,0.02760644384236172,16
c8492ed8-3004-4a4c-a4fb-02e357a91321,impulsive,0.674717995488079,0.22988215505859974,0.465355281745145,106.41377084677825,0.0426803046067699,0.3683816843660248,37.0,19,9.150794999625237,0.5784348166884914,21
061d4f24-bbc4-4c38-8800-3a4edbb62bde,cautious,0.17279047103002748,0.14959850545973563,0.24742347614218232,99.63358578313192,1.0,0.0839276267313568,76.0,9,29.909683943396878,0.13095846055451796,15
536f7eb6-ddcd-44ee-96be-dbd0593b5b5b,cautious,0.07973049220395752,0.1886077840606582,0.139488003038692,26.651503347706196,0.8814428165587939,0.0,57.0,5,37.89758653926621,0.47850601147814675,9
484cd761-f30c-49b1-ab9a-c944501bd017,negligent,0.9873938453051652,0.7347842621920284,0.5820327611763241,288.1721914006986,0.05441272158536406,0.3436172209523642,136.0,24,26.128260962649648,0.6745851060399691,21
cdec8c3a-b011-45f8-81cb-d69513fdfb69,cautious,0.10540490478327438,0.01147271514913983,0.11963006596534241,79.58596871633385,0.8980987972260428,0.1470312606914217,40.0,2,34.28004401066311,0.03534671274928803,10
e07cd8d4-b6b5-4b10-be09-86bf67668b7d,cautious,0.0012304208067454164,0.1750207955139875,0.02084988436599614,279.3692965853565,0.878548144542921,0.1590730708193899,28.0,2,24.6184544709997,0.05633470921947411,15
f0a9cde8-2f0c-4fe6-acd3-14762dc7ebba,cautious,0.08356754796093067,0.11141283748762063,0.06943653291295598,88.69727424181478,0.9463358345403371,0.22677402386921047,54.0,4,20.538325487804727,0.003760772095579005,17
ea3b9996-3b2e-4411-97bd-e691bb01cfbe,negligent,0.7691702449267148,0.927314535149723,0.8079068985177302,189.75632712540065,0.062280235240462986,0.203392520420241,159.0,13,55.59154811007214,0.7813916369555884,21
59025757-233f-4cf8-b1f2-29632d22c375,negligent,0.9802784603069907,0.9271039223883597,0.9421001585817446,170.26954508509235,0.06879183350798213,0.5378066104022254,175.0,20,9.484067104073361,0.5233370924170937,22
01b589bd-f101-4e65-8aab-cd567b7b6baa,negligent,0.9474341864374418,0.5829709693069061,0.6537557252062416,254.4205317561662,0.08283656770188433,0.6921457884430796,88.0,7,29.836075496706933,0.8620718936816835,22
a741fe0f-1389-429e-bd8d-e7d2eae0fe5d,impulsive,0.8731277514427257,0.01349129829482451,0.49446617161511547,176.22543408344916,0.2526114719058387,0.2238232563736674,45.0,14,13.638268926363008,0.33472782301784276,17
e33f896b-0ff8-4333-b33e-22836e2cdae0,cautious,0.18144263958793988,0.11577005234267002,0.05750742735181984,225.57411043151293,0.9729532981798323,0.0,64.0,4,24.48507480397882,0.033197127421599894,13
bbbb303b-284e-41b5-8e7f-e4e48cc94ef8,impulsive,0.839387763338725,0.003483920242941356,0.6394702581083915,206.24731929177383,0.24058975153677187,0.3263120727194356,103.0,16,9.710182500151367,0.1603597005508252,6
1c721801-187e-470f-a3d4-dd0a37d5235d,impulsive,0.6715296352992217,0.26264998097012016,0.4705499715904735,132.95801113550678,0.11362734735291756,0.08000739886672184,109.0,8,13.7504550405253,0.5135164261473197,12
90403344-ac28-4aad-ad77-84914bf6342f,impulsive,0.7587308924463076,0.12074807842445195,0.7800026318849601,232.69830145967802,0.18455078880938694,0.5650836381167916,79.0,10,18.762021674519435,0.3341788715671424,3
133ceebd-d7ec-431d-ba2f-81f7817aedb9,impulsive,0.5948051537258107,0.25579898173132704,0.9447015729346717,171.64754530736343,0.42416692666763245,0.37234865026099323,118.0,6,7.802928405031183,0.23374343654373336,19
7511e317-83e1-4a38-9122-1ec40eba36d0,negligent,0.965159495350278,0.5368466510715704,0.8334572999534687,270.26333671469877,0.05284945500604459,0.7258579329175275,144.0,9,35.668248256903404,0.7311571329976274,23
1fda7115-18d5-4e95-9467-aa9d3a3d8d04,negligent,0.9585750638399646,0.7809830334053666,0.6248392022894121,413.4795555431764,0.17467767269405085,0.8546332225900259,157.0,15,46.433260798025515,0.7423619428906707,22
714a3561-d7bf-43e9-9e83-341428f58209,impulsive,0.6071693629617209,0.19247442216185784,0.5784916371086603,106.73295459061788,0.06341405492834251,0.5520855923726247,71.0,19,10.448714602231034,0.6160751689484795,2
035a9ad6-fbe5-412f-a2e4-0af346a65c9a,cautious,0.15926329774220363,0.055507326928795356,0.05092080481437473,161.22852701394973,1.0,0.041566434597032326,45.0,4,15.115439893525933,0.06093869609334128,8
7fa9f8bb-462d-415e-ac76-a7d10de9e297,cautious,0.16315241277508308,0.25499867815162874,0.45270752818807275,100.69548720022911,0.9118768553279695,0.001130748583677392,74.0,5,34.28767691790585,0.04772371088019043,8
cf7e4975-41fd-431b-93a3-b85849b72122,cautious,0.05739037576345139,0.022952337405356987,0.5002620895695912,95.0608759719987,0.9720984953215442,0.0,45.0,8,19.185332975427592,0.1405083344018865,13
5f0274ce-2d72-4686-9ea5-c7f5b5950ee9,cautious,0.1678705021530471,0.019797771865455914,0.0784906606802595,201.19199519242596,0.8854914915404093,0.09946629188254566,28.0,4,17.10660821128036,0.07017313322283372,12
5f83898a-b92c-40e7-9aba-f671beb0c63f,impulsive,0.49437466521638385,0.0486719001476445,0.8888396121612534,113.23156122433238,0.27161200693040805,0.3347093893247682,116.0,19,18.165675484074065,0.5164452399310818,0
a40d25e0-8bf5-450d-8799-d2450162022d,impulsive,0.6026882055938144,0.11756063667686717,0.8254124247797036,145.40752470235543,0.12607144229401854,0.34021140008871,54.0,7,15.212383924973066,0.3148930822894914,11
34acf8af-ff53-4e40-a2c9-70555ae4b70e,negligent,0.8047341033229786,0.6793089701847218,0.8459044366593014,495.30286166338954,0.12140951026519725,0.5519332602088968,72.0,20,40.61336548715847,0.8954692608954272,21
19eeb3d5-6720-4bfe-be70-678300973763,impulsive,0.9195373037398603,0.4958710031725551,0.47557051309458936,188.362222436989,0.13931399125412725,0.12414141779805743,72.0,8,16.751023079352116,0.20698591525072643,0
90c33a5d-6118-4ce0-9220-9e4f90aa77e9,cautious,0.08493058369725331,0.1512826503365711,0.041575482660029695,77.08560422245849,0.965454452548218,0.12826474267089127,33.0,6,20.309959177850693,0.023422833761586038,14
50f8f610-1f7b-4898-b33d-d33055b1790d,impulsive,0.47031660289836147,0.05884966158533328,0.7252925751330158,135.57574554056546,0.27998905993800505,0.12251370311979545,38.0,5,7.756506873656696,0.363142686755574,12
62b9a0d7-b113-48ea-807b-b9d2222f0857,impulsive,0.5778599055435045,0.041658328646934396,0.7784881831213962,154.47658858202738,0.14714631306722234,0.151059452562664,24.0,4,13.06782646114401,0.6443853995810979,11
9e640d4c-cc0f-4eab-b613-6ced76300597,cautious,0.07579952958038726,0.03963941433604462,0.009016577081487738,151.81137994027236,0.6498758988306047,0.17429187416662162,21.0,1,29.791704383368234,0.29435220933956474,14
4900586c-48ff-43c3-a05d-db301a4c8b49,impulsive,0.6985317954444338,0.14142239173530846,0.8881072476835674,205.84615773006445,0.2659919106325626,0.5755968787786131,35.0,16,13.761414102471777,0.3440409982792873,16
9df04940-4c55-499b-9a3a-4fb2b1a9d944,cautious,0.12707238319507239,0.1359935139441747,0.19197124729584317,39.59674104857543,0.9221849188601194,0.03491234291842053,24.0,8,14.926748462873837,0.06128782570550579,10
db94e541-b8ea-48cf-9726-7dda547cc115,cautious,0.08324901283250548,0.09065832642413921,0.04682345870498296,86.42389204456083,0.9427336897262091,0.18847675638396943,15.0,1,34.4518405246719,0.16453698728701036,11
9039be90-d646-425a-966b-4d2f5896a232,cautious,0.20652620672156954,0.19496297484821246,0.1362397876225343,42.907978809080674,0.9947275577557153,0.13649827455009444,48.0,2,26.159077339176783,0.3964626169264184,16
21cd9405-aefd-48d8-9364-d0575662a9e3,cautious,0.05421505687180617,0.0,0.256487377452076,186.2958552087521,0.8368760239448283,0.02359491815556924,10.0,1,25.723414752110028,0.13853672492397692,15
cfea7a30-93c5-4bad-8fc1-abce82fe88fc,cautious,0.06509849144759584,0.015182359490569931,0.03983557848682572,111.00465813523776,0.9561923664617601,0.06197864264181928,75.0,3,43.015119628642644,0.004011495075026193,10
da9ee31c-19d1-43b1-9742-4894dba52a89,cautious,0.026673585299466656,0.037736275177674326,0.03181958704789518,114.1542410071485,0.7434686549724184,0.056476984498624413,21.0,2,28.14138650782381,0.35452615378658175,13
c8ee7121-6300-4c20-8171-3b09cc1b691b,impulsive,0.46762905563369067,0.16774188090108533,0.43804781520446834,171.478218649921,0.05772147144697524,0.5402328962141791,113.0,16,16.45782178450939,0.39228861547219884,11
b8155f1d-3ea3-4318-8b40-d81ee8919275,cautious,0.03634266650418397,0.0083717296332241,0.06238365851498616,107.16846053734035,0.9392366536104223,0.23991308993142746,29.0,1,18.99522510189793,0.11030985402235045,15
fd0f05e8-4497-4174-920f-38bc7cf75632,impulsive,0.8172282205916243,0.11668314124579487,0.548893027710463,198.19420563729565,0.14352931615203787,0.3410797053107327,33.0,8,12.86505981914046,0.3572946359398787,8
10fc867a-0ea3-49f2-906a-957b0fdbb9b7,cautious,0.08022885348205797,0.06386980912064275,0.21687527659251074,42.03278597003068,0.967213568581098,0.02581672469013899,40.0,4,26.727433208151798,0.1652442631552932,15
39b79dc5-dbc6-4c6c-8da1-5e98db159687,cautious,0.15286522371342434,0.018553061143164462,0.1106168918203468,96.79421334722183,1.0,0.12261280596481802,46.0,6,14.336410201255717,0.027023962773094084,12
97e832cb-a5e1-488f-9163-7911e435bf3a,negligent,1.0,0.7748288840301383,0.6779713901286936,316.5649070681028,0.08524182453316169,0.7621878023056426,184.0,12,34.128900257184995,0.48854686954506255,22
3a8a3bcd-ddc4-49a8-8258-faf2b5bf266a,negligent,0.8973292541061878,0.7629889989890017,0.7578556582690856,394.4973307061575,0.013670891677659763,0.3996294487193072,174.0,25,27.98206773784033,0.7364457357355274,20
a47973a1-bf78-4c84-bbe5-30c83c2009b8,impulsive,0.7267230427077737,0.3530643918788208,0.5517575482577946,275.64882110193406,0.20586450197301812,0.406713956820608,41.0,6,19.68543243217205,0.22603500422299597,21
718f8132-ff37-496c-baf0-0444b5cd019b,negligent,0.9885041081603131,0.6455236915903104,0.8030512837585896,154.64476257859346,0.14769715845297393,0.3651746068003337,149.0,5,24.752932598912828,0.7587942289665487,22
b0e962f6-d874-4e64-aba3-8611d2364850,impulsive,0.8292396866055253,0.3173944605560492,0.8426735334834135,173.93238386662114,0.1753101031658671,0.263421835274359,87.0,3,16.76827088766683,0.17708559692303585,13
c09d3712-30fa-44a2-911a-c6bf2364d871,impulsive,0.8663661549863862,0.21863893830775533,0.8129090686899186,108.61210427689072,0.14735275515171364,0.17941200206541114,74.0,19,19.808972963259038,0.12778311975443332,5
493956c9-dfa1-42c5-863c-8e2c256503ca,negligent,0.9525863377039058,0.6779298691458947,0.8933073947075137,355.9682418458941,0.1555828270563272,0.6861517982062563,46.0,29,35.850202029614046,0.7654605274739734,22
09a8b6fc-1e37-4dac-a52e-beae32683ac3,negligent,0.9773587337434396,0.6860588346098819,0.9077236839256126,236.52902874816533,0.0,0.5007523801653362,174.0,13,50.084878610982045,0.7628560207418699,22
d4c0ccc2-8200-4323-aef6-bb9980cbb2fd,cautious,0.07111487073191447,0.015451522547783595,0.0072666312300660105,6.746855828915202,0.9338428867233383,0.07789649024815352,22.0,2,24.1100783124814,0.07871471950403365,10
d1b59f6d-5d7b-4312-bb23-ecbb5cfeabec,negligent,0.8974678774923799,0.6066961251668244,0.6429109523833758,320.8515244098098,0.06936803919765364,0.7098390157245955,123.0,11,44.41253430206562,0.8488797700467583,21
f7f318ba-4bb9-44fd-826d-645b80e75ca4,cautious,0.13093462095994482,0.015837666729826144,0.006103055729220999,167.38467124331478,0.898568363545705,0.021501600119755875,55.0,4,17.89469882900522,0.1599462317435589,14
21c7a29c-a6f1-46e2-b650-02f79dfe9908,impulsive,0.7934510131064653,0.12396310802029792,0.5758750515943226,74.6655042831905,0.10345339277789,0.334114646091965,108.0,10,9.715316049458771,0.2970054626174811,14
38f18e85-4bd0-4113-aa62-202c12e16839,cautious,0.15092580422950727,0.05502161674535709,0.08319214203272268,65.42261185919683,0.9152093799971358,0.1392956614668261,20.0,9,20.799445421486936,0.009141208917134169,14
7153c59e-6f3a-4b29-9a50-4f64d21291fe,negligent,0.953842825410472,0.804148100959265,0.8996838393294694,262.4838280149695,0.1425518951058866,0.651792522155122,66.0,25,21.057468242904864,0.6768218522719581,22
d4ffc2a4-93dc-4b8e-9e3f-d310c224fb27,impulsive,0.5154139431872529,0.27162226333911266,0.5896698288665003,144.94352720948373,0.40094900267016753,0.2133168457803468,24.0,12,5.209169611748304,0.3579969171556162,10
51eee3ce-50fc-4690-82ec-1d84b89f36e9,cautious,0.06809612709652689,0.272499693594506,0.3117994663260499,59.9069298506381,0.7418057799804583,0.18010122351849583,55.0,4,23.4069344502251,0.025690700496928107,11
ec278a42-3153-4bad-8a71-f0a266875f26,impulsive,0.8068076906893591,0.30318992372109305,0.7613296377690892,153.4076740354337,0.08387551947051605,0.22268097171824863,25.0,4,18.9378940861965,0.3412802305960339,18
11810c62-7cb2-4d68-990f-80c606b9863a,negligent,0.8403431238972573,0.7915212084893561,0.9358312718267985,164.71685875427704,0.12276343892673176,0.43620808139056066,187.0,26,14.875454246434675,0.7471946491135335,21
76819460-5dcf-4f0e-98bf-36fa7fdef48f,cautious,0.10451697005933983,0.06216402349332386,0.17035026757624283,165.0367441595023,0.9837363085292532,0.0,56.0,6,19.94983692400141,0.09394557240715405,8
2d90f241-9391-430b-b33a-dc5ae34a0ace,impulsive,0.3500431751637184,0.30691786347268685,0.4499232719139834,98.30462108844158,0.48044455700666466,0.2191446499945094,111.0,5,15.473257251011841,0.5150471997415521,14
d42c5b88-e272-4b03-a0b4-eb8f19abea00,cautious,0.08869512334553199,0.045282217326346505,0.10503680382292101,148.9107628945774,1.0,0.1998784596057679,25.0,2,28.70335938742257,0.027441743471633338,16
284d7fe5-f9bd-42dc-ab31-d7a3900a643e,negligent,0.9871665368607481,0.8150679278673353,0.8422817570248803,246.60589987118942,0.0,0.6543888211198946,186.0,23,24.87404569237047,0.7543182409604641,20
4c955132-ec00-4b34-80f8-41b0acc099a4,impulsive,0.7643229930295422,0.20626104971849832,0.5767371022023651,135.92965289221598,0.16793715834059572,0.16821339331467158,98.0,6,20.579214504276692,0.3982216244244974,5
8e25ea36-8538-4f34-bcc1-13b2c6de91dd,cautious,0.08728839784460253,0.1487573954768277,0.32560871980451594,64.41959471913873,0.9946343750785746,0.07792929399142626,27.0,3,41.86074509428539,0.0014235574408535381,15
72cc2111-6e98-495a-b595-61e927e1ce01,cautious,0.07021690089775633,0.15163583260672517,0.11627543218040069,19.547073899514995,0.9819552194695859,0.0430481141439512,24.0,6,38.9190364373076,0.026662527894400562,12
929d1d9f-1c89-4107-a3c8-d95c112acdb4,cautious,0.04435878021798566,0.0,0.044542017444684334,136.5312620597914,0.6708976792692799,0.014813904115956665,78.0,1,26.336038193820567,0.25166641649973476,9
507f0dd5-829a-4a7b-a058-9d8894d088be,impulsive,0.5673360365229099,0.07498202096546434,0.5090756659543153,201.13483424759596,0.1329886330073274,0.19945592092810868,76.0,13,17.0683835259767,0.5354447604898454,22
59f6b9b3-e6e8-4395-b54c-bc5b83f6d652,cautious,0.3807895007082772,0.1396260798611259,0.1511175837898239,37.41489514706839,1.0,0.05273204433856057,31.0,9,25.98354425109788,0.09085327241739591,9
cbd0ae0c-ab41-44de-ae94-f4854271ecc5,impulsive,0.7149716789581586,0.3630473559771734,0.8823146616130854,89.61580997394628,0.3175419540559335,0.20662246179474686,117.0,8,18.05797113829737,0.16403693166600536,23
1895de72-bf95-4ab2-8071-d1461f06d1fb,cautious,0.16824510544326304,0.09587729919467311,0.08941954194729279,289.4031056005257,0.9914123554571058,0.07925071436612485,73.0,6,14.185318951676983,0.06930417266241706,17
95a74469-beda-4cc6-b926-f5e0c8b5d29d,impulsive,0.7447085483003696,0.17857458013227892,0.6814000414191804,120.81240581616038,0.12681586695313907,0.28770889569699404,16.0,17,9.416449743062678,0.6624440256824444,0
e8b91963-f315-483c-be9e-d4b11934556b,impulsive,0.6308315326099417,0.20689843873224192,0.5212336986305042,123.99317670203087,0.4527032906681836,0.5740917869846409,82.0,10,15.52771406128124,0.3721099049170831,4
c82027bd-6c0c-4edb-85d4-b6fcff2f346a,cautious,0.23618829799134824,0.08326523149563038,0.3262468696338382,39.890943703522126,0.877117043696285,0.11663639530412327,28.0,1,18.54197115501792,0.14998457893097383,10
cfe4e391-0b46-4f97-b163-371bb9e02f6e,impulsive,0.8692398716573649,0.23094990674202806,0.6248876329245402,70.2007910952179,0.1758613191472204,0.3840362739162714,31.0,17,12.918429202389115,0.4412221312538293,6
e904c478-bda4-4167-b9fe-a76e8c050c7d,impulsive,0.6010956187506767,0.45611114425795146,0.468418585177184,89.12576919217304,0.021141393938104096,0.4577898691956015,91.0,12,3.0423178874013743,0.08820287896280646,8
5c668905-2d54-4571-9b6f-eb7626840ad1,negligent,0.7411676159960929,0.6913007072495856,0.830422279469938,244.59555630802598,0.005300365844999003,0.5028469943965502,159.0,29,42.8023986162199,0.6648565102781421,20
97418255-65bf-47cd-b181-d6742b4e49a4,cautious,0.049318055469925765,0.07652270607887078,0.04808299931851448,12.000512250268327,0.6739535351109892,0.02377657671913646,29.0,8,17.235810388909478,0.04291626838929787,11
4941b744-1911-4664-b64c-14d0b3987e82,cautious,0.0,0.0,0.09755386552872605,84.49230457026718,0.8868404808913,0.02542922989115359,25.0,8,32.574184053068585,0.22754020414599851,17
b78e5e46-3e85-4331-a79d-1c06325a0361,impulsive,0.36346121540466225,0.02330811876284148,0.4656016788429484,64.888491541042,0.19672033956257326,0.29129941831915096,23.0,4,7.892120295396895,0.5285992427534485,6
f769d7a3-72c1-491b-b893-01d8a3ece3e3,negligent,0.834440794608557,0.9019167536119072,0.8989444739111249,210.88815410436027,0.12946977810752183,0.49887866875312276,89.0,17,34.46303881734498,0.9294774833189061,21
bf5287f5-bbd2-412a-8d57-6366f3a710ee,cautious,0.06792786637414991,0.17922085494984838,0.027344634036064158,118.69061909846982,1.0,0.12943115033580108,53.0,4,14.774061579366492,0.07289147414283062,14
57ed750b-750f-42e2-8df5-5db644e9f395,negligent,0.9618443953481961,0.7396949493264522,0.8467470144125818,191.77010944330124,0.023830950941655476,0.5521227535578697,86.0,18,23.21829301954594,0.42546115650209787,20
968ccf8a-0c66-4ce9-a5d6-fec096405a49,impulsive,0.6095201586690159,0.12939584830825132,0.5275156379029264,194.85743344946167,0.07163573992856798,0.3128407533219758,96.0,3,7.344995722796026,0.515876220678494,4
db235af8-b396-4c10-9474-93d2fa291f72,impulsive,0.6813818396077976,0.2703143688225109,0.6361962081011047,238.56682845432036,0.5061119015963046,0.1702370867269364,46.0,9,11.182194352232939,0.2847867668473564,2
36d2403f-2265-4d1d-ad99-b572bd95e6a0,impulsive,0.7792576678979388,0.35877303791267434,0.5914184138552911,170.57806043657095,0.03064220143944065,0.26081747160577123,119.0,11,14.021546721165791,0.29214937597906493,7
c2bed4b8-1fcc-484f-a3e9-3d2ca5b19006,cautious,0.0,0.12629171320246824,0.1960405045141012,219.7921512369336,0.8814270407657443,0.03288369010473867,24.0,5,25.728595070945822,0.06731169275812894,11
9cbe8b57-69b5-4105-bfaa-ba3dc619c4d3,impulsive,0.5767293463110016,0.2552822901158572,0.7968398159229813,217.7458503443987,0.2746630176051088,0.3774278890971459,103.0,5,20.319103665108326,0.45416513827432936,19
82e67cb2-8770-4449-a53e-4bc5af51f63d,cautious,0.020947543359583994,0.059463875370781426,0.0,14.531394429112401,1.0,0.2772722744604275,73.0,2,23.13786169526053,0.09301747264631384,11
a818012c-34ff-45ca-a9f7-d7d1d4d3cd59,impulsive,0.3594124748464653,0.22170282823740017,0.47868291487167086,193.69665756556225,0.18606041109695698,0.1424657472637031,29.0,7,13.480607066647245,0.30091307611538715,18
3fa83164-1f12-4c98-a7a6-be556144ac9c,cautious,0.09152521496167343,0.16128202999851568,0.2571751571693472,103.65123581963319,0.9594792809621425,0.08114402896884856,20.0,7,21.90253633116682,0.18119982092237258,8
afa56db6-b89d-4d72-9ade-fef31ab6931b,cautious,0.08138050437689125,0.3100068378687341,0.030086395357719495,185.9143028610427,1.0,0.1423419610986993,44.0,4,18.815086904931228,0.015064172094965297,14
a023fe86-d234-470c-a572-199512a3caf5,negligent,0.9765998462708626,0.6401022404372807,0.6114564856478647,119.48833503434977,0.0,0.4351974807600136,59.0,10,23.056417167657834,0.7063462014971965,20
d1830cb4-924c-43b0-8fef-7b90c3b64fa1,impulsive,0.7268357087689654,0.25903939400156156,0.607216843462423,205.10579580206155,0.24291460985206992,0.26032923033211686,70.0,5,5.070406582543523,0.21772205009405704,11
2c41c79b-a66d-486f-8bf3-46fd62af1b9f,negligent,0.9166109262018785,0.8026097228453044,0.7819622985254115,261.22831043203644,0.018230995516473135,0.47305260988800324,196.0,5,42.50913531602977,0.6443078215505051,20
94ffc12a-8363-42d2-870c-70fd5a50d1ca,impulsive,0.5259484084875554,0.2310281898678043,0.7132280522807761,123.21054401135154,0.04037988132352281,0.4323512735497808,16.0,3,15.80103196272765,0.46678151699671006,10
77e12d06-6303-47a2-aca7-78d873349ca2,impulsive,0.7364470158454175,0.2014999109786081,0.6876525806750143,109.17880316824734,0.016569516686210956,0.2275917586384938,26.0,18,12.301864506695116,0.08367196237951684,9
0e3a6e08-aedb-4927-b4dc-3100f858348f,impulsive,0.46776836162066443,0.4897378454084376,0.7022467586561554,284.6340859389802,0.1938365673444352,0.08164227053925432,119.0,9,4.170064100100168,0.46237237761286853,19
c1f418f2-4ea3-4888-a902-757803ff065e,impulsive,0.8140104858856764,0.22780426095225093,0.49859651391169957,225.15079622927863,0.16282268632514868,0.4021394980410287,72.0,5,20.557439024262408,0.08009467360684028,19
e2dbce7d-b3d4-43e3-8f37-cca2793bb762,impulsive,0.4809071897483442,0.10256783962787952,0.6999051633995985,106.36482350681814,0.10238182291250371,0.3707226135332948,107.0,5,4.056307638097243,0.3988122546496498,9
66f9888d-3849-4413-9cf5-0da881b5dd9e,impulsive,0.7067307915072865,0.3407239878443795,0.8098251346355357,294.66607082817177,0.134116747424113,0.2763918586392304,85.0,14,4.630387838589256,0.4060916595616399,6
