user_id,label,warning_dismissal_rate,risky_url_ratio,avg_risk_score_on_bypass,response_time_variance,heeded_rate,download_attempt_rate,total_events,session_count,avg_session_duration_mins,device_risk_score,peak_hour_activity
6ff11b91-7f6b-4a97-a05c-c1f1ee97aed1,negligent,1.0,0.9415134556215536,0.975526942529138,63.793225217828684,0.11181490089890664,0.5957099648363342,36.0,29,31.746157330016516,0.9047903789759748,22
ba120fbb-cfdc-401c-8e69-186c4470a1c4,negligent,0.8980590972969383,0.8421108766297005,0.5948561938100254,300.33041530254957,0.02253012417533537,0.43649922660780055,25.0,15,23.55306512772424,0.8458615634969328,20
53f85565-9b9e-42fe-9d04-3a230ce6e1eb,negligent,0.9508646999568169,0.8582959685514324,0.9535614952099788,170.01831200320345,0.042438693469978826,0.6934178427503183,64.0,14,38.863932716741814,0.9341000960385035,20
536af276-46ce-4df8-8af7-c2aace8fc87f,negligent,0.7432980224489123,0.48666162776967287,0.890216238568403,187.06689868890885,0.01533287628605819,0.4847582753322708,162.0,5,31.865624758089993,0.6841784222262994,21
cf747558-e6d1-4772-8ec0-02bb07a7c7d0,negligent,0.8948729131313041,0.8952146896282102,0.8295291479436435,151.40943960422902,0.027683491179047642,0.11252737590136232,174.0,9,54.83251266355108,0.9170046811469899,23
22a292c0-67ef-4932-adb2-aca46b409b40,negligent,0.7753211746401734,0.7994884104477193,0.8078989306320193,211.73139820888056,0.19556069926410632,0.6732897989548233,35.0,20,36.54575273450908,0.612668532229953,20
a8e59f0a-3d19-428a-af38-8e00de96fffb,negligent,0.8951414695021597,0.9371916604763296,0.7475745287014819,298.4134700961516,0.11385316110969122,0.876867880961504,66.0,26,32.89142561162019,0.7175218926635146,20
b9c40b7f-be28-4f99-b60d-a9e5cf72f410,negligent,0.8051357075441272,0.5557244065281693,0.9198413297208873,168.22205045377325,0.18262620179065953,0.4471164603279638,162.0,13,36.41942719598752,0.8909586479316491,22
9052600b-d96f-427f-98d1-f127f3823c7e,negligent,0.8958277569115551,0.4759489460240051,0.7944657727286459,176.22488805276868,0.09818666189872925,0.2436304837398726,193.0,8,38.56776824337468,0.9456051650935559,21
7198110b-83a5-4ca5-b8f7-349a7874d3f4,negligent,0.9396194638085198,0.8056672496307331,0.7790532152220021,203.80125823317934,0.34185966866405904,0.8583804377487598,148.0,27,25.452941069265496,0.9123810235911985,20
e008ee0e-9a65-4110-8790-e93d27e899e2,negligent,0.925739652604952,0.9900321419936253,0.9645892221023011,26.821792145539018,0.22115836316925475,0.6047446594577159,100.0,23,43.103611107614945,0.8730052956305203,20
17d4b418-21d7-42df-a4f3-141763df8e18,negligent,0.8760299115476594,0.8755812367576636,0.775419875856521,282.20866334874887,0.027046127135019065,0.6825464321894112,173.0,15,28.171799291891183,0.8157604323719583,21
c0e0c75d-56cf-4a39-81e0-f591d2b6c7e4,negligent,0.8729108299781481,0.9156521157708221,0.8256986767962998,141.7701990314683,0.22184249200302014,0.29326931990084926,176.0,7,47.43646160544728,0.9824200077000678,22
2abf168b-042a-4436-afa6-0d8b8f97dfa8,negligent,1.0,0.9327991431230592,0.9230851840973906,161.59164149261977,0.05009348553112836,0.5384444609069008,88.0,17,46.544435140134325,0.7948552198981558,23
64581f24-4bce-4c25-8482-1edc475e0a99,negligent,0.945358351729007,0.8331664157336003,0.7565564707550955,578.646298781232,0.015497123741182266,0.6557461031659451,76.0,16,42.483241892046024,0.9655831266598499,22
cb8f63f5-7269-4a80-a96f-a49b405e368c,negligent,0.7791913545480046,0.7651064254092619,0.9351024174986876,156.04760105148802,0.11079288499651421,0.7061567823750701,56.0,5,40.941134089531005,0.7015659068459533,21
c2f510ad-e020-435d-9d78-fcbdc840ea52,negligent,1.0,0.8169188114433752,0.8732250331821951,376.7254686319441,0.06557643064524984,0.32702937906759755,180.0,18,27.606833795273744,0.8499569664370366,23
89d7f5af-57ab-4846-a3e3-9feed3d34768,negligent,0.9265482227171858,0.9539326790466837,0.9025725479178677,158.41801641627572,0.029399464951681484,0.8510120479473042,109.0,5,25.84031243440191,0.5584491523068867,20
895e9d12-ae35-4641-87aa-1a212d2dd46f,negligent,0.7198802072231106,0.8674178115375987,0.7396993082685654,590.5947287109207,0.05292367953004452,0.5629716434724632,26.0,5,55.46931173055153,0.6165790861383411,21
cab71349-dc02-46fd-8aef-7ccf11b38d8a,negligent,0.902152950418682,0.669050514028833,0.9381039021512899,328.56869176263183,0.08238707747598971,0.5969419537560049,66.0,26,22.278170623805458,0.7165285171306731,20
36200759-313c-4c69-a6f3-7e923fa593d4,negligent,0.8996151616807921,0.5110481551398766,0.6365487020450183,160.88382674873216,0.033460735522963865,0.5748868329736421,62.0,25,43.78667963986072,0.6269270954527042,20
2f2a15bd-e508-4acc-9cb1-a8274f0bffc1,negligent,0.8721693079701122,0.8403757329342033,0.7919892506226478,116.54738059267157,0.009651411808873812,0.9502654615360592,84.0,10,56.58342357678643,0.8868713899030051,22
b54fec32-1f24-419f-9d24-bffd38078769,negligent,0.7952720792563799,0.535211335401691,0.90298783028538,212.80675841114413,0.06762852571458527,0.5491331879969221,162.0,13,35.78827608993788,0.9816602755558701,21
1349a989-bb36-4513-a3c5-2dc9be038e50,negligent,0.7722644584538473,0.9590663704038894,0.8031806709666811,201.3843735794489,0.08933695342889013,0.7135657012040144,106.0,13,56.93174910607906,0.7989144189613597,20
8014b67b-8e16-4882-83b1-730b6a636295,negligent,0.9149382614992501,0.7469265731827849,0.6332646679784071,160.05982507917648,0.0,0.6064049985123018,44.0,16,13.708249178315434,0.6026285805831506,23
9f29af29-b5ea-4648-865c-27fdab6ad5c6,negligent,0.8981678984140904,0.8579159127395666,0.8011177736296732,401.3637034335136,0.04854203498387421,0.5248833024872613,158.0,9,48.258477748405284,0.8334019376953407,20
3b17cf91-9a3b-444b-8c48-14f07eaedcb4,negligent,0.8513691962250584,0.590953405957611,0.9785732174750035,368.4635033108077,0.27362038273527495,0.40154472530691643,35.0,21,36.38933697441438,0.7592492191105427,20
6200cdb5-9e6a-44ee-aca8-24d9f62e0db9,negligent,1.0,0.8760774088285218,0.8410752300010851,421.1989230262031,0.07896695748496549,0.7099840601186477,93.0,27,34.761677198735605,0.5516745917409294,21
b2682789-834b-4302-846c-ae17f711d04d,negligent,0.8547261173210621,0.8196210418395813,0.9661628154366197,158.5417098082305,0.03417443551022724,0.4004594918730665,160.0,17,31.438766596365063,0.3436828015460618,20
92cb7810-e564-4ba3-b9b5-15b5e7e96033,negligent,0.8441697855292329,0.7862918175077537,0.8895139003384024,134.96064935773995,0.15933063486463633,0.7929861424850868,93.0,7,29.513079301927615,0.561396608066527,20
7102d912-af1c-4262-98a7-524ae50fa311,negligent,0.8624884983092007,0.9087876940458463,0.9060190067542366,319.3125647150713,0.0,0.48272385602585943,135.0,20,41.53161171815732,0.8637484635660353,20
a404fc53-e929-41c6-a9cb-fcb74c10c46d,negligent,0.886911661729485,0.8973788653436339,0.6533843529365787,233.5763368839629,0.0,0.507118450172019,85.0,9,50.35451956346657,0.850829029248112,21
890eea4e-564e-4988-99a2-e53e4f2d1799,negligent,0.7696592428721983,0.6603861311411265,0.59170504682537,357.73347849815053,0.12175248839237632,0.7405176446360446,198.0,13,30.408771337850574,0.8877794931494154,23
9d7c6e1b-5b04-45c7-b066-93c11f123000,negligent,0.9268587654151452,0.8341374057519464,0.8104272564079504,520.0991376935187,0.09595260422155293,0.41131525690930537,57.0,27,35.47797916164913,0.7790132544108007,20
e935f132-ca00-4cdc-87b0-048b4788d4bf,negligent,0.7328787143379748,0.589925975710529,0.7798676559699356,143.473244531406,0.05924062208418334,0.7918313142335075,44.0,11,38.63487367814902,0.8307212425692266,22
b1e8eba3-1a6c-42d4-8fed-81118641b719,negligent,0.8922453848873682,0.9285650401716555,0.8740478883625138,347.86954296560504,0.05350312950528722,0.770752398863353,54.0,10,29.732803097216756,0.7691444282103176,20
900e7f9f-05db-4e23-8b1e-b65ab9154a00,negligent,0.9071570384993594,0.8954858821890781,0.9662049565715393,381.4273379434327,0.2619415860123195,0.47703662988401385,170.0,29,25.853610880047384,0.884751526548534,20
aa41b075-0311-41ae-a9fb-37c41334a829,negligent,0.9449315484767972,0.7158715569439703,0.9186975642415788,256.43971775478576,0.15577018045501675,0.4745404065404972,160.0,11,25.840890753826983,0.7763253137074011,21
ca91c63e-3451-4e33-8eb5-7d350bb0d7c1,negligent,0.9613087557005064,0.6668111642170185,0.6925713579973055,151.9580847835834,0.13519931620570952,0.45842652605744605,51.0,8,28.50805189241007,0.588537430450223,22
6fd58a2b-f7f5-40a7-b4fa-8031e6179848,negligent,0.6975540155674294,0.5167533807582452,0.910434448918964,170.78730677383078,0.042787210671236454,0.5277779445661838,122.0,16,50.42179027911577,0.7192630192201408,20
f14e8bc1-6bef-42b2-af2d-4f32d9b343ff,negligent,0.974081151761627,0.6211764137088408,0.8926552855365433,491.5053792729126,0.07677979193291899,0.30987082841563984,137.0,9,19.56435303743145,0.8162882221952057,21
aec77b24-8b42-454e-b1b1-e51a89aca439,negligent,0.6938515627794501,0.8741443513872302,0.872266936017753,49.272477940800854,0.07618885482996823,0.9326912085486811,130.0,10,18.33298106916904,0.9262841056236835,23
6ebf16a7-1be8-4f81-a705-294a4c23f86b,negligent,0.9675519764559223,0.7442017787199229,0.7989473911540114,920.5748860878523,0.08803995681541035,0.4241780930091832,90.0,16,52.12206374603589,0.7362182220592469,21
d7f7af76-e531-442c-82f7-c3849272646b,negligent,0.8799723885385868,0.49238805422238835,0.5803329585064876,242.31765372022753,0.25140711674975585,0.89412226058096,79.0,23,33.480586654794436,0.8097297108801553,22
bc947899-1861-406b-b5aa-b90a58f01742,negligent,1.0,0.9133206254453665,0.931798594606556,163.84779009910403,0.03928378278119424,0.5060276271787524,66.0,13,27.83990420470852,0.6356154824694038,21
163a315a-c1f4-4cd7-895a-3fa6e8bc96fb,negligent,0.8967722043584834,0.919808783986269,0.7618619104263323,414.5579038157774,0.19381545252360866,0.1999446115278932,181.0,22,40.689013698867754,0.7913217638812484,21
cbe4ee3f-f435-4701-b867-802b980322da,negligent,0.6353827562132496,0.8331809396309662,0.9708083486040844,320.4759039265638,0.19127872521034178,0.875775931175532,130.0,9,44.526542207063784,0.6696069694395607,21
e00802b0-7aca-4889-b2b9-add8b2c8845c,negligent,0.9813878091713139,0.8844974814565971,0.77503078985855,319.33380369305013,0.03490215962027751,0.6562948305772494,20.0,10,28.330183492073473,0.8080838107882747,20
fb8f854a-d347-4b20-82e9-142c48fd8aca,negligent,0.9054631759985688,0.9083618307590565,0.8036687354290833,143.5526474755429,0.06448260436439851,0.7206863203034762,69.0,5,31.08840830232907,0.7335546675182825,21
e71560da-8360-4ab7-a0ff-ecef3ec41bdc,negligent,0.8042721570570531,0.8435285472055516,0.8421852961919168,100.54543554580991,0.07364121889722744,0.5955722022510636,32.0,27,54.960486748265254,0.9067277083882189,22
ab9ad7c8-aa6a-4bc1-8bee-d9a46a7586b8,negligent,0.9732658733250226,0.7447908771298839,0.9258032743207704,170.91548515311135,0.015295877786489848,0.43524154801430837,176.0,6,33.232292142145006,0.7953386339512639,21
6224e127-de30-4621-ab9b-7eaa19e001e5,negligent,0.9573523126410404,0.8182095964147866,0.7345297421923999,50.25273776537279,0.0878240592577257,0.5788599411181016,68.0,26,37.42330654274506,0.7752334960914391,20
451bd03e-d976-43cf-8eca-935a404a69f1,negligent,0.9399979609584945,0.6227798352255127,0.7116519907460244,476.01991633891873,0.14436176486523533,0.3994131158435726,101.0,5,53.281327158598316,0.9052679264890648,21
088465e2-43fe-4aed-b264-4a8683f0a9be,negligent,1.0,0.8373526811010599,0.5992864526898499,195.0673705010896,0.12803480468754844,0.3186210378015046,176.0,8,40.176485294207794,0.715927232142965,23
1614c7f1-da78-4c3a-a3c7-6140b6458a78,negligent,0.7783037482365698,0.8609404140441215,0.9092354628765721,327.33892612763157,0.0,0.6111310119923288,94.0,19,29.597143418061055,0.9579511187343022,21
bde16545-a3b9-44b5-ba53-f7380d38d9d7,negligent,0.7020157137121285,0.833594583947366,0.9603604665789442,138.91080118332027,0.0,0.34055696463456364,133.0,19,15.911945064963227,0.7354609023184947,20
666f0bf0-e920-476d-bcfa-d154b91194db,negligent,0.9311957754742827,0.7206030795572058,0.8477577473774758,297.5653411694602,0.18979200363918985,0.503710378181719,143.0,6,37.53368713492671,0.8723123047908435,23
fb71734e-50fa-403d-bda1-f38b89293455,negligent,0.9544120738934683,0.8729085119026729,0.8653436158883723,181.30233053944252,0.10346346627398004,0.4399672376881876,130.0,19,41.14964622388435,0.7894490235342569,21
462170f8-6b0a-403d-aa79-ebe0dff5c7c3,negligent,0.9022187552957902,0.8187981093615647,0.8171475984453158,154.30599285122614,0.09100104899055282,0.4106653855427658,169.0,24,50.570956700192994,0.8674979879443079,20
787a4267-8cbb-4c40-8fac-699aee4c2f3a,negligent,0.941207047609768,0.8928474039265699,0.9154148317829967,153.78524890577918,0.0,0.7183762383843619,130.0,22,61.71415141206693,0.7119901615948789,22
8e45e5dc-f2dc-432e-b8d8-48d993190a33,negligent,0.795435423154387,0.6359875423117552,0.7772350400438228,165.92550039247106,0.08005449610310345,0.4317589806379856,22.0,10,22.16182736182956,0.7540194883309156,23
8a80d652-3797-4be1-a38f-73a619577829,negligent,1.0,0.7638953198715697,0.9349277032811936,160.66071450977202,0.11522832123388692,0.7023597384331813,82.0,9,19.90259728994468,0.6938210111745062,21
3ec7aa21-8f99-4cd5-a873-a90748f4acf4,negligent,0.8824406934363097,0.700959493355563,0.9565238325195066,177.95977212880388,0.2014964296724998,0.6786940948258856,86.0,21,35.50366500248973,0.8746470970695728,22
afab2e29-f3c9-4b70-8394-ed01da305da7,negligent,0.9316192976389117,0.8542727621053514,0.5568761497346693,176.8599831584924,0.035958438787624857,0.4282290595955251,191.0,14,12.963253348858675,0.9169448909469783,20
6f182f6e-99ec-425d-9396-274e863cdfee,negligent,0.917411993149063,0.7606241799647975,0.8376026186616525,425.3307089673225,0.25115487779592993,0.504035037444239,83.0,11,37.90541562178875,0.6601626483649818,21
10890917-ab41-4275-82b4-baf5bbb34c59,negligent,0.8515571972746472,0.9210979026102947,0.8221709807258154,343.3447536055755,0.10657769732813914,0.6202229294802073,178.0,11,31.46826423961978,0.741861848046125,20
92a71c27-1374-4e1a-a2e8-745cc3d73f8b,negligent,0.9912652344323117,0.945612800061671,0.7147126962997672,161.61636448762528,0.015353406802961187,0.5307239318759962,128.0,7,26.07242081744943,0.6658210649715023,23
af7d6848-27c9-4eca-8adc-0bb9166d3a80,negligent,0.7669098911385781,0.8754391082750422,0.7153071351661842,77.1884409629917,0.026367770315773902,0.43982470042460664,26.0,15,59.50324077805265,0.9801897885088324,22
bb6ec8fe-e584-4f91-a866-c3232450cc3d,negligent,0.9058750468620966,0.8235543408102161,0.6788497020331311,206.74345168717906,0.07680951379512967,0.5415783391948861,180.0,26,25.865035369012734,0.7255805630879157,23
c51e5271-682d-4d73-ae1d-5ec861ab5bfd,negligent,0.8895563054432697,0.9306035537810011,0.9040537581153648,569.3540389295599,0.10361108269652639,0.5070865851846751,144.0,8,29.697235841183588,0.9382587903549288,23
4213b262-481a-40ec-9a09-477ae99a6229,negligent,1.0,0.9906958365452398,0.8385374679398897,657.384933547196,0.08605360397604346,0.5187928008675317,88.0,27,35.932914048125745,0.6174279102264557,23
88e31ada-4822-4f6a-953d-cdf8c767f161,negligent,0.9307688810810703,0.8415383312899846,0.8461523129193765,131.71166426463816,0.18589516396874117,0.6174402422372145,182.0,22,39.38856367451694,0.819569652167278,20
cb6d7000-4bd5-412f-9152-40d73bc3e0d0,negligent,0.9574393157801586,0.939243711176829,0.9660415383794585,209.5479488762001,0.09944293308671068,0.8058273377868694,22.0,19,33.32988696892168,0.9554269388871726,23
194e7d50-3f2d-4bd9-949d-7cbf502cc225,negligent,1.0,0.5776557137513003,0.800362686959852,406.87429344498764,0.0,0.7733174015817587,179.0,15,40.281535959739635,0.7956287033138714,21
5a60a99c-cc89-4071-960f-91130ae8e4a9,negligent,0.9813554727075375,0.7720833647213108,0.9078646689508425,163.35310012483257,0.10548889569083882,0.5497917093650715,133.0,21,41.56197489015363,0.8195037794463598,21
6688f028-dc20-496e-bb9c-bc6c131ae672,negligent,0.9651956859512727,0.5982988396503246,0.916185502192004,346.6946016441626,0.10174133871912908,0.19135454830960857,49.0,29,12.900143831115354,0.7524043561133695,20
70855333-c5f4-41df-b7b8-95dc5752410e,negligent,0.8532937196924201,0.8377731888044098,0.7332004276225055,120.0918594847061,0.007910804323136776,0.6881536023583242,48.0,23,39.93776883784057,0.9150642837040305,20
ae93130b-5356-4a11-a6c4-db22198ed5d1,negligent,0.8636224494399506,0.6125611222060904,0.8808685832504305,138.1588037357578,0.2834328859678877,0.6081124529042622,102.0,25,31.124942012136344,0.797573477422462,23
3b897470-e92b-4159-807d-a276f17c6e23,negligent,0.9449322612619174,0.6355902324352433,0.8661438957433499,109.67425548292792,0.12882728795461726,0.7288213421683689,42.0,19,38.72932637304211,0.8473148773817146,23
c3bae634-ccc5-4bfc-b8b9-b5697dde61bf,negligent,0.961213423477126,0.47474584411339144,0.6288734681265464,137.20330894394658,0.117432038107803,0.701282087671956,93.0,26,28.18022011526675,0.7661657743547651,20
1b1a0c52-b100-429c-af5f-f21ac44b0b90,negligent,0.7193068243929769,0.9528076077785969,1.0,81.5725503741634,0.13348538413710603,0.7353593607480712,93.0,14,20.201843717473967,0.6912554368048827,21
3e155b30-2944-4f88-9b9b-155c7fce1b97,negligent,0.7264793196002417,0.8201017448047669,0.8634097255797049,66.59667195586837,0.3230400281169092,0.5409864573410796,144.0,20,46.03471914436354,0.9661511549808857,20
28cd8636-f908-4f12-a379-a4389bdf0926,negligent,0.9558538129268448,0.8936518995001224,0.6980503281877126,222.79801684876696,0.009935198332909033,0.6036300532955761,179.0,20,41.13245223493536,0.7724955838981762,21
05f26f48-003a-40e7-a18e-ab9ae47abf0b,negligent,0.7151342304075666,0.8729800839467888,0.7887504300614333,312.60281565897117,0.05596850744145011,0.5514063118974306,64.0,12,38.13778552246629,0.9521318333269745,20
cb4dd8d3-f774-424b-87a0-e95665587f4e,negligent,0.8924042933255673,0.7925330977602595,0.8345786908586832,295.6475393704212,0.006993101345415607,0.6501149550061338,143.0,6,39.75368684169008,0.6333728618953198,23
83a09792-d3b8-4620-a9cc-76351e233630,negligent,0.9387896579501682,0.7952137202307936,0.8904207582918119,167.40026043180222,0.15009457099657997,0.4993688403012946,64.0,17,62.117453739879565,0.6491508732422974,20
07408238-7cf5-4131-a0ec-21679a6955bf,negligent,0.9502780849430559,0.8638971039251412,0.9419595283969909,155.2333848423311,0.17751597320433157,0.630633882602378,60.0,9,27.556831051523588,0.48405594531644247,22
c15dcf56-8607-485a-8bd3-a65cca849249,negligent,0.9683759734841484,0.9466979790002661,0.9287558321113843,33.65872732496637,0.0,0.5479475361364856,198.0,14,34.111147172416594,0.7349750567372726,22
a17e5b7c-a1bb-4c37-9c91-266118eeec84,negligent,1.0,0.7796185081260271,0.7104067607930808,230.1314830003147,0.05199658823965877,0.3525071270212984,35.0,17,31.22491650739835,0.8221044097080921,23
556ec696-2229-4136-b0ca-bf451ba49803,negligent,0.9343284300312252,0.9215495277301681,0.9743759600713614,51.9255653184951,0.050991245663945695,0.6817118276688373,86.0,12,49.038151000397136,0.4988757786984923,22
f1956691-c265-4e1b-b722-8a776391b05b,negligent,0.8331511365560691,0.9150688273884241,0.8096800769529886,183.93987483904345,0.1355209863699262,0.7119887738376137,172.0,6,20.97329343702083,0.5195962853331962,21
4732edaa-d652-4f9d-baed-60f8bd39a759,negligent,0.9112390606341475,0.9933822500021292,0.7772373412294563,267.4657818588283,0.0,0.8931623159486425,37.0,5,35.252899312120256,0.7861892692398331,21
435e6187-6b79-49ac-8c91-585074e345f5,negligent,0.835719959730559,0.6843355552230428,0.6321002324108409,75.23047654122641,0.2900464385169051,0.568929944114478,129.0,5,36.48455713868054,0.754084330661959,20
0cdff16e-4c69-4cde-878c-6ced889680fb,negligent,0.9180673480419567,0.8651290422420578,0.6148076579610594,189.90382289889618,0.0,0.6423480401471976,139.0,27,30.390627192618673,0.5831958212049435,22
bb469e05-c8eb-4b48-a441-a06766f34aa5,negligent,0.8908275538009945,0.8035656300773966,0.9925881465847985,148.85979418547495,0.1096072302687907,0.4560344479305538,104.0,20,58.88571298784723,0.7544524103311488,23
6fad9ed9-d8cd-4260-ad82-9d85a4446c83,negligent,0.974348611501464,0.9344164454458691,0.6291626463766954,192.4947615211288,0.02240015351673635,0.1382136988298394,43.0,6,59.25486055661575,0.8665496338949672,21
d004f5e7-e118-4703-ab00-4ba089d439b2,negligent,0.8415265807312884,0.869019011309079,0.9081414579332049,54.96590440180056,0.03671169548429648,0.5817952287710362,81.0,24,20.224510237931565,0.7872538455083563,20
2a2329cf-fdf4-4d9a-8208-8b7e3e90a415,negligent,0.8975290851178542,0.6849082594393583,0.8424118214938736,338.7375822443949,0.0026509046569498963,0.709473222233186,22.0,25,23.52756486548707,0.7843131856109322,22
9364d0ee-8e3d-4f72-bfe0-d54f2db6dba6,negligent,0.8929106008253688,0.6022340935144772,0.7229473997409396,251.89529798724124,0.036777219694919906,0.6851909578160739,176.0,25,34.776937333611826,0.911117925973712,22
b4704733-0260-492a-8b84-47ba87579ba2,negligent,0.8796917678793482,0.8443124415439442,0.7911385661447113,172.80529476175838,0.08415766750304457,0.31646832643708356,84.0,24,35.47520932358942,0.8154511940845609,23
11507810-579c-43c4-adb2-8521a4ffd624,negligent,0.8378834352705511,0.8284052420271074,0.772627040598917,346.4939910530403,0.12018177036332195,0.6446503963061263,20.0,23,40.28315248445952,0.961322694723028,22
be806608-b7e7-48c4-ad91-5dd7b3020e16,negligent,0.7918770389987195,0.803411969509943,0.8775513652971733,480.50848433306624,0.02274454921647928,0.6598051602772435,31.0,11,26.877218755747762,0.7536162611038271,22
c7e5f94f-de50-401a-9723-9cfff1f93f8c,negligent,0.6957835094911524,0.8643692182754853,0.7331969512508665,273.3689533817247,0.0,0.7595327051406134,66.0,16,35.582983038046656,0.7407544533476748,20
73384dd8-aa19-4129-8806-709f13b2b0fc,negligent,1.0,0.9659477003344288,0.9174907023067617,465.7415041320303,0.1681826434193347,0.3828514616438241,26.0,25,41.843768787738654,0.8523213585557446,21
8bfcfe5a-0134-4921-91e4-3e9f8e1c4ed5,negligent,0.9973390384158027,0.8990852811904849,0.8587700001818753,330.1704926802985,0.14930094894534993,0.4363431221409603,172.0,27,28.301383923340158,0.9168224558480406,22
1ce1cc4a-bce1-427e-bc55-9ca36c695f88,negligent,0.9252146573329002,1.0,0.7748993707475132,176.4677721189293,0.027116828410719447,0.5569405279646095,117.0,13,24.587708309528477,0.8692651392559704,22
5e1a4b31-ce84-43c6-b6c7-20efc20153ac,negligent,0.9035766352663875,0.7145450424271195,0.9060775041208543,310.1015954457006,0.05257414797189651,0.9096495992131166,125.0,24,41.00466414093349,0.8465465842195822,21
cf0736c9-0ad6-459a-9f3b-5e9a1d1129f5,negligent,0.9584149807534224,0.7473554456189131,0.5889391643982012,155.95159724698556,0.016730645053455204,0.3381568513230664,136.0,22,46.71530058854326,0.9173429193948152,20
1939379d-925a-4c09-97d2-2ff8095b2204,negligent,0.8680801697693412,0.7329259136030889,0.6772886116977739,462.7991112992821,0.12807310856478954,0.4045294548273578,103.0,11,13.103835976000596,0.7074120975566115,20
071159c7-222d-4c41-979e-b382d7c5d86d,negligent,1.0,0.8930854215720858,0.8192156904205631,242.55887211795027,0.20928563446497542,0.695109506264036,86.0,14,47.94330639578267,0.8794592740040195,22
4f8c84ed-6b06-434a-8da7-2fca2c95019e,negligent,0.9092024003587903,0.8501362820458729,0.7404867510352744,392.70026543479247,0.09696104253930948,0.5344145715976404,132.0,23,39.90296435962636,0.6941531591882788,22
d2a84841-65a3-46fa-8152-5cacb217566a,negligent,0.9888358610943919,0.7292730790119712,0.914074083679093,146.56162037118438,0.03130084284286996,0.20436927348313658,185.0,9,50.34576568811046,0.84365714432222,22
ab27ad34-eac9-4e96-9a62-0cedd7be6829,negligent,0.9680846304736287,0.7041125215305397,0.778377542041576,78.3550583957311,0.19975386520609378,0.4517764935345601,163.0,12,26.230976274189278,0.3566667894925246,23
d6e5f1e3-fd36-47d5-9f0c-24b1a7916d70,negligent,0.9034455181069433,0.8966308714256116,0.8583641400971032,166.7092122369593,0.12486358076206872,0.7221010538121617,116.0,12,18.38899832224369,0.8828564530352306,22
51326c59-7457-4ff8-a61a-5354ed86cd56,negligent,0.7141976121994884,0.783839428993606,0.68105916829023,110.48837971001079,0.30605108319189944,0.3292289248476052,26.0,27,21.301693633287435,0.544591183816605,20
c530993b-9ccc-449d-a4a7-166a39e3f25c,negligent,0.950984994112504,0.9002146270961178,0.8204545908657418,193.39752739573663,0.09973894387865152,0.9477724610976859,70.0,5,62.25765233345609,0.7263108025133461,23
9156fea2-0b62-4f45-a70c-ee803bd92b25,negligent,0.8925131517330481,0.7724930754013861,0.6984782734966603,483.32949847058165,0.2185781627786786,0.7170658670526631,168.0,14,28.03452268080992,0.6847464248806642,20
90bf2e49-cafa-458c-a56d-5fbf49c25ef2,negligent,0.9521336186333258,0.8319049181413768,0.9446834030170274,289.7951346762684,0.12846068718032877,0.4630626707875912,29.0,12,31.678117679680092,0.888946019086226,20
d00ff102-c815-403d-a461-e2c9c411a647,negligent,0.7957753851181618,0.7691034649843658,0.9147539324648442,238.25083301043202,0.15073614366212232,0.45360878553147604,98.0,10,46.08204416198097,0.9246146463951087,22
286c4910-cd09-4740-88ec-15160a21f682,negligent,0.9289819247661059,0.6161357407735876,0.8158577186906449,315.93153830284825,0.04056268931808613,0.7219897177826321,75.0,19,45.8688337223803,0.8391050936666531,21
47948e6d-b634-4aaf-9c71-2e40ff86cf15,negligent,0.8142931386474879,0.6237335496849472,0.9156465328305385,320.8467504005404,0.007202742033941844,0.7679834001877331,91.0,22,47.43694214838895,0.5975096113183451,23
dc8e6653-eab2-40f6-a83e-9bcae7f3b595,negligent,0.9226332276937076,0.8418061637360122,1.0,196.3924771848172,0.23952776303240628,0.6478649954800019,24.0,21,15.931693813796276,0.7291295396096492,22
eb6ca4be-37c0-481d-acd6-92be1ef79bc8,negligent,0.7160099151797851,0.7589495137776613,0.7598293432715886,508.2967266911564,0.07615342261791644,0.5715058100076893,185.0,28,43.452269696231696,0.7305601332264845,22
dbed1bc0-4563-4343-b046-0ba4eb2a9700,negligent,0.9894770046992837,0.7793880413038545,0.815455449600346,82.23931341050061,0.02865906194433753,0.7405043417648877,95.0,17,54.43346362790791,0.7281083105945512,21
d28bd809-f7ed-478b-b4a8-f4f369c543c9,negligent,0.8641996458635685,0.8683426660606206,0.9951938027405596,240.40874505249184,0.05405573382625579,0.7924439104672253,76.0,9,28.72060059126477,0.7987830793446107,21
472f198b-227d-493e-8780-48ffb9c212f8,negligent,0.9766274312515846,0.8873913766362412,0.921614121223834,41.268928008576076,0.051127808358681165,0.4926731140406163,126.0,21,29.156193384354612,0.8717437500574087,22
1a5981ca-2dca-44e9-a519-67e23b059013,negligent,0.9480870196433373,0.9110433292009681,0.7334700910606128,322.91684020057573,0.16427226073447096,0.6764670800331262,55.0,20,38.31554020028134,0.6056268669595426,23
aa8f1331-cdbf-4700-bdbf-17e90ae2d5a0,negligent,0.9723724221131964,0.7901423454528872,0.7218192333619493,216.27958476126184,0.0,0.5178133170042617,65.0,10,72.45171944847027,0.6970594416953986,23
be4deeba-1d85-46de-9f46-7459b6f9f5a5,negligent,0.9125857105934905,0.8863045244959146,0.6633137186397592,140.83230509735742,0.0,0.2849380808751557,45.0,21,33.018020182064646,0.9464354862839097,21
3e2dc756-5fdf-4537-958f-9cc3b2cd2154,negligent,0.927564622503309,0.9490222601906682,0.7979373355193053,521.6185439013595,0.08732705868867946,0.28498831489821236,141.0,23,13.832151983300637,0.7561453113079636,22
ce9eb00b-364d-40ee-bf8a-1c7a26a41bd4,negligent,0.745080020568355,0.8553908146417263,0.7690270447027449,138.77756501405423,0.012858579729086573,0.4216535854245908,48.0,29,10.752362730308164,0.5979642559468485,20
8c36158b-efe5-4459-aef4-47855cb559eb,negligent,0.9400784422144058,0.8347461436984837,0.959619000793966,493.961960894853,0.11071369348831335,0.4552034701300163,37.0,23,40.34215992038319,0.8110280655924138,20
9623afe5-3898-44bf-81ab-232a360cde95,negligent,0.8197224112414684,0.8320312387505676,0.7670790378943098,488.2333850586349,0.05242424421123358,0.4071049849739159,66.0,22,50.916162410387784,0.8852535281645336,23
3ce5697f-6f37-4911-9028-852c2ea6f4fe,negligent,0.9848101060829192,0.8286333671698373,0.6969812810317402,83.84661899457771,0.04738179849729332,0.608222394060417,38.0,8,36.1651546435434,0.7609074372028738,23
511bfb88-d454-4e8c-ba4e-b2e3e6cbeed9,negligent,0.9307300845870412,0.8153236082470358,0.9835784000080319,355.4208457322508,0.31770239313399096,0.49414420876592147,38.0,5,30.043778256615507,0.837680928469353,22
955aa70b-f7f8-4ed1-a47f-195e6b313325,negligent,0.7964664557984465,1.0,0.949245835649933,455.62754360682663,0.017205935232413185,0.40304045067490296,165.0,12,25.45896234324674,0.889373233519119,22
4e0a02bb-c802-414d-a1e6-9a3f820cbd84,negligent,0.9329508043899446,0.9417956214071884,0.8743312260359387,230.26401715819236,0.06050461080332851,0.28389779027198203,116.0,26,42.942431921000505,0.6781059416349281,21
afa8b37c-57e9-4ca3-a8df-4a55dcd7afb4,negligent,0.9979624195009991,0.689736447829874,0.9148292205859264,263.16110173093335,0.09902912294685724,0.6471223505126382,35.0,25,31.028213756790787,0.7556227641571748,23
8f948c77-a1db-4be5-ba8d-d31761dcc846,negligent,0.8569579263214521,0.573855998187452,0.7454462774786333,102.50271705024761,0.12846183513174692,0.4146097379378403,176.0,9,55.46975121792534,0.9532540982100872,20
962c3b11-2cfd-4acc-8b5d-1bc56ed19635,negligent,0.9459318983418904,0.8378601678840532,0.760098580992609,486.6414665743782,0.1275725008413269,0.8326136701323168,63.0,25,25.02524542998143,0.7911863717837859,23
32323252-7f16-4bab-9b7c-d1b6db9aba86,negligent,0.8082481066407253,0.8391975124415001,0.5891653126548183,237.18351096215292,0.0995983899216427,0.6612154860669321,178.0,19,32.30030040377103,0.7873655214535724,23
23addda9-8308-45c0-ae43-b4732b7f4f1b,negligent,0.9354581081364916,0.8738924433798054,0.823118182279,352.03450744267957,0.013271751188644487,0.6987395658167849,27.0,13,49.45297970918548,0.758610622574744,23
5d9beb56-4e98-445a-b5d8-20c8b9c2138f,negligent,0.9110616690183179,0.8188573142250185,0.7973433244593622,304.32998564193815,0.025510067476775374,0.565787211918286,47.0,18,52.967526327742576,0.7312208497755384,23
61e194b3-6284-489c-a07c-f6d5a228ad6e,negligent,0.9693880504114041,0.7619455196411417,0.8662235475068555,468.27029914547245,0.08458986129456791,0.7630669184451826,99.0,26,26.489204678421842,0.7512326842470904,20
9e637057-7040-4dd0-9aa9-19f6857d76ed,negligent,0.9349162445295995,0.5356793710866693,0.822525431614177,261.61556076725736,0.2964806571880536,0.8230360298013981,136.0,18,50.7456665955341,0.5834526347002676,22
70a7a70a-83f4-411d-a85d-54d82a7c91df,negligent,0.8017268030311264,0.6127795699185994,0.8226423158393817,685.2239423196556,0.3136993030249976,0.5894020741769522,174.0,5,31.161517472233527,0.8180378735036109,21
c7afc7a4-a31e-45ab-a3a0-b5d5e87da004,negligent,0.8775730775842859,0.682018843235676,0.6078567916525729,111.45953741686884,0.03686669590630599,0.4362336100339809,150.0,14,38.1650768665269,0.5943721543964952,21
ab7bcb76-0aea-4267-add3-11343e7695bb,negligent,0.8776123650719901,0.7571927808404216,0.6772870305240991,173.47010455209386,0.09241633399505952,0.183844009580232,115.0,18,31.966697361378365,0.8034639750197345,20
16895a49-2efb-468f-b700-ce42bcce5008,negligent,0.8456825549683235,0.5086029735984113,0.6007211849166193,203.86405966851066,0.14887902006559894,0.7415285269620489,176.0,6,39.93601546271512,0.8702672331013748,21
d739cfe9-4ec5-4328-8f0a-bdb17f5d3c61,negligent,0.8578524904791169,0.8792547766700317,0.9049073652447505,307.1884077205306,0.14032290529126767,0.5151816560741822,101.0,6,36.50513706217818,0.7244425783619353,23
915b24c0-2603-4799-a141-3c4bdf0eef0e,negligent,0.9207831440188279,0.7486343145437776,0.8822173044125652,264.34297745936095,0.0,0.7661530256606135,163.0,20,33.065639821914914,0.9379390482972899,23
ae863565-6475-4553-9753-149f9844e590,negligent,0.7686091093770323,0.7943784897632963,0.5715713126991588,202.13019115665847,0.08143885120883888,0.8161385141018074,163.0,14,36.3720335571399,0.898971584754234,22
60f3722e-648f-4a3c-b1ce-de5507836260,negligent,0.9417602641088187,0.8042989885336485,0.711493198409593,142.24374628164495,0.02091530949354668,0.6972056948189705,49.0,24,41.515847013658785,0.8787743752804739,22
ea29b460-d025-4d0e-8b08-b37d168aa58f,negligent,0.9258924581111437,0.5865910334150763,0.6184054188387329,243.66079913602186,0.023273422662129197,0.629698483125127,139.0,26,20.047045486578497,0.8116951782807755,20
ba231663-d7ed-4ef5-9676-307227a317ab,negligent,0.8419031877425341,0.9652806112137401,0.6211449683556317,341.47980511049514,0.100191765826503,0.6015502536913466,21.0,19,26.820026218023266,0.8287886651563166,23
7c4934be-99ce-4777-9976-540aa0411a6b,negligent,0.9227426329917413,0.7844360159904047,0.8536784624240185,178.18780428480216,0.10768554911205605,0.5429631653280006,165.0,15,19.032323982776823,0.8448349977240859,23
7ec92e8b-2464-4f91-b003-461562444c36,negligent,0.8608811306315012,0.5085645482767385,0.9799192101194346,161.31642089367978,0.15511404793125877,0.5544170681364831,105.0,26,33.42642986493397,0.6268284746877828,22
51ac131e-b24e-471e-8c5c-bd0ee59f284a,negligent,1.0,0.7916080656109371,0.7536681308909509,267.350669877083,0.0,0.7596460998771635,81.0,23,31.80203082609051,0.6531386915378764,21
4dadfa75-0b8c-434e-a339-b0b8f05aa9ad,negligent,0.9456343987131741,0.6527255670146028,0.8606942598651638,415.64246259679624,0.046983294099427655,0.6038110273889405,134.0,17,21.26786963147179,0.8443508912297091,21
ae7e2274-a56b-4201-ac0a-2a70ce60e93d,negligent,0.8841569487745575,0.7314194641617233,0.7291532813752679,87.65603504262167,0.04109138246854444,0.5645306107947701,107.0,18,41.958455238944474,0.8539461014597861,20
ae602849-e4db-42bc-883f-bc859caa6337,negligent,0.9232633058410171,0.913300593412487,0.8384741117062434,351.31920679367863,0.2647019254950823,0.5009315950713663,136.0,23,48.75231932443276,0.5337255017064526,23
a16f8fda-32ff-40dd-8e2b-1f82a5537521,negligent,0.9510565864036542,0.8689576803336528,0.6408698627848555,290.20255900494567,0.025813107058237517,0.6916430126077922,177.0,5,35.09422971671153,0.810475415612591,23
336c539f-dcd8-418a-a6d8-ad96d829262e,negligent,0.959888851869803,1.0,0.7982144211609659,267.28448547089755,0.26625988964246444,0.6973788583781394,64.0,10,25.33556489668785,0.7437182346803632,23
bceb98ff-4690-4d55-81d3-a86a83e22a82,negligent,0.77641568523319,0.754760292820905,0.576241871977977,494.2508880897066,0.134924313311679,0.5108254220925134,66.0,23,43.19036241039417,0.906902621607727,21
d2d844bf-15cf-418d-8531-1753e31e27b7,negligent,0.993437003544272,0.498503976855625,0.9564760264794042,107.36702180795032,0.17761316673618743,0.5921994252021758,124.0,6,39.30967251421463,0.5862406078737158,23
204054fe-535a-4746-aa26-7cfa8974a22f,negligent,1.0,0.5063543473346382,0.75497642804128,428.06147144611407,0.24308934597238305,0.444183668924716,76.0,24,24.739825414884965,0.46362648664542466,22
4b3caa8b-ae04-4bb5-922a-23a239560134,negligent,0.7946167486357033,0.8749134914827272,0.7321415259791633,190.48410873712106,0.0,0.6120587940550514,25.0,17,40.51967070538832,0.7495824221541502,20
99a112ab-0061-4940-8c9f-35a32a2c1268,negligent,0.9155971183579759,0.6843418880695713,0.9053673699387013,464.3276232423395,0.33313274992082376,0.35563421076328255,23.0,7,39.452575645732,0.5891490178680999,21
2b881764-735d-477d-bb31-3c7db6294ac2,negligent,1.0,0.8992255269653497,0.6318835814819981,204.12193876353308,0.017726206924259386,0.7501004842026232,136.0,6,42.207624076039835,0.5552665838669694,22
a077fee4-169b-48b4-9fd2-b515d9e4a3c1,negligent,0.8086104550656968,0.7295275351010099,0.9336889682403898,415.53942252437446,0.14793695665630302,0.5676817202639727,35.0,28,31.681560192503152,0.660539493776317,22
02b7622d-7f51-483f-a09b-8f38460eda76,negligent,0.6752093428339262,0.4874128725778031,0.8026355846938679,348.96839973135974,0.11170400160444378,0.31951329875366463,191.0,16,70.10028938529096,0.7287786077619629,23
708dad44-3ac3-40d9-84bf-d05ee9a788d6,negligent,1.0,0.980377480638816,0.9461513286935036,112.80391923754367,0.28911497197449876,0.6685537758632297,182.0,12,36.24686172743411,0.8721504403938092,22
653168b5-8aa3-4d8b-a33f-f8bb34287a31,negligent,0.9397539182296413,0.9827885083020228,0.9099008032957835,155.7455381818016,0.12771085598029552,0.5612833282086737,168.0,5,19.20203545130115,0.743783681720453,22
c0086a31-e7db-435b-aa88-9469f2273489,negligent,0.9128837655995067,0.7663311935033809,0.9293919065906904,198.09675969338252,0.2131195972337217,0.6041230783610358,109.0,16,45.53775260830736,0.8878889822864947,21
cda2777a-6e1a-4e47-8962-d9aaed6b977d,negligent,0.8610346934142296,0.7407278973980429,0.8597289843995526,347.74727331198096,0.1346258569366169,0.720330126789945,129.0,24,28.08785564217321,0.9293755992058003,21
0e9db9cb-f635-4ff9-b41e-ea59e904c513,negligent,1.0,0.9709722222058592,0.6477526963228052,251.07819647845588,0.29275236830984347,0.4294106513357353,66.0,18,36.78806282216219,0.9811420224253614,21
3cc03b5c-7b4b-4d1b-b586-f4624de0c835,negligent,0.994604669020402,1.0,0.8378368422465657,108.49335885993864,0.15308259935072582,0.5083554684386536,120.0,27,17.964121467313994,0.6529421359087584,23
bcc8395c-565d-4520-b362-ee24c808053d,negligent,0.9508608824005673,0.8992769274523874,0.886695094059699,92.94102904693293,0.02036801519932442,0.4176015164167183,100.0,20,42.5930759264791,0.7965246582817284,20
2a551269-3519-40e2-b192-d5007a08cf0a,negligent,0.9899377336548617,0.7583242884949261,0.9361204047986866,474.461342652958,0.02510396968787921,0.37331363074567997,126.0,13,36.29977668988734,0.3948523725315068,21
ab17d576-3566-4180-84f8-389cdf462c86,negligent,0.8876544645396546,0.8997892172354162,0.8469899420434266,160.66366977416385,0.2892467250389681,0.6670889259441214,114.0,5,25.00323123852145,0.7771495566013988,23
285f9e51-3b43-4ff2-9f2a-32d731442ed6,negligent,0.9257867218419872,0.9954322977271104,0.7210802243100065,220.6725875907738,0.059320417644739984,0.4662102298453324,91.0,25,32.66939163525169,0.72319393691702,20
58190fa5-139c-4f89-a737-f97a562b202f,negligent,0.9371820201715707,0.8845339765889663,0.8118013532502374,296.56333898130146,0.27797977035172283,0.38494109275194793,116.0,20,14.922907902320418,0.7160867303509866,23
8b7e2cfc-f08e-422a-b051-19bc6be299c5,negligent,0.7711724104041455,0.8183975225837801,0.8062034211278593,276.74961455890644,0.07346588601416049,0.6261153666066888,28.0,16,45.371102053341744,0.8734662514523328,20
545ba470-211e-4eef-b309-34b578acbe70,negligent,0.9806453364788338,0.8542085843812028,0.822313631584225,133.3946707826474,0.2616930474958795,0.6453422461978522,199.0,9,44.370685652588094,0.6537302548398315,20
d9356ddb-cbff-4633-b6dd-d2be8138e7fc,negligent,0.8273181290522864,0.9024751373978146,0.8331301453113968,380.7536747887393,0.20857751067951877,0.648925948889601,113.0,17,42.566901489422975,0.6865493870160797,22
ce67d09e-a3e3-481e-8964-ab17368611b0,negligent,0.976723742424585,0.8892857017292406,0.5664030859366187,192.01860099508653,0.03555384225729775,0.5687954563037895,162.0,28,38.68016494003068,0.9666550948930183,21
2ee26a34-548d-421b-aa6b-00c4fa02d25e,negligent,0.9751444727295416,0.8692283161872141,0.9476844691034914,370.81356592021046,0.0,0.3751293356822032,139.0,15,45.62994895242923,0.8749994522334081,21
25dce1d6-3c42-46c5-a93b-2ce9e6dac59a,negligent,0.9741449594117524,0.4876465771684859,0.7243608611617955,125.19981175182724,0.11128150050456014,0.7563701014691513,63.0,15,16.23794880171125,0.8502731822274292,23
3ba95003-368c-40c7-b653-4b6e3f9d63c7,negligent,0.9634095798418801,0.863922985354886,0.6359397609224959,100.18626920827376,0.11965784519506278,0.6602592273338508,153.0,25,13.054070655922423,0.8657267134621628,21
27277fc1-d311-4ee6-ab08-7d4fed914d5e,negligent,0.9389893211077514,0.5644190134112992,0.7626109105929284,164.99733538031472,0.15478718208935133,0.6387894131893527,57.0,6,61.11039803342743,0.9478201820488672,22
528e8de7-0124-444f-91bb-a0cafba3f884,negligent,0.9797864375116748,0.660858347847209,0.8904962901370461,218.0933599441965,0.09035910952504106,0.4962287635650044,185.0,28,42.89583361738866,0.5384862122709944,22
830de8ce-1217-439a-b02d-267d138707d0,negligent,0.8716944059308688,0.9253828478289573,0.8535411333485446,339.2295914844369,0.25574709907341314,0.24935728346404912,167.0,19,29.727033354928523,0.7221274606065339,23
a9194e14-8bfd-472f-b242-5b9e3d475bca,negligent,0.7964503757730169,0.9006537753925561,0.8129700012843122,103.58838452686273,0.11810245626238813,0.631047851940501,149.0,19,61.79567283430309,0.6830656080642827,20
e672f508-d729-4c32-bb66-7ed55b491549,negligent,0.8478929379866192,0.8489464126262012,0.5786563454832976,275.3714541259102,0.03501857912643089,0.7271192671026517,173.0,28,35.348746045068246,0.9101419228511758,20
7d103a19-5eb3-40ba-9cfe-c0a2bdb089d7,negligent,0.9789847952606129,0.78516888859501,0.8901184692277139,43.65277071470728,0.07141220758264592,0.5506631649287125,130.0,29,22.985461911162723,0.7175320712487466,21
80ab6e06-0375-4b43-ab67-1a13716bcd94,negligent,0.6950434177887262,0.7308307316595685,0.9185449608533985,228.21171482741283,0.0,0.4865952558647605,38.0,10,27.374266557379975,0.8331525612277011,23
f4cdc395-180f-4ef0-b2ea-b18fff40ff0c,negligent,0.9842210779712249,0.611603777122508,0.8054166555329009,142.24523164498834,0.2794183605771502,0.6702197874163252,87.0,8,55.73470763664193,0.8598690300186385,23
e1d87bfa-9250-4204-be9a-3aa7fb085ca6,negligent,0.7876745004107097,0.8634995156446432,1.0,267.50683981655635,0.23743138935196223,0.5156186056687173,37.0,28,49.02486525471893,0.6624741860099157,23
3be2417f-252e-4f8a-94be-4bb30cebde37,negligent,1.0,0.7450306894567097,0.9204611193333146,140.0013994272733,0.07534003792018326,0.7295374023226672,151.0,18,45.73807460759713,0.8096489306394292,20
6fff153c-60ce-4046-b3fd-52ccb0df0e82,negligent,0.9934978960673467,0.6868675498920074,0.7394181568753168,234.37524331837147,0.046090115743147614,0.4184536489597412,75.0,20,17.92263414595751,0.8119016295683457,23
5b612da1-0562-42f5-a75c-5bacb68a2274,negligent,1.0,0.6694253455528344,0.7216997236539372,150.45640334084206,0.10028111804275207,0.6035580486585289,173.0,5,40.32552667262625,0.943058041693988,20
30ad514f-4c66-4962-848e-bd590cf2ae96,negligent,0.7415496147154779,0.6779488443035993,0.9064221292281748,110.00434996190891,0.07141445718298442,0.6399355488265612,190.0,26,39.12272421708176,0.5228887199226947,21
41400b68-ffc9-4716-9511-97596343a754,negligent,0.8430575866171403,0.9841915220616904,0.5693706703627271,90.54507808788597,0.0,0.3119755638927148,130.0,12,46.14301884121358,0.9485454819618517,21
140fbcff-4d4c-4edf-8baf-812899b7b339,negligent,0.8543783895427111,0.8579684066574966,0.9166380697736146,639.0173729840684,0.037186260175971354,0.5168217444661491,168.0,6,46.28604738484873,0.9905059433439237,23
ac13546d-0ee0-473b-99e1-9b0e7d05f229,negligent,0.9150866060073494,0.8272649788670131,0.9251410173280351,48.77644674747578,0.02575772219492164,0.4806079282573411,30.0,25,10.844455313072437,0.8001180203981378,23
7541f4c7-335a-470a-8a49-4c0a69c683a0,negligent,0.7653730945851969,0.6766448426149984,0.9348425876266582,85.7840940782127,0.2059797406111486,0.8449892758795118,116.0,22,41.5157502389777,0.7373286149049549,23
73884a46-5fba-47eb-9040-c17913296d7c,negligent,0.8484169180033303,0.9415371052195814,0.646245227561837,438.27686288638915,0.06296200213331143,0.33701529388956153,127.0,5,46.01554896743729,0.7332163000361914,23
76a1b704-8580-4ea0-8295-2c8715c7f1b5,negligent,0.7735503493040524,0.8460059433406828,0.670364703504497,137.6502586435973,0.020472538332868617,0.24324396532571896,150.0,6,44.76504110006754,0.9705120568080378,23
fba43bbe-e64f-4321-b7b2-8884f53cc298,negligent,0.8085503589033449,0.9671005510007874,0.9993633229371234,77.11337431937038,0.08172351082258406,0.3492259529429108,162.0,27,45.94565333295204,0.9734216862663525,20
3e9e64b4-1cb5-4797-985a-681d469d3890,negligent,0.8473850148021059,0.6473522382416748,0.7018653884062425,194.34299953307806,0.028502164547273827,0.7934428483868371,89.0,14,18.148303716544362,0.6750140269639615,20
e751cc53-d93d-408b-96f8-ec1f4fc289de,negligent,0.9029666072247589,0.8919610450896548,0.7303839668809838,146.1365866004887,0.041241898158760386,0.6096498953618333,55.0,17,48.217311612351274,0.8761759562188327,20
f5a5d91a-613d-4330-984a-9fcc963ec209,negligent,0.7040621713924252,0.9761729079683255,0.6312252543891832,206.38060405917216,0.10580714364141018,0.7573749594274333,119.0,15,33.14476886964508,0.7138987890943942,23
7ed85914-3151-4f53-bc8b-e8a6f7859771,negligent,0.8247550879106504,0.6862763711218,0.9830759313546843,303.9087330105282,0.20831054824752174,0.6770969113658059,55.0,27,33.42140504752081,0.7911963061957766,21
8fe54930-1728-43fb-be06-296e631b4351,negligent,0.9035107582752095,0.680464899046117,0.9763487674536327,298.5083226952361,0.013953813335963409,0.4532293783059642,23.0,16,48.69677116226231,0.7747047265887809,23
31065a1d-7523-4838-898c-2788a00be97a,negligent,0.8409554615929999,0.8159552261120622,0.9447527295690097,219.34041348346045,0.009143478213499033,0.6356855646566753,148.0,13,33.19808327070835,0.9251888768466171,22
aab3e70b-cfe0-4f51-9876-9f9273943a4a,negligent,0.9761060524395172,0.7137276973173303,0.7845724237502194,221.47368101695656,0.21661671366891272,0.24966595120564505,134.0,11,39.927871099487824,0.8707508424332244,23
a03f86da-f390-4218-9308-b69da2096a11,negligent,0.8048920056930567,0.7416416742667858,0.887273366770265,196.59883144219378,0.010294431434274996,0.6691670528381768,193.0,5,33.156181186014656,0.943994368628272,23
2b0628f7-d8b9-426e-9dd8-6ce4dc094d7b,negligent,0.919404033356486,0.7888537438166227,0.8462070579258766,381.6989082122788,0.13783807401649828,0.6626758767706925,42.0,9,23.2226134170443,0.970532643748028,23
1ae82a3e-8e15-4295-afd1-1cde6f58964c,negligent,0.996774113603963,0.7633595317729148,0.889685774132807,356.88519534523687,0.0,0.4701578109130407,178.0,10,39.143146539018886,0.8082878949410136,21
5fb094ff-e996-4b2c-8e8c-a48e86a74b84,negligent,0.8090519619858428,0.8701618526990326,0.8761951063175959,423.0343525306621,0.3310575762933085,0.5031783667732665,151.0,26,56.401011426257995,0.6209390198450967,20
04b7efb6-a24b-4025-9726-5a479a5d3f11,negligent,0.8138346686926101,0.8977640036844217,0.7847517039855337,41.335877460344896,0.04908702326220051,0.4295311890676476,148.0,18,35.71484815385031,0.6387785624759937,20
63eeb4b3-bd8d-4ac0-91c9-e1550c0ba0bc,negligent,0.9004587302717268,0.625943046159964,0.6042287512451171,190.4377110239835,0.15800326039018564,0.6571355826952194,150.0,13,35.885648051198906,0.9316347160086903,23
8bdb8901-085f-4c36-a0b3-1b8ba6d7f933,negligent,0.9307928089398361,0.7985701760063217,0.8952553874859551,132.8768185843356,0.020888944984912505,0.3439882579497629,191.0,29,31.60426139181575,0.6138225495556789,23
7bd7653a-a50f-4a98-a2ea-1e5b369368a5,negligent,0.8107725549476192,0.9166080788747242,0.6381388539298969,278.0254212857693,0.0,0.47640077786079427,199.0,21,42.145236725710944,0.853609140832539,21
cc10f9c2-95c2-4051-b08b-b9ff5eb6d179,negligent,0.9853001812337475,0.8401683867726927,0.9363714936229444,284.7864044486021,0.18812250593512123,0.7636658341838325,185.0,25,10.698951381409103,0.8760994965100503,23
c9a2f187-81a7-4805-9fb4-f20394a2106d,negligent,0.7398306428041682,0.7964234967623672,0.6487585103916738,192.9131986440291,0.1116023594260871,0.33035135385398545,124.0,21,34.17949573956578,0.8858063745331739,20
7dca00a2-a374-45fc-9079-74d137a13558,negligent,0.9659090366822065,0.8466292310129333,0.7164779003039812,226.6260232020369,0.037737871196801304,0.6030629501979482,174.0,5,30.439586427291854,0.7800902202341922,23
ca66e7c9-fda9-491d-8df6-f8dd99033965,negligent,0.9634831793665127,0.7123326297807081,0.5875838770667857,424.3281562866879,0.10629587027281903,0.40431741302808333,105.0,12,35.25450125153393,0.8310044569870414,21
34567857-c940-4582-947c-bcc2cf113c1f,negligent,0.9278132347878725,0.6716100481416071,0.8293928283239095,278.3894689102106,0.038872247243809055,0.5118014811978499,120.0,10,40.559109669852134,0.6980126180140978,21
0f70156f-4b67-490f-8f28-41c8f45cee62,negligent,0.8552146959595394,0.48246163411330356,0.7022773482654271,162.4798234311575,0.12598688266281938,0.7593107156615182,23.0,19,58.942706209477684,0.9203851085953203,20
53d3ab0f-b8e7-4be3-b30e-f69c373b2d3d,negligent,0.9072002678455808,0.5416781483854602,0.888632743649294,138.80522839679304,0.15633543631407826,0.6527452701588969,56.0,14,33.558070038683525,0.8568311022403461,21
68c1e6c0-42e4-400e-90e6-9655364afb8a,negligent,0.9349408352890053,0.7066528845168141,0.5972138605043439,95.25819920006803,0.06810116888876512,0.40520541499980733,140.0,10,33.88700893325434,0.7198278674615957,22
88b01a58-def7-4770-b846-daff4560304c,negligent,0.9779515460549789,0.8218946233019907,0.9260686809048053,161.80068203060648,0.08420984484509195,0.6430071088101689,82.0,17,36.57486909779853,0.9377476785710223,23
94424136-4ae6-4d1d-9f3b-8bf63a652722,negligent,1.0,0.545098669827417,0.7412042347781714,137.49783049330247,0.1955649627052269,0.5048672727172236,186.0,28,44.88872527916129,0.6452097886843557,23
faacad5c-ed80-4331-bb0f-a9ee0afd440c,negligent,0.8850687856554811,0.9245615347386554,0.8296763227128672,360.2851849490591,0.0,0.4003541642086932,30.0,6,33.97408396652952,0.8530623229611107,23
04da2a92-e61a-49ba-8cd7-7d76a632d7e9,negligent,0.7481617903312432,0.7192993210475807,0.7069956857485562,72.37198042066821,0.19134558252627631,0.6959404239379312,103.0,12,47.18536156900328,0.8405198050871331,22
00c246d8-5f3e-4a59-91f4-b9443455ea18,negligent,0.934038254972846,0.8778750661453869,0.9087909831025631,38.57407764176847,0.07403763127664806,0.42075066635000413,38.0,23,40.13302177696729,0.8778682190504328,22
5416d64b-235d-4250-b64e-53f430171f8f,negligent,1.0,0.9833538378969539,0.9069836873447938,423.722178541804,0.07359855358169251,0.44781444912789437,188.0,5,45.3927276653625,0.8464242157474645,22
d5412be6-5878-48af-b892-4cd075bdfa4a,negligent,0.9668325116162744,0.6465190029707154,0.5923241163506069,243.82679022398122,0.08719796713246021,0.5031318233295468,48.0,25,38.85176630759595,0.8616021708724284,21
b26a0107-c4fa-4ae5-a19b-43ae90b5e830,negligent,0.9477755450635958,0.7784502043913254,0.9210209356108859,48.79582242884959,0.30125112576391805,0.61087745364466,139.0,15,21.309048160054566,0.936896025496777,22
1bb94b7d-53d0-4124-8031-14e45a0b457e,negligent,1.0,0.8519763012289377,0.8446814723292771,256.6890528591222,0.02983991278783802,0.5254224859823111,169.0,27,45.7078417304466,0.49486136066834124,22
f761d1f2-da20-4abf-a2c4-983b93c3e4d6,negligent,0.6920931303429138,0.5897224372810614,0.6467289541556414,99.76497114584964,0.17921858373185354,0.5455230148482849,125.0,16,45.79092681768662,0.8448292872742427,23
689d1c5e-bcb2-4628-808d-78e986a44b50,negligent,0.9446709252827168,0.7632159041623464,0.7354528075052135,298.08435383243966,0.3024453436386007,0.40306842406584265,53.0,9,42.305413359091276,0.8881044543419917,22
51eae50e-c8e8-4fed-ad09-845fe74ccbca,negligent,0.9339515685214673,0.646161210247302,0.905194704383366,159.5183918141699,0.058587800258808324,0.6968083078380042,195.0,27,47.43566973212833,0.7743259294447576,21
367afddf-b313-4b9b-a7e2-7dc6f73be680,negligent,0.961214638337655,0.8023139817175734,0.7857342357762032,78.82439799780894,0.03940328805708032,0.35234742538019065,96.0,10,24.874454505127364,0.9159514168517809,20
dd9244e1-cb77-4529-9db9-9d466653a578,negligent,0.9878807234181114,0.7081867691481787,0.9325467079299843,74.05313486012881,0.17782658338248106,0.7089782099628448,156.0,21,29.543634409504033,0.8730330453123274,23
4e10f6b7-999e-4645-b050-9d48c431b46d,negligent,0.9455981389325544,0.8785384928576168,0.7125696839059812,71.44363054825321,0.03717694686424055,0.776242281118708,27.0,25,25.01354393827149,0.7716866698500192,23
3ce0bae6-0be7-4fab-93b3-5277b81b7342,negligent,0.7141132882696325,0.7787966763236516,0.5851269202542294,416.9526764422787,0.20117017154839525,0.16247257078237534,60.0,12,28.61103096939918,0.9160320182235838,20
d6c403d6-3e73-449a-8502-c87a77c91ce4,negligent,0.9949675360325968,0.7057246029458768,0.8416166505611661,67.48729441115835,0.04464522569009658,0.4633232458038786,101.0,22,27.78114205337576,0.9601977349209707,23
a44a44ef-ef79-4d75-a1a7-944229ff916c,negligent,0.8860070535477605,0.8370214837376837,0.692330132301204,132.09310624476873,0.13349764751863968,0.5809411890447341,38.0,19,5.06640817624929,0.8607735513182867,20
7a54ebc5-2acd-4d45-ac14-15eebc735d5f,negligent,0.7858201163664321,0.687737975107457,0.750615047336109,125.73988013698235,0.013119499450146798,0.7565031598938188,55.0,16,30.925323344070545,0.7527487450714712,22
308c0ac8-5657-4574-8114-77936dc5c435,negligent,0.8090042095208897,0.8366951256644278,0.9004369703936989,597.356571240183,0.11227972615370718,0.7887021746083555,155.0,26,36.73891750345468,0.686321723358663,20
5e802722-6983-44ad-a509-fc8e59ec5d9d,negligent,0.7908049917361935,0.47364522183205476,0.957690366662843,119.67549539104124,0.013894588715959789,0.6194500062248162,49.0,12,39.52500264088614,0.5690531280709408,21
ea6d2347-b823-4af5-a5d8-898070578fc7,negligent,1.0,0.7893594563867166,0.8779601139669821,113.39478825834108,0.06229402355759919,0.608555887610781,189.0,27,38.685908642350476,0.9056193124511019,22
ad2b244d-3556-4fbb-85b7-87de33b98bf8,negligent,0.9079095656279866,0.5661837712804275,0.8673243105021331,249.53408517090656,0.0,0.8470729074317236,148.0,28,55.62120252768702,0.6535461477792659,23
a2be2f42-e9db-484c-9f06-a52c00b632b4,negligent,0.9055588226154699,0.5107341641069166,0.8159516520279918,562.8464168898632,0.076077387456232,0.7270315228493608,119.0,29,38.62788621087362,0.7251894440031913,22
d502ed7f-bfa2-4f28-8c86-e20faab9171d,negligent,0.97652086086643,0.8731008838386509,0.7061776717016203,268.47730334349353,0.0,0.7415037299705406,59.0,8,26.85865415478752,0.8830375395517648,20
30d8e1e1-06b7-42cb-894b-fc7bfb5922e6,negligent,0.7226697753532477,0.8511214802822122,0.8679319136913929,137.27297901948236,0.11169367523318428,0.20625370767485743,124.0,11,39.69362273224947,0.8786503276394688,23
3369a11a-ce7e-4ece-a650-f6621550523d,negligent,0.8953758494160987,0.7727004287277826,0.8240335497876502,153.87334131764933,0.029068305581529636,0.5989380391606817,47.0,18,17.636873157914636,0.7719658963698274,22
8fc5c031-a87f-4f58-a6e7-fd723be2d041,negligent,0.954516675488421,0.6265799682073415,0.7528044207596377,305.4421325171393,0.26401367123335523,0.6283324130180258,143.0,28,44.37471410234601,0.9160621289960105,20
073f345c-e9aa-472c-bba0-ce28e9055a40,negligent,0.9239568328746003,0.7947835895778226,0.8319465920754125,194.7710917701216,0.20066669946370755,0.8239505540100006,178.0,26,46.301747728611666,0.6374655547631303,20
41860591-f235-4d01-8df0-b232e4ee28aa,negligent,1.0,0.9384229479003691,0.7235246313114411,62.54633235853255,0.17179066624086448,0.5496351654469396,176.0,17,27.283085497138607,0.7337288583732361,23
9145beb5-64dd-4377-b2fd-bc5ff1e29b7f,negligent,0.8525095551353599,0.8089996708727525,0.8643918184023152,308.56180179311286,0.04986251918640005,0.33781591405372663,53.0,27,15.558782193408028,0.8270344678404249,23
9f3cc910-9fe2-44ef-a517-93e5be1f16bb,negligent,0.8068487267747196,0.6516658436392159,0.9216968271532164,372.7492318404475,0.04732375569856087,0.3338379072403028,122.0,24,5.0,0.8557962128942581,20
5c575547-642e-47c6-9ed7-036c0f5566d8,negligent,0.88734092326746,0.8368000856614198,0.917966943324095,304.440173934047,0.12470167587035927,0.5236913846561198,101.0,17,30.186802470267782,0.7329706667789266,22
8e6046bd-95cb-4aaa-b39c-837de31a8118,negligent,0.7233401395154394,0.781210818556221,0.6132686674879392,554.6891004604261,0.15686347317098256,0.66648254531319,104.0,7,30.457390822362715,0.8442940183180018,20
86775fcc-b318-4609-9fd2-2ad268c3e99c,negligent,0.9545144529760767,0.7275020902036857,0.9013037603241509,301.77903819312996,0.11246619688100198,0.4012625267833509,30.0,17,44.74217649524735,0.7333826909462,21
cca50ae8-c924-4f38-ac82-501ddd76f920,negligent,0.8974163175975688,0.7581157994901294,0.7179646536746085,204.0537834668746,0.12938275251553433,0.4375552114162612,60.0,15,43.32754051292704,0.8741762147020735,21
0a9e48f8-3895-4e29-9bf9-232c1a983ecf,negligent,0.9445165811993712,0.7580041889784237,0.9085944506263108,194.12074810183464,0.0,0.41524880416909765,192.0,5,32.962469402014655,0.8102887350008152,21
74d7b661-c516-4a9c-9248-1acfa4f79da0,negligent,0.9642006038643341,0.6790431309210311,0.833457223971284,274.7713325348886,0.056237840510298315,0.7152177503005426,164.0,18,42.30352076448696,0.4841241673036414,22
fdfc23f5-becc-4730-86f7-0d5b0d79a59e,negligent,0.9668147030871285,0.807693035431642,0.7013181951799698,396.2117688089354,0.051369492139611596,0.6747319829591405,147.0,27,28.533352616814586,0.8933563482015277,21
8f69ba10-5b09-45fd-b0fc-a0732546e54a,negligent,0.907255772115531,0.9631871979324735,0.7391504162819189,108.14205913128013,0.0,0.43963111264206295,61.0,12,42.15026240925551,0.6638993657000742,22
5c7bf509-9384-40a1-a231-eaf323621291,negligent,0.9644263724116201,0.9327374639456918,0.7408627877387065,50.76491296893877,0.028817007495899716,0.6258792424842309,100.0,12,22.060201456328542,0.8304756375614957,20
c5e1e221-ca1d-4382-a1ed-ba2baeb328f3,negligent,1.0,0.8752611803541851,0.7822256012566875,249.82390077908917,0.16012460350956295,0.21182099834519877,160.0,6,31.571828295448,0.8778314998506497,21
f1bc218a-b877-496b-89d8-f1d5be0a5376,negligent,1.0,0.8776549965299828,0.9563491395926729,211.24139709205286,0.034541029736419204,0.49892094748718907,100.0,18,29.037362822813506,0.7911789001302842,23
2840734e-9e98-45a8-85b0-25a0cea93f8a,negligent,0.7731835656517168,0.8681221476867337,0.8178327690270355,123.96501890198005,0.08759118498526469,0.4850181833778875,75.0,26,42.52508843753484,0.4806491372188445,22
00cc4bb1-adee-4eba-99ed-1bf8a96eafc0,negligent,1.0,0.9190602350617123,0.9370343554895816,562.9767806160788,0.06689079161416257,0.32119732887359326,90.0,20,30.8973673376186,0.6461794555270931,23
1ec82ee7-db37-40c3-ac0a-fb5d6b4f90c2,negligent,0.8611941210090441,0.9180264242432249,0.7907081550840912,172.11928047477173,0.0927298547148734,0.44135502466588344,93.0,29,29.469421251306375,0.4981177588614206,23
b1ec4498-6381-49be-a8aa-4dfac2bf748f,negligent,0.9174203661665545,0.9037601351389957,0.5966016331844408,330.64397830277517,0.1197516880003219,0.5928518188070226,52.0,20,37.67678784171738,0.6889930698714039,20
4e068420-1e5d-4f43-97d7-1d9d8b57c9d3,negligent,0.7916078373814839,0.8291987948300978,0.7617209079834981,532.3871596553881,0.17069739344322504,0.442580975095226,188.0,6,54.87667613446814,0.8179540414348054,22
2d93476a-b420-4565-b513-7806e7066733,negligent,1.0,0.9525663592780259,0.6084434885493898,344.41481954576005,0.14434895481774457,0.8714791286632418,113.0,22,47.63928058759933,0.8739958859713358,22
7fc0ee51-549d-4c90-a2c9-3c2d1cf6bc76,negligent,0.8796460370609512,0.9107318774209657,0.8924482095568969,177.9185790968036,0.0,0.4519615020641172,22.0,13,26.91500310178401,0.905504489657354,20
d4a188d6-e941-47ed-9a47-47f84109a096,negligent,0.916558159951736,0.9003440591573721,0.7132194143063725,211.25455826698567,0.09152762058819319,0.5051868638024886,147.0,5,31.10857168039402,0.7806083985555277,20
df811ec8-6f9f-43da-96b1-e0cad94b79e3,negligent,0.937528280299489,0.7869163652888382,0.569090725521271,37.09390080125634,0.0,0.4341800928019304,156.0,29,14.668127584454375,0.7190715774769848,21
9f190c6c-1759-4ba9-985b-7e016c6590f5,negligent,0.7687984982700958,0.7361482793508178,0.6892439284798093,75.31412083691865,0.15298042315367488,0.3826450096490752,164.0,27,37.87236892976442,0.9199629137039793,23
8906a58b-9b16-4664-b7d1-e30a2e297c4c,negligent,0.8940831199165551,0.9807004437812389,0.6785933645210567,146.8366318835601,0.07876132321229098,0.7259137380529067,53.0,10,19.56900867960432,0.6571149360745926,22
c8bb9489-a4d7-4896-94f5-65b07e3f0ebe,negligent,1.0,0.8878850955253745,0.8719167033344128,161.78179258787327,0.1624986200216535,0.588035676492705,122.0,26,41.504166588369465,0.7417774666373287,21
568b7598-5f84-40be-8e2b-542d38f74401,negligent,0.8618430163760502,0.8457742328793447,0.7151858004832714,188.94383591712545,0.0,0.6072829805464184,156.0,10,24.25151982379921,0.725849949727189,20
9dd59adb-d186-40b8-bd34-53c26e866081,negligent,0.9659682421623169,0.7065657366337725,0.8935683970840369,399.92521638253095,0.04211983297674145,0.4759391486496947,65.0,27,33.884618532458326,0.6419980202604457,20
c9528653-ad25-4a2a-a405-09996151e0c9,negligent,1.0,0.8412695054110331,0.9901388806823523,288.58940588504186,0.1327241566000966,0.4724581399190232,132.0,24,45.940233483925596,0.9352978974385943,22
0f5b99af-e0b0-4853-92a4-e7dd7b533d2c,negligent,0.8307472212984514,0.9268744751628176,0.9394089310483847,181.53142987360678,0.0,0.6262794128985407,47.0,24,37.23131166554232,0.7043639970707013,21
fd995e8f-82aa-4b91-a6a6-971d7b708aa0,negligent,0.8100731456667944,1.0,0.9830230401557016,289.8298562601268,0.14778990392479807,0.6964291950110291,88.0,8,37.287505154742696,0.9018089108638608,20
e50191d0-6403-4bfc-b85b-d836928a1ed0,negligent,0.8787158207569451,0.8511438138791884,0.9280907044049975,176.2772459022807,0.10806365112495384,0.5065876358482718,154.0,14,28.29194110416732,0.8119799351364803,21
5f5be610-69fe-46ce-8fb2-9ee4adee57be,negligent,0.6726814273663546,0.957964035290015,0.9594350000199707,428.1140370996835,0.12340890316866629,0.5054978365146978,184.0,26,41.084454675626,0.9167594596507097,20
6cc5f8c1-6f24-4cdb-bcf8-72b795bf6264,negligent,1.0,0.4807089357915594,0.7736611463071843,589.5016618058785,0.1559685890682926,0.4246325519757157,41.0,21,19.124213861807693,0.8433527484982675,20
f7eb60c3-92cf-43ce-962e-4b74b8a79fb2,negligent,0.9150478912493984,0.8170609806914987,0.5659949559915063,264.1776024718857,0.198250276928125,0.7148407398741013,93.0,25,19.60555099508341,0.7159216333375287,21
bb6f8c45-bc05-4b21-be18-6513cbc69de6,negligent,0.9007891000827246,0.6156270483463707,0.6069662326635085,83.78286672253412,0.054788137812444855,0.8791975172851143,181.0,19,35.29403004434799,0.8614356512605333,20
fd56cf37-d88e-4ae2-af16-e4407aa2dfb5,negligent,0.8304248647933276,0.5690907763806777,0.7044980235369525,136.95649132225492,0.2800983420531722,0.6211631045338185,108.0,20,29.193324202277914,0.8840361794278329,23
8182413c-c025-4b87-8077-00498518275e,negligent,0.7725816412339898,0.46603810400022094,0.9527990311790404,273.21114397171533,0.10469162224509476,0.7232202819765133,165.0,27,16.42389895599046,0.7263314076559453,21
4b013ea0-9669-4d8c-9aed-ad5ef18b6e32,negligent,1.0,0.6981440799601447,0.7770544939371684,442.0235970382337,0.03570125415543206,0.690060031250469,168.0,11,36.675342878790616,0.8275450491289014,20
4b3db9d0-3362-49d6-bccb-6e3e85a597f4,negligent,0.8464265410632583,0.730567836957683,0.7216020112229939,228.10213679562253,0.03922791126647404,0.6801164029556342,160.0,5,40.25335166721017,0.8834173840390772,20
1191545f-54df-4668-9c71-cff74cbe876f,negligent,0.8549273039654735,0.7929103732231331,0.7843002134591045,405.7334864468254,0.02777842843679939,0.5120759753631537,140.0,9,37.595151175241135,0.961544962800001,22
6502a0f1-d6f2-49ce-9d04-f06de66d93db,negligent,0.9280989337726059,0.5349857488656208,0.9397872851865531,168.12215223367423,0.09109043826430673,0.515791195949362,194.0,7,39.6439953915711,0.7976557809817405,22
573b32ad-486b-4ac2-a2c1-ae6eb240ab1e,negligent,0.9206241028465298,0.635024008597125,0.7505465167278799,272.2800420095156,0.08544836601407022,0.4725387680222252,64.0,11,37.238727093375026,0.6979789032839647,23
a39d26c0-02ac-4d35-810e-8193b7071c36,negligent,0.9186142985509186,0.8601144394013043,0.8122231331660719,89.66606181613763,0.05703833214386571,0.7567980676112103,198.0,28,31.282836310807838,0.8569299895878636,22
6632bc05-9383-4330-8739-aeef7e6e6552,negligent,0.9611723698567107,0.4786977272726984,0.6816888364759747,51.8176664751666,0.030488070737851224,0.5471426721509391,43.0,9,34.878302301682055,0.8967719283966579,23
0a018847-337d-49ef-b842-38e226d178f9,negligent,0.7621265277585401,0.8694331936965438,0.8284420875161083,349.8690572628344,0.21173372674487745,0.45380122977457177,98.0,22,28.825191964341695,0.5567821082756791,20
c0d45661-b03a-450d-801c-c31043a7f055,negligent,0.9929315267302206,0.7682050529264776,0.969817125879417,313.25266466376826,0.31219186384288045,0.6818209604875116,188.0,21,16.422360022132715,0.8085099330442207,20
fe4f4f23-84b6-4fe8-96b4-759451224596,negligent,0.9266451910694153,0.8779898564942759,0.7760575151802211,181.32116801555313,0.10350014777081565,0.5543082760743735,83.0,23,59.75218301237536,0.3410951853453231,21
34f1adf3-00e2-4ff4-a378-46805fb36b30,negligent,0.9235578332660079,0.9105670241041707,0.6924576638043215,166.03055081775506,0.03691256110697407,0.5034864455457793,192.0,11,40.10876517554063,0.9921572345473346,22
02593da2-0f02-47c0-adae-00fed7da01a7,negligent,0.9802444443687408,0.7141104903600997,0.8279780436224077,153.3360154704329,0.09043443661879665,0.4001617573784818,97.0,22,40.326576669642385,0.6936704144525999,22
3c691bc1-2806-4ad6-b204-37b4c4eff2eb,negligent,0.9294725566521028,0.9115147066944636,0.9309621399940476,109.95884780885277,0.046720911583987154,0.7383869885442231,54.0,9,29.70351950363913,0.8733632086336192,21
bbae46d3-fc86-477c-8d3c-9c2dfda41fe0,negligent,0.9407888406921305,0.8544522647483915,0.5907462910874731,307.48535553460545,0.018724514139190677,0.4411925817737145,126.0,19,52.18060661542024,0.7371471701824048,21
20ffb538-692c-468f-aafd-f872ee79c56e,negligent,0.8697249640297725,0.8913760261393644,1.0,339.3263424823505,0.17377907505660226,0.5342679429305529,151.0,21,35.44751556763529,0.8977475298346209,23
a67c9784-ef5d-4bf4-a4ea-53547ae4eb1e,negligent,0.9183149312243699,0.8013728716816237,0.8887214816522457,89.52550396667598,0.17447599867698987,0.5438591060851433,149.0,15,33.8611960009448,0.8266816836275491,21
bf33a50a-69e5-4927-ac0b-e9aecd04f2bc,negligent,0.8313555351282211,0.8832471130461981,0.6884488454526223,190.09921821252766,0.04749989846835495,0.6265208943416127,183.0,28,17.02551973343045,0.7985408340698278,21
868a099d-9972-4e60-906a-77d39d01175b,negligent,0.9943712772829693,0.8129038424811648,0.7623797150784027,257.7474405030549,0.002175585913466886,0.5132700203788415,168.0,28,31.256113476641968,0.8538324587071542,21
cb6e6e26-9055-48ce-856b-85661d7831f3,negligent,0.9571018713979178,0.976723991140013,0.6754354937974194,167.64065971338908,0.0,0.5256375387466121,47.0,14,34.468322240896995,0.8876667863161952,20
d6345249-69dc-4d18-8cc0-d3381cc855e6,negligent,0.9226214489383159,0.6719541613933485,0.8368545816093946,420.0116461238889,0.02288811260612469,0.6765499159624868,120.0,22,28.154942625189157,0.8285282676359592,22
3c25fe61-0334-4d7e-a3ae-93dee7ccb423,negligent,0.981094014677838,0.8772751616542813,0.8294954464566737,183.6362706262449,0.07139374076954176,0.22625937092664042,78.0,13,38.5106798856217,0.7442455431813784,22
aa710a86-1c25-4bf7-b131-6748ae877c4a,negligent,0.9732707144182373,0.9678727378182274,0.5972034700841916,230.72395548098683,0.09564261905611435,0.6148949984543537,132.0,7,37.43620480419474,0.7709912681634679,22
3c2c9329-b5d3-4be5-9cfc-4081a13f45b9,negligent,0.9490872259830941,0.7452279821703576,0.7995789754190289,369.41651442993077,0.06187728516101546,0.7939536665213585,193.0,24,36.478922908020174,0.9232268448849653,22
9b7804e2-fb7b-446c-a257-94cc3d5219af,negligent,0.9004526042941478,0.8366622742167726,0.7847861683594257,424.50469896137463,0.23535703709410769,0.35360123048459996,82.0,29,24.77523501231172,0.7224111940007131,23
066435db-d37c-4670-bdd7-a77bf48f42db,negligent,0.9242706992543824,0.4723026569570776,0.7067101042481536,360.9009572980011,0.10119651289379174,0.4244866706125743,42.0,10,52.62973695653229,0.9238686210905328,20
5648d1c9-7615-47e0-a90b-bd80070fdccf,negligent,0.6784952375911084,0.8250598113639281,0.6989125536021256,171.16733381817346,0.0595754620503877,0.7678146569781039,112.0,16,20.75863219555969,0.6627529845819136,22
a17bc742-2b64-4783-883e-74155a23ddf2,negligent,0.6900079796213088,0.7544311132432393,0.5843875342877747,223.01762365316625,0.03477825361149981,0.2676064266076898,116.0,21,31.606664120927114,0.9331022541256005,23
e18b4885-31ef-4789-890f-0e4ac90f85d8,negligent,0.8513419558223784,0.992875557091006,0.9771523827909988,147.45731011252246,0.08085002152206291,0.5985947508611967,113.0,17,22.499381299808647,0.780863475317679,20
eb86da6c-343d-41f9-98e8-f99fa3e8e98d,negligent,0.9145835114540176,0.8905099735344112,0.7969071611552604,316.7404692597895,0.22244988713491193,0.4909281822677725,180.0,18,27.3119478397268,0.46522138229105386,20
6beb0a59-5f75-46f5-b3af-edc2fda67287,negligent,0.9806775782513573,0.8540272687650631,0.9046675239425678,138.70105231837167,0.03418238916749008,0.6825109227791082,158.0,12,34.573023933944896,0.9336941537822843,20
4a93535c-a4ee-4bfe-999b-9ac785aef926,negligent,0.9621739222194812,0.9148748921238642,0.8229051863195304,339.36951488644155,0.023122728404014845,0.45436097018138105,121.0,25,53.838454311225235,0.7438989224477461,21
da2a6c3f-4e49-4d14-b493-9fa98b4ca6e1,negligent,0.9540950932005974,0.5461973731655266,0.9368499162170594,118.00641075044149,0.2169009519722487,0.6413300275820447,40.0,26,16.06808689034919,0.27522135217066035,22
dd51ed49-baae-4f80-a8e3-5ec6ccc4be48,negligent,0.9349309457344198,0.8516323755395491,0.6929175985338575,56.06105443091154,0.0,0.6026565975481785,65.0,25,48.53960395450643,0.8546981685070686,20
34795178-fa32-47ad-afd8-28f2a6f4efc4,negligent,0.938356432515373,0.755922555505025,0.7836404424207238,389.2115288467339,0.053650329439421635,0.5690000768204526,178.0,16,37.40426525451084,0.5068715466631902,23
21565d93-7531-4420-b53d-0c6a8c53fada,negligent,0.9864126919380687,0.8332102562079032,0.9155030360174339,93.59806086457637,0.0,0.7066266076729801,125.0,5,27.64353656038827,0.9464137057858997,22
7ef6be70-9b43-4254-83fb-582a47312f68,negligent,0.9954393012757009,0.8854115184649994,0.7537887301327584,278.88453287399983,0.13160816792565044,0.6477078641595441,50.0,14,26.2918446692208,0.8107701911655912,23
0d6b4e7c-629b-4231-8d35-45e52600c34c,negligent,0.9714765050113365,0.8862491761685845,0.7976525660646783,357.8410407448488,0.056576010122787596,0.542454652365301,43.0,26,38.05376017100664,0.914479392080673,22
ada9f3ec-eb79-4ba7-9588-6926aec8b16f,negligent,0.9946162819605734,0.7227482288330834,0.7871659433939443,65.41443507433654,0.23940949339826692,0.4029492061165168,123.0,15,44.084140280036294,0.9206115084507795,22
f294af46-44d7-4178-809b-aee0742a4778,negligent,0.6983752786751914,0.6887223589286137,0.9764049495254495,314.4443363440252,0.09126632984754326,0.5365603110697942,58.0,26,32.69051803282097,0.9537248208783455,20
4d4e64e6-19fe-4152-86de-80bb216b64ae,negligent,0.9664695739089344,0.9539896711566922,0.9258541471186064,400.9085161245429,0.05406141813429357,0.3865154108380899,31.0,26,22.30818617556837,0.9482466525056584,22
ed759aa9-b388-4a36-ab13-628bb9a3787b,negligent,0.8616162075674488,0.6073023952269573,0.9150622952538852,136.09525341636893,0.05501622482574327,0.3932069951206008,23.0,27,44.715633120522895,0.6066718423395755,22
88c90314-2ad9-4458-af25-d3f4ea383762,negligent,0.988163495442232,0.6949637787539684,0.7422327429787222,59.21845809348275,0.0598825329910737,0.42137915340579235,76.0,5,41.70831035862526,0.9099687101383653,21
51db59d1-319f-4a64-844b-8860ca267c1d,negligent,0.9595299048474676,0.8558666742503775,0.6105646411093166,493.1924460957103,0.3252601491631648,0.5725856301183581,173.0,28,35.05097782167898,0.8483211997449296,21
2e70d7a9-9eb8-4f1a-a868-219f10360e2d,negligent,0.8737336462369488,0.7739450426457392,0.6485101424752721,193.79358025835523,0.002292056630892776,0.3464605064036811,63.0,13,22.5700602092808,0.5466997302283776,20
e7112100-0469-40c4-ad11-90cd7d8ca994,negligent,0.9264877291210094,0.806319311908756,0.7428216612354223,98.4026573082113,0.0,0.7128060088806522,85.0,12,43.52291046028634,0.9007270016826158,23
7e665cfb-c870-433a-b3e4-3ceee30b60bd,negligent,0.9531976851282884,0.8412923126213844,0.857872803039869,261.99642555668277,0.017980368168630148,0.7604426639238322,91.0,6,53.397454912064525,0.5980216080731696,21
9c38b214-8a28-4ed5-8a54-401c544f1fcf,negligent,0.7122307085286957,0.9197731829726387,0.8148778785638259,195.0282549013425,0.012612996006619893,0.5076580368663428,36.0,15,24.04220163560505,0.92836911294013,22
1ab61443-26e4-4957-9f37-b551c2364fad,negligent,0.9136033196506405,0.7439085617853833,0.8188394581954931,521.1415291913164,0.2480239700954897,0.33783787487439587,25.0,17,50.04440369784675,0.49044026862315193,22
dab82e96-d069-4c3a-be1d-cd318f562cfe,negligent,0.8390634973991233,0.8138496881185809,0.7586460319924733,114.58412789371829,0.07765928932712622,0.41419922732083214,134.0,24,36.27365006843904,0.9475610335347036,22
741168be-a255-4fb2-bc26-3a0a42557b1f,negligent,0.9979641119194348,0.6881707159793929,0.9837980041099187,151.65361948134327,0.02378288843959676,0.533068862682305,118.0,26,49.89510232263986,0.6285131717040615,20
4af1d4c0-e20a-4ff7-a2dd-8de77fb1345f,negligent,0.9694468602256509,0.7611983064900157,0.9496586623081941,568.4668205782032,0.04328157909029104,0.4236121355001203,169.0,16,33.870220094600946,0.7075969258928407,22
aab06c36-c518-4fdb-a1ce-3c7cb9fe0cf8,negligent,0.9704157038141675,0.4901999212717744,0.969494134759254,186.279553977165,0.05146122792267972,0.8112665815563536,118.0,24,37.900548508011106,0.5796053571928587,21
1927c52f-93f3-4310-8d73-34441e01721e,negligent,0.8552931847793128,0.7534379291601343,0.7417278970752169,246.57919830877626,0.034945926258712005,0.6391628060425582,160.0,16,9.806587466188674,0.8362103356819505,20
35962074-8256-405e-aa47-a80118b7f665,negligent,0.7021191626188802,0.9944981161381945,0.7433810561157153,550.3591135074925,0.0,0.6966599078759486,64.0,12,21.18930832577836,0.8025435598972218,23
84734761-7fbd-4e8b-8160-7919893f2f0f,negligent,1.0,0.6710984987468999,0.8265065203576701,186.04157552945682,0.07320184039412993,0.6718917697157107,174.0,11,25.96745739128275,0.735811789158588,20
7b6f190d-097a-44ff-8627-6aa499d510b3,negligent,0.9681222692670235,0.6997474237981912,0.8188561164625814,171.20373895219183,0.036056580889026656,0.47202692426826676,186.0,18,45.314182099254936,0.9146841347153081,21
50b0e23b-3c02-43f4-a2eb-a3e149dde655,negligent,0.878915683871991,0.780299609565235,0.6283243780330214,144.71710962588017,0.053924419699489176,0.44508200386158575,102.0,27,25.689484590253155,0.8260365883292794,23
43ca619c-b85b-42e3-aa8a-fd79c2645ac2,negligent,0.7865888260525042,0.6338689385062823,0.6037690681541004,261.7551723127806,0.18889097556109608,0.8367681951230174,27.0,10,45.914734622231514,0.7195686984474513,21
60c114f2-e167-4710-996a-2f8712fc3ccf,negligent,0.9706082464493262,0.7864994910295277,0.8742122563639796,201.76679400376628,0.006072179715923078,0.7832072821388639,43.0,14,44.45737230407666,0.44541339154297543,23
a85989d8-c049-4a35-9490-cb2981ba26f7,negligent,0.920099324168691,0.7254225420067303,0.8806872668690304,328.0502477635748,0.06955653306873662,0.6008408671962574,98.0,11,31.314647380903946,0.8502048176707178,20
fe3430ec-ac5c-4e16-b476-15b26fbd1555,negligent,0.9880670004913878,0.8483183427781588,0.6547841106795507,29.005887271191835,0.05572600549662321,0.5531513637161292,132.0,26,52.637926289384055,0.7079578995574964,21
77f44f64-2d8c-42b1-9939-29c5078c0756,negligent,0.9352301072708492,0.9685579298402008,0.8923607865207218,377.01268803388217,0.06700139637548694,0.5454117011819611,131.0,11,24.111797177308308,0.8188611871614133,22
5be7547e-3d51-4901-864a-1e2b2a659b56,negligent,0.9677267507716455,0.8846255131337513,0.9517375913799863,122.17211937124449,0.058323828191078154,0.4930574305081955,183.0,5,15.650952014675372,0.9187445501508036,22
4be60e2f-d93f-4fb0-b25d-1a6f706776cc,negligent,0.9399237516315676,0.6555174593816998,0.8917215405640858,189.0506854331609,0.22766097020591225,0.4369502921433797,44.0,11,24.05345991977255,0.9712575053622093,23
7615e5a0-c9fb-498e-b262-b1996499880d,negligent,0.9263049993091539,0.8703126786073004,0.9427290259185738,47.38543091911218,0.018724851861430768,0.7276552544927338,79.0,27,62.228528846829605,0.9473168006621983,23
280a5445-0c4e-4b40-98b8-5ede7a50582a,negligent,0.9204375836732195,0.5937687813306088,0.974335630340021,279.78622402460917,0.14243426944518375,0.5794166831141134,127.0,8,41.20332313567092,0.8182899521201591,20
99ddc5d1-f66f-4dbe-a822-7aae303d2ee2,negligent,1.0,0.7847768333332135,0.8010333932370045,176.7246087372985,0.0,0.5821052781381335,34.0,18,38.683858764859565,0.9693600851661809,22
7c350462-317f-4da3-80b5-bde9a47ce641,negligent,0.7613841715446522,0.9079004759319632,0.7021590295677453,207.09579746333134,0.059945364300149524,0.6683330854121841,170.0,27,23.908470784504317,0.9191185012272952,23
7bd2a2ae-84e5-4256-9306-9a87381ab5e9,negligent,0.8940468465097193,0.8381605078922594,0.95064775174466,295.2656917841549,0.18273261173479222,0.45125845835149136,112.0,15,35.83071747777976,0.8915234543411207,20
6bae3485-429e-4bb0-b791-ede946f46d76,negligent,0.9060555822962839,0.5017902387550787,0.6305783003357625,305.6836244415531,0.15821987337406884,0.4540977996751521,88.0,21,45.305068953714965,0.8331223387512748,22
6ddafb24-e55f-4232-ae46-a354ee05a2a3,negligent,0.9518234507796598,0.9400252894175674,0.8651308861319169,231.42894522836644,0.10314228126359977,0.7571457778066738,164.0,18,55.92315803075304,0.6089707713694892,23
af26e3b5-7932-414a-bf84-d7de7b419e0a,negligent,0.910819254022732,0.8146626886437588,0.8742177563410399,171.4002402562923,0.026506643593155813,0.7407496460813997,176.0,22,24.599522166216428,0.7532457091984647,20
7c483fdf-5b6a-4b46-a9e1-300f4b8f0ef7,negligent,0.7406125073797205,0.6700127058567257,0.7290089967116452,325.949756577248,0.0,0.5383993841956991,118.0,28,5.0,0.7442442569304535,22
14fce2b3-7fa4-4f6b-b2c3-be8912ae4453,negligent,0.9074845601057684,0.7188573782925606,0.8705821545898649,313.19272740617384,0.0689938928063189,0.8800399529371139,131.0,17,34.132949998020436,0.8588029233539692,20
5406454d-baca-4571-8cf8-e7afae0c79de,negligent,1.0,0.7901084078286937,0.8631736787095723,204.9980687291742,0.0,0.9035163684168569,195.0,27,30.587257672010224,0.7538226185094291,22
9f65b6bb-e8ae-475c-9064-b7abc1f24463,negligent,0.9602939227309505,0.9681629664939094,0.772988398659733,65.83743391807836,0.0,0.5430418178467549,48.0,12,46.21101470683839,0.7492353723294897,22
5517329b-9093-4110-bf51-77ed798da110,negligent,0.9198922092735803,0.7807892952995997,0.7303535681967336,283.5942031760999,0.08573056617157614,0.6038857897004359,88.0,11,24.33226002840845,0.8136201384469316,20
8257aa2a-c64e-447c-a5a2-189720d0fefd,negligent,0.9304134563387265,0.8470647037811476,0.8650768084535129,165.94598116445385,0.2318501797387497,0.5490333903735044,90.0,11,27.070270548622158,0.9097510302164413,22
ca29cebe-21f1-42a5-82ef-4046f9a9cbea,negligent,0.8680027764363456,0.7212398424620134,0.8640793267911807,132.3343715324154,0.02788179730325977,0.3980522633699037,85.0,7,59.42512380823899,0.9495413262594636,22
08a99988-5779-4775-991e-57ecee07b875,negligent,0.8288828938240284,0.771755410214152,0.9571611802803435,209.77831640827333,0.04416087656768303,0.324849343727362,132.0,11,40.36073571874817,0.5906543783609459,21
41ca3ea8-0f5c-45ba-8b5e-76b54bbb30ee,negligent,0.7609741526750662,0.9193195406290097,0.9281037080802639,307.40737224070693,0.028739735872975774,0.6199071592946741,139.0,6,19.193867441561586,0.7513207398022643,23
73d28064-13d6-46bd-bf4b-90a5877d0c0d,negligent,0.9064130395388446,0.8264497706691805,0.9432056703965358,74.88371046863546,0.05841122388925899,0.6132465883419254,163.0,21,5.0,0.7826365456508958,22
6b96a8b5-92c3-4165-9c26-48ea1d8a80db,negligent,0.8286521928399638,0.6455390287263529,0.8896789545135717,145.90327751645427,0.16005701516333204,0.15500331961978076,54.0,15,55.72359965220298,0.6800590822896135,22
408b27df-da01-4718-ba8a-703b4b5ff2ee,negligent,0.8964918880050483,0.8131763644563235,0.6952648456029747,280.89560934680446,0.1185868213925901,0.6838450308061109,86.0,10,32.46402907916412,0.7425260074330807,22
933e786b-dbe0-4feb-965c-0547b58d61c6,negligent,0.9561191479482811,0.9279522262800926,0.924951578924236,40.777069064363445,0.20521901012952562,0.7959167514788714,75.0,8,26.185865692245056,0.8205033959182235,22
510e1a4c-fba2-456e-be45-e541953829a2,negligent,0.9015009652323718,0.8334693013021336,0.7621418685114324,351.9733262332263,0.28157300943969976,0.6060743695955423,91.0,21,46.80729560398267,0.7861281554248599,21
0f0ba231-7a53-4b85-ae7b-2005478c9665,negligent,0.8245732218155626,0.7796326088008558,0.880283959319849,175.9161505209785,0.04309706285556284,0.617968026568045,194.0,27,47.31342984980241,0.6618105108662841,20
670d7c85-d12a-4b69-b3d3-91194bf836a2,negligent,0.9738889464044138,0.7445917211177505,0.7980404049060098,341.1076105757973,0.018626630132076674,0.6146158087633354,124.0,9,31.472708715469935,0.7850884371277549,20
d13733bb-9179-4099-b629-5bef1c1c7288,negligent,1.0,0.7468793208629441,0.8283135092744328,368.82455987152696,0.21372396627281165,0.5401568534298522,24.0,15,37.159798237874206,0.7700595885068036,20
d7c8821a-b83f-4754-9aed-b4f458316a78,negligent,0.9424059982951256,0.8492192352357465,0.7951678350525688,289.14400695628075,0.09359118297135308,0.5850405378396685,50.0,20,40.27424599596461,0.9191110419827999,20
76c7dd72-6459-4602-9283-a53868f19428,negligent,1.0,0.6082211515382748,0.9461381675925978,287.46073316049655,0.0,0.792668924308064,53.0,11,29.75448681435801,0.9428242380348945,21
9231bd2b-8add-45f1-9a62-9faaa4289bec,negligent,0.8157793040742818,0.7091438403513712,0.6954825547996976,143.29743120433787,0.09808265369679665,0.672415941156005,164.0,27,34.64950389853552,0.7382901537779992,21
834ae991-2584-499a-ae87-6ec6ade5b2db,negligent,0.9132092336669958,0.86921486697503,0.7055966676725292,182.2206479917536,0.09299360836127357,0.7710239455530931,178.0,26,16.955713019730926,0.8756917288416903,21
e6a825e1-0688-47ee-a0de-3f1432e0828d,negligent,0.9735465093437216,0.8291568975647804,0.8879687508354294,109.13604385884419,0.18422948570022904,0.5758913664996238,147.0,21,58.55484886103988,0.6293578673199954,20
24089323-1682-4330-8449-d8953380bd38,negligent,0.8903731968481814,0.9465628735990577,0.814504773982985,262.96784211540734,0.2284683912460285,0.8135599907303253,30.0,16,48.019514811144475,0.9431546074780301,21
397f56d4-34e7-446d-93b7-b825849f2fd6,negligent,0.9808209319663137,0.7458971862785699,0.6124388882861849,300.39739282251844,0.08983364327588102,0.6838424483231574,194.0,12,38.79917531380287,0.7073650770973914,23
b07ffe6f-c9ac-46e1-9b4c-2c7689374cee,negligent,0.9563797448541209,0.8876415766777322,0.9442017567625319,120.94068691325738,0.03767853300006419,0.5676227090749366,65.0,5,51.46432071247587,0.8409183140182078,20
6c43f792-3e64-47ef-97cb-ae6b316a6eca,negligent,0.6393017183753396,0.775334408492684,0.8796664798125738,421.6780800428594,0.03959358332245626,0.46482404382288933,192.0,8,45.79848533134154,0.9669841245330727,21
98df16f9-8a24-4951-8e3c-25d48029795b,negligent,0.9579963554600492,0.9153380076987375,0.8542370750116038,293.00349938997175,0.17513627775217067,0.5580123170697804,77.0,24,24.4570335723739,0.8240655511922275,21
4e6e0396-846e-4cb4-8ceb-0045d7350973,negligent,0.8360461540603457,0.899660655793808,0.8237173958903196,363.7773011715494,0.07436151255721773,0.5225695066904159,29.0,16,27.698102072097157,0.6759685548624074,23
218e50f4-3926-43e5-a702-cfa0385feefd,negligent,0.9578273094120473,0.8667908539123316,0.6602652451656834,105.34348210815887,0.06356193508788484,0.5124515006714309,155.0,14,37.497106201238715,0.5649384688122878,22
9b6a09cd-6f73-4c7e-864a-5d33dea89c0a,negligent,0.9174061990071345,0.5733271792336054,0.9232462596576679,376.5068965447314,0.003650129201007605,0.5098105899700575,180.0,28,36.91670770147263,0.9460748965423011,21
605c1173-958c-4199-8cdb-88777b2d4d87,negligent,1.0,0.4518744811247014,0.7045851027093046,894.5224337864149,0.22982723636882474,0.07357381597270882,104.0,25,27.988251208060216,0.6740436813082428,20
fbf5f7f0-417a-4a6a-a6be-60e904637329,negligent,0.9465210668399607,0.7664776920207431,0.778078987259647,301.66878037913364,0.24028311351365494,0.5599407560943277,38.0,22,29.000546100292954,0.8469489167509006,23
88f16779-a05d-4f92-b971-9580bb846f50,negligent,0.9023464922497487,0.5475753484796858,0.726495850469107,208.72250858948237,0.0824463612351468,0.4457586550483065,137.0,18,12.38314250379927,0.7056631720565383,20
a625f181-f10e-4c77-a8c5-23a934a91267,negligent,0.9846612382399612,0.9138389657970297,0.7361099782768012,374.16352199947545,0.028194588987212728,0.6578909919049404,54.0,18,33.31017682349018,0.41008355624442433,20
fdef4219-b4f3-4e8d-ab0b-8016d7d1f1fb,negligent,0.8709630270857962,0.9164055557868765,0.8712358156170557,78.7094128365832,0.10645046326022554,0.7344474930436447,30.0,12,54.381078223114045,0.7510062620510847,22
cf14229a-002a-4353-9a8c-81d41c4ed792,negligent,0.8139855042852644,0.7228574211745978,0.7650463375184271,488.824321711698,0.04418158166106856,0.5946333635169859,187.0,10,44.49495241782721,0.8401909064177938,21
f0d8804a-6c93-4ce0-af58-63ca01d44b22,negligent,0.9428507725536664,0.8775558349500047,0.6088440822300422,164.86951764632596,0.13774356271635183,0.4950905110618983,27.0,25,33.767133658522226,0.958378697178281,20
b1963b42-bf81-45f3-8274-5c497958bc2e,negligent,0.9064600702433727,0.7972264947170506,0.9070912222612071,164.99395678176356,0.11732192898342159,0.6521310792736833,104.0,19,38.494380830143896,0.7267989471347918,20
757fae38-2a78-46fb-b29d-e584e5ae26f3,negligent,0.837234484174891,0.8532752508080654,0.8208893833315066,362.83215629122986,0.27540403089369725,0.37776014301839494,64.0,25,30.763837678106608,0.8258202755824673,23
9ff0df94-bff3-44b7-9c3f-4ff05d57ad41,negligent,0.9259161358505882,0.8908119213218553,0.679409299580702,386.1410589171826,0.0769901962947143,0.733047582858708,41.0,13,37.107699216339796,0.872682478422487,22
940ad112-c03f-4a5b-90ed-acf0d7e24929,negligent,0.8505225598382268,0.8106831769345839,0.7577197689793821,307.0610200747623,0.024872244476068478,0.3841499668948893,195.0,9,52.90308098120406,0.506121805446223,22
74a42425-324a-4253-a493-4b5702d5f3e7,negligent,0.9699824761947068,0.7549195728078232,0.8306800887113873,390.8571119748555,0.05186407878214876,0.6485977074371151,33.0,27,22.081837703400865,0.5851804555281329,22
642b547b-a3c6-4834-acae-a59e21ab91e3,negligent,0.9495280235470923,0.737398987270434,0.7605410412275362,94.67419770758019,0.14059344394389728,0.43370355132043015,29.0,29,37.806504041875556,0.8358985107551139,23
08cbd292-fd05-4426-b2ed-df68e60360e5,negligent,0.8558322164155255,0.8195945636754745,0.826575639535404,243.54194048474682,0.06488473275282877,0.40799251667159947,195.0,9,29.75243795427621,0.7335560984274347,23
751c273f-ffbe-4b9a-b783-e9bcc6a77c2e,negligent,0.8878434476310123,0.9686630029612813,0.7275072140679439,228.70965475795515,0.21592815043492794,0.6618236839431643,165.0,5,37.84034835380265,0.9213429761367885,23
d95b070e-a20e-44e4-8ba7-6233794ec1d2,negligent,0.9180202787727408,0.7615612612837589,0.7613753905895114,65.10177854134913,0.11970741193472588,0.6636223065096024,99.0,8,23.25670138441597,0.8075881552803101,22
b646b4f6-3ff3-41b5-8e2d-e650063d83e6,negligent,0.930538984809455,0.878209980290335,0.7867860561621752,244.4102330339245,0.09437571891905491,0.37374591351056746,76.0,5,45.379986018846346,0.9130941274686912,22
0de5dd05-1a4c-47a9-8806-a289e89fbc97,negligent,0.8720209420858742,0.829760420731924,0.848792229294704,114.18432079094262,0.18089592612399386,0.6471284213425598,197.0,24,59.65194883196165,0.7595205527686875,20
e40411d5-cae5-44bb-b5f8-981e4d3b8841,negligent,0.9641485265606196,0.8597154330038671,0.8743985082595019,353.190729059753,0.08009349621573753,0.8112269904514883,74.0,29,39.54182201554903,0.8274848536485324,22
58676526-92b6-4275-aa0e-77f87191a2f4,negligent,0.9461901933205569,0.7625173994446558,0.8331956112641933,329.8972890543652,0.02405433589857485,0.5771172746796335,56.0,7,35.987538046640765,0.9466699040284401,21
b3db3d9c-5710-47d1-a9bc-df9f32dba9c1,negligent,0.9325241837626442,0.8090374239058948,0.8685924641425548,325.6472691816112,0.027310387666814373,0.5059278014632018,57.0,29,26.189402610226637,0.6766400410237714,20
62ce91ff-8efd-49b6-abf9-dd1bb970f99c,negligent,0.9361891452953723,0.8610958006816446,0.7835671306064393,89.52729074112939,0.03307449686423826,0.6631259974672018,75.0,6,35.52533219317771,0.7091407240216271,21
bfcbd71c-32f2-4666-a268-2f026c58723e,negligent,1.0,0.865908780572108,0.9390149135965126,127.20947392286436,0.09962914564755157,0.24467348401153122,105.0,12,34.58604440091182,0.6976597734369806,20
250b8d1b-bf1f-4539-aee9-7564c5f15f41,negligent,0.8164655191910963,0.7183497120478147,0.8806195542290144,388.1406835465699,0.1410879651507361,0.2592710353741773,120.0,20,44.79913110928826,0.39819209263641897,22
c6e872a5-2939-4d7a-a9b6-1a6759a8cef7,negligent,0.8549376599035762,0.6009315597222012,0.9346101290068092,202.8958057095394,0.0,0.44868707453807044,128.0,21,31.784210935083426,0.8557891267091847,23
791647d3-3c0c-4d14-8c80-3c6634146d0d,negligent,0.9760235960316084,0.8851916863037665,0.850437789829869,532.4959011590322,0.15408767972311002,0.49220319252661593,194.0,17,41.65280213020159,0.4424181815885981,21
e2892dbd-13a4-4b7a-aab4-3d6cab67b571,negligent,1.0,0.706355971836334,0.9983244233749201,82.46855269519111,0.29016307469088926,0.6121266884941324,147.0,15,45.134429179921405,0.5419437126578792,20
b9ed8e01-3a52-48f2-a9ac-250130fc247c,negligent,0.6749306264435695,0.9011809175112652,0.8021338194134963,153.5099660335382,0.02188418547656376,0.7603771369590185,145.0,10,18.700044799268483,0.8259688681004081,20
695ec2ed-005d-4ba0-b1e1-4de759e9b76e,negligent,0.9597091344644266,0.9804661194780464,0.7913606858725024,149.87348249860392,0.08237997805336497,0.6088536553822118,143.0,9,17.566761309940308,0.918590845260888,23
08a5c705-89fd-445a-9fb0-c2dd5b85ad36,negligent,0.8398190756618267,0.7360856321785444,0.915625829672019,221.50158206198128,0.2961713893638698,0.7297211319486466,173.0,12,24.912990010631408,0.7925834892547404,23
059f567b-869e-4c45-871c-8b1b216b020f,negligent,0.864989635004071,0.8684362837556757,0.6178932667824075,200.5105124993564,0.18373926441693447,0.5717470362667634,125.0,6,38.98119096661024,0.7326070946765932,22
ca0af69c-8941-46b8-a051-ee7be9d3456d,negligent,0.7808400493769491,0.7128179704956928,0.7374589566881979,165.0553748242408,0.03008321187954,0.4582316495979107,92.0,8,32.99929507693344,0.7933142456057733,20
6a2d1acc-de8b-4393-94c2-8d02bfe8f3fd,negligent,0.9978580520630259,0.8838686888826742,0.8669503236204272,75.52045232110841,0.00515099859388609,0.7828728520171847,190.0,20,47.34633191352524,0.6616273051125984,23
8a708d24-6782-40ff-96a0-416fb9d00319,negligent,0.8812073078448651,0.806761409547082,0.9385972627744531,295.7037521214945,0.26174824091857635,0.5548563476320534,21.0,17,48.36790347371653,0.808043312776146,21
3ee1b521-c01f-4ff0-8511-d045efbe4649,negligent,0.9349143862291797,0.8937937876346502,0.637840211055613,138.06760964214678,0.08649729086814162,0.6854335172529095,36.0,5,37.22847949864647,0.8829197045600252,23
1b7a511f-8c6b-4c71-8909-27a9230a06fc,negligent,0.6646327619021892,0.8721362523902187,0.6176428011033487,317.9493415394471,0.014888627797609516,0.5973186487400988,54.0,16,23.2659557011441,0.6933022161201801,21
b4d1791c-8cf5-4f22-97e8-b088e4a9db19,negligent,1.0,1.0,0.6314676127733759,75.23896595292787,0.17846172529699414,0.7829183408881256,166.0,26,54.22711613860744,0.8825991132226257,23
f6158d56-30e2-482c-9644-128eaa992e6b,negligent,0.9709192141276634,0.7397025062681785,0.9743061114539334,545.8287562707117,0.0704154847797924,0.6485631535512701,154.0,26,40.921960741420826,0.7672699332783389,21
e35f2f4a-7e8a-4ec7-844a-e0f584f64b70,negligent,0.8622462686002874,0.7014038582528902,0.8623208560773207,134.49973874703227,0.151107575507352,0.6065473335396458,52.0,26,11.96672685905584,0.9081212227177187,23
389dade9-eb0a-427d-9a21-a41f140131a6,negligent,0.9964736893348816,0.8854745519176153,0.6594787281380542,252.32939773060468,0.14569710811866393,0.3422926198622659,173.0,27,20.4580060642461,0.874998815801158,20
6ef638b9-081c-43e7-99b9-f211bbb80818,negligent,0.7131408874491525,0.6447174737750886,1.0,178.75334098625402,0.10925657897216702,0.4669707848423912,51.0,23,38.00875606362956,0.8934786595617595,20
5943a30e-d017-4fe8-a03a-83586471c132,negligent,1.0,0.8735462960336697,0.7660040811064115,78.6204550949674,0.09754751393065582,0.2762155867751076,93.0,18,48.97916845117689,0.9369395394377646,21
0994ab9f-bf12-4d4d-b2cd-5d7cfca3b403,negligent,0.8997953978769507,0.562507357752166,0.6926931852933693,950.0246326785211,0.03209388458722479,0.8575523522843991,51.0,23,28.772925942508458,0.8718741726514643,22
954a4993-6100-4609-8d17-c2ea89d4c56d,negligent,0.7605944721444498,0.643969046825078,0.8876158277417442,126.6553815192344,0.08725091411783933,0.43292220748381566,47.0,29,51.4500695974346,0.49768484989053213,23
ea32a7e5-c1f6-4af5-97da-fff1cc8c7b3d,negligent,0.968501120534085,0.9267471144672326,0.6150210475066251,308.05383454530806,0.08292998025313474,0.6472125514882787,48.0,10,31.89764637757181,0.8194236399819678,20
daca8542-980c-4cc2-94cf-dcec6c7e769b,negligent,0.9740304132165675,0.6284868494197484,0.913996588442517,376.8024421128223,0.0971240943015164,0.2594440013934069,177.0,22,41.64394365686466,0.9123175845012462,21
81207c22-70e4-4ae5-b034-2c68665f76bf,negligent,0.9385149535881606,0.7872645030420493,0.9888970517193015,63.68262612019394,0.14777648880495084,0.4483607003044764,62.0,26,40.03017784000097,0.7309578123203995,22
6a2febd0-346d-4b9b-8ca9-b268e2f0cb7f,negligent,0.8026191811967553,0.9489870092936498,0.9323784626586753,543.7656134476565,0.07817614119267442,0.6230542685536723,78.0,21,45.65934780895968,0.6958395006885346,20
c8d0b75a-3713-498b-81a3-69a4dd99bce4,negligent,1.0,0.9112856323800931,0.5819805165549595,124.93888078236603,0.13662211785476733,0.4841494291418446,185.0,27,52.80582732407264,0.903171596138439,22
40705044-be08-49ad-afeb-17c98207f2fc,negligent,0.9957281314334764,0.9158131013260093,0.9276380302731076,229.31874603111243,0.1446674714006291,0.5198281432135109,118.0,22,32.0628676826444,0.8234141657221413,22
92045290-68c9-495e-8c59-4cdddad32d04,negligent,0.8697938033685334,0.9261060781417787,0.5538409943178374,438.79517836007443,0.0462209221437583,0.6944681715845756,161.0,11,18.478350782488633,0.9561475415816035,23
eda0e3e2-6ea6-48a9-b8af-af28d569c0c7,negligent,0.8574940125132595,0.5728185012063262,0.9358002432357796,356.6181907286483,0.05678401614601708,0.32895531629287444,101.0,10,29.04032180733874,0.9835556370345706,23
453cde7e-9644-45e5-809f-b97ec9bf69af,negligent,0.8693207105684568,0.8332275996943115,0.7513201171038812,488.9470339515654,0.04456375126704927,0.6036042091036289,105.0,29,5.606870302464767,0.5590637165457343,21
88b4a0c6-e5c3-4932-a6c8-37d244d02a3c,negligent,0.750050382289979,0.8665175630653348,0.6426926233089043,87.8379102323434,0.15844019506982943,0.5984099423829154,142.0,12,24.228466659627145,0.537477905388223,20
c3bee547-2f76-4f2b-af04-672cacf31f46,negligent,0.8630950486264765,0.47001848592791357,0.7054552989441124,232.51246952450776,0.02106024408167477,0.7661105149142963,122.0,12,46.7768209411342,0.7183070455226498,20
b71a86b7-ac73-4606-b5dc-2bb07b0a6ba3,negligent,0.936211555315776,0.7900575407320489,0.9118773677909577,234.31521767763968,0.013066452155845223,0.4136869103544706,58.0,13,51.633271464680405,0.7845932967412953,20
112c6de8-7a1a-4794-8ad3-1cd4b94b2587,negligent,0.9620333438858071,0.5004180544077452,0.8769024945866127,130.095820884392,0.22443913120691988,0.19447835721428033,109.0,10,13.024102769612455,0.81168015860997,20
4d044313-7a8f-401e-b009-675bd9d26370,negligent,0.9964075448832177,0.8341117225382901,0.7931254167760646,225.89254736879178,0.03906341947407304,0.7502160418137006,181.0,5,21.490072521060963,0.8407064599595758,20
7ad8c3b1-52ef-4a04-bfc6-7b91a7665ab4,negligent,0.9878348551517011,0.6680322907641661,0.7053595629983265,72.35562155889227,0.21315135631979504,0.5619715669617066,148.0,5,43.14756505779776,0.7958319150356923,22
33d90371-6da3-44f2-b6f4-f736e77bfd78,negligent,0.9026486236963384,0.8168881084159922,0.7921966065017657,157.29040327881168,0.0859230062336899,0.38746903850091785,76.0,22,42.249399917351454,0.848080283196014,22
7a4f0ff3-5fd7-492b-a799-fbff8b6d5e11,negligent,0.9407755541754471,0.8540117378587513,0.6829871335811103,132.07591771745848,0.09856649772208755,0.7253737396156636,56.0,16,47.55274361809151,0.6938912628579985,22
3f642225-8b1f-4701-bff9-4114a77bc35a,negligent,0.7962697308634543,0.8612238693130255,0.837650253521944,293.2723133412104,0.04703783040904946,0.7814029525389915,55.0,16,28.38031068118938,0.9310151528096811,21
ce5c908b-8454-4ceb-95a1-a9bb68393e35,negligent,0.9615765410983238,0.8705204916235408,0.9744280894760812,711.3990930550858,0.072229882067739,0.6686519769902484,131.0,28,40.166817621516806,0.7562930006682042,23
3c9a7b9e-0b99-4e8f-bd2c-5b7bc5a05601,negligent,0.8171100436854033,0.8222900232935697,0.7991191434168166,118.24925446425368,0.10927533081035078,0.7577463264697724,75.0,5,18.83835828468419,0.8989743101637258,20
6b81a4ee-5d8d-45a6-bba9-f2515edd3509,negligent,0.6666558166405769,0.8584832699829824,0.7165357668594888,171.00006001266976,0.12485022206328614,0.5541296943458178,108.0,15,40.01930135101742,0.9365641794463757,22
e7be858a-0adf-4604-9593-a27b4a9338ae,negligent,0.9656227034812886,0.8838214043818063,0.5869445005901921,60.81352660030924,0.13246576665259258,0.3878494288145533,109.0,28,30.60033799061972,0.9000217842453211,21
bd527bbc-bb91-4040-904f-c4f5294843a4,negligent,0.9480022855302287,0.8378833946825583,0.5951278805262062,324.5228024347724,0.16785186181220876,0.4445170713995064,116.0,27,36.34445352601842,0.898803834337914,21
67524d3f-0c1f-49dc-9758-20b45ac4b9b1,negligent,0.9089073712214091,0.61658174595821,0.7507297758941228,177.57073277959194,0.013526782235435303,0.48630638954134214,121.0,20,17.902212780439413,0.7703819251473086,23
dbea69ff-8cf2-46c9-ad54-4a18dd85d30b,negligent,0.9786559765953683,0.6163821774866373,0.8418618794152999,128.38147848349922,0.22192799916343364,0.22971563130055722,64.0,16,22.650908709308695,0.8340194695799592,23
5fc95da2-2ff1-4a56-9700-9c00542eb2fe,negligent,0.8191980348766256,0.8523452286667312,0.6540209666358536,315.96211393488534,0.26442139043469814,0.6340768336200147,96.0,9,47.591374709315744,0.8701662160861701,21
0759b94d-2392-4a69-9902-3ab68376b35c,negligent,0.926910149540381,0.8368803209988764,0.894969318909961,58.08438419807574,0.07775336002734828,0.5813974644011016,87.0,14,65.59497387717701,0.7299192129299205,21
0c69d130-be70-4650-98a7-f84ca420a37c,negligent,0.8442909936601608,0.8377436944921036,0.7364672509866744,196.73961979280102,0.2619752423060785,0.3202137934803546,133.0,24,8.710022804130748,0.7591678220964171,22
08a6fad2-7da3-431a-8f62-53c46591e9e8,negligent,0.8160085958268775,0.8469141392399223,0.9233813531975376,37.96867460498541,0.009358483890758445,0.5411131023497782,175.0,7,32.80725415755788,0.8015940644999796,21
e6233b3a-25d4-45ee-b188-11e7f6b3aae3,negligent,0.9591819419687249,0.8769095854959418,0.6015211885272934,208.14616195974241,0.13370965183267186,0.5240738157907917,150.0,26,57.5956973705738,0.5698454519314697,20
e67bac08-9154-4fec-b3ee-c5d9703c4f8e,negligent,0.9842689446898489,0.8215645693766553,0.8019035866682162,50.62781961338914,0.0,0.3449175884363834,106.0,27,43.81733228941909,0.7708303364671873,21
d50cd40a-e93b-4216-9fd7-c36b267f16b1,negligent,0.7745723538151311,0.9287309336987872,0.7252426641911985,330.86578102875194,0.008768744540549645,0.6472678181510862,85.0,16,40.496531314585965,0.7940198234545868,21
8c35bab7-6086-404e-8505-71653db08f48,negligent,1.0,0.8535411399134526,0.9762749700944816,132.7076624803035,0.27344139905117165,0.5400310759119381,60.0,22,27.675252525877667,0.7387328417355175,23
bc47f780-ed76-43d8-a51c-c9c7e9f4dbc8,negligent,0.7921856584847958,0.8075631787356403,0.8928833230559625,212.75196338579514,0.038706780707204784,0.5073420633030998,78.0,28,15.670433145340482,0.8800020495335157,22
484cd761-f30c-49b1-ab9a-c944501bd017,negligent,0.9873938453051652,0.7347842621920284,0.5820327611763241,288.1721914006986,0.05441272158536406,0.3436172209523642,136.0,24,26.128260962649648,0.6745851060399691,21
ea3b9996-3b2e-4411-97bd-e691bb01cfbe,negligent,0.7691702449267148,0.927314535149723,0.8079068985177302,189.75632712540065,0.062280235240462986,0.203392520420241,159.0,13,55.59154811007214,0.7813916369555884,21
59025757-233f-4cf8-b1f2-29632d22c375,negligent,0.9802784603069907,0.9271039223883597,0.9421001585817446,170.26954508509235,0.06879183350798213,0.5378066104022254,175.0,20,9.484067104073361,0.5233370924170937,22
01b589bd-f101-4e65-8aab-cd567b7b6baa,negligent,0.9474341864374418,0.5829709693069061,0.6537557252062416,254.4205317561662,0.08283656770188433,0.6921457884430796,88.0,7,29.836075496706933,0.8620718936816835,22
7511e317-83e1-4a38-9122-1ec40eba36d0,negligent,0.965159495350278,0.5368466510715704,0.8334572999534687,270.26333671469877,0.05284945500604459,0.7258579329175275,144.0,9,35.668248256903404,0.7311571329976274,23
1fda7115-18d5-4e95-9467-aa9d3a3d8d04,negligent,0.9585750638399646,0.7809830334053666,0.6248392022894121,413.4795555431764,0.17467767269405085,0.8546332225900259,157.0,15,46.433260798025515,0.7423619428906707,22
34acf8af-ff53-4e40-a2c9-70555ae4b70e,negligent,0.8047341033229786,0.6793089701847218,0.8459044366593014,495.30286166338954,0.12140951026519725,0.5519332602088968,72.0,20,40.61336548715847,0.8954692608954272,21
97e832cb-a5e1-488f-9163-7911e435bf3a,negligent,1.0,0.7748288840301383,0.6779713901286936,316.5649070681028,0.08524182453316169,0.7621878023056426,184.0,12,34.128900257184995,0.48854686954506255,22
3a8a3bcd-ddc4-49a8-8258-faf2b5bf266a,negligent,0.8973292541061878,0.7629889989890017,0.7578556582690856,394.4973307061575,0.013670891677659763,0.3996294487193072,174.0,25,27.98206773784033,0.7364457357355274,20
718f8132-ff37-496c-baf0-0444b5cd019b,negligent,0.9885041081603131,0.6455236915903104,0.8030512837585896,154.64476257859346,0.14769715845297393,0.3651746068003337,149.0,5,24.752932598912828,0.7587942289665487,22
493956c9-dfa1-42c5-863c-8e2c256503ca,negligent,0.9525863377039058,0.6779298691458947,0.8933073947075137,355.9682418458941,0.1555828270563272,0.6861517982062563,46.0,29,35.850202029614046,0.7654605274739734,22
09a8b6fc-1e37-4dac-a52e-beae32683ac3,negligent,0.9773587337434396,0.6860588346098819,0.9077236839256126,236.52902874816533,0.0,0.5007523801653362,174.0,13,50.084878610982045,0.7628560207418699,22
d1b59f6d-5d7b-4312-bb23-ecbb5cfeabec,negligent,0.8974678774923799,0.6066961251668244,0.6429109523833758,320.8515244098098,0.06936803919765364,0.7098390157245955,123.0,11,44.41253430206562,0.8488797700467583,21
7153c59e-6f3a-4b29-9a50-4f64d21291fe,negligent,0.953842825410472,0.804148100959265,0.8996838393294694,262.4838280149695,0.1425518951058866,0.651792522155122,66.0,25,21.057468242904864,0.6768218522719581,22
11810c62-7cb2-4d68-990f-80c606b9863a,negligent,0.8403431238972573,0.7915212084893561,0.9358312718267985,164.71685875427704,0.12276343892673176,0.43620808139056066,187.0,26,14.875454246434675,0.7471946491135335,21
284d7fe5-f9bd-42dc-ab31-d7a3900a643e,negligent,0.9871665368607481,0.8150679278673353,0.8422817570248803,246.60589987118942,0.0,0.6543888211198946,186.0,23,24.87404569237047,0.7543182409604641,20
5c668905-2d54-4571-9b6f-eb7626840ad1,negligent,0.7411676159960929,0.6913007072495856,0.830422279469938,244.59555630802598,0.005300365844999003,0.5028469943965502,159.0,29,42.8023986162199,0.6648565102781421,20
f769d7a3-72c1-491b-b893-01d8a3ece3e3,negligent,0.834440794608557,0.9019167536119072,0.8989444739111249,210.88815410436027,0.12946977810752183,0.49887866875312276,89.0,17,34.46303881734498,0.9294774833189061,21
57ed750b-750f-42e2-8df5-5db644e9f395,negligent,0.9618443953481961,0.7396949493264522,0.8467470144125818,191.77010944330124,0.023830950941655476,0.5521227535578697,86.0,18,23.21829301954594,0.42546115650209787,20
a023fe86-d234-470c-a572-199512a3caf5,negligent,0.9765998462708626,0.6401022404372807,0.6114564856478647,119.48833503434977,0.0,0.4351974807600136,59.0,10,23.056417167657834,0.7063462014971965,20
2c41c79b-a66d-486f-8bf3-46fd62af1b9f,negligent,0.9166109262018785,0.8026097228453044,0.7819622985254115,261.22831043203644,0.018230995516473135,0.47305260988800324,196.0,5,42.50913531602977,0.6443078215505051,20
