user_id,label,warning_dismissal_rate,risky_url_ratio,avg_risk_score_on_bypass,response_time_variance,heeded_rate,download_attempt_rate,total_events,session_count,avg_session_duration_mins,device_risk_score,peak_hour_activity
0dca2f74-21d1-4aa7-bb06-98acafe3193c,cautious,0.43901344196708647,0.06561125154891097,0.010553672951852111,18.455044366224868,0.8441864505721657,0.0844514867659664,73.0,4,28.495971825921483,0.12552159030420082,17
31591c77-a330-42d5-b5e2-8f8a279aa04c,cautious,0.18776702527891634,0.0,0.07597458446635472,20.577096436403973,0.8653468594571078,0.04838214627819486,67.0,2,12.50496451102112,0.05561774609824273,16
4fa97346-4bcc-4d2c-8531-7583159de021,cautious,0.011865207090457033,0.0,0.02378974493120898,93.19219194883526,0.7478726885432005,0.2633460113263561,56.0,4,14.723478128231553,0.06140958853903268,16
ce56846a-c867-4f97-acda-e1e8e0675508,cautious,0.13091371834451443,0.1305803329509888,0.045325190948576136,68.74043975156209,0.6536569921658946,0.22438293550160476,16.0,4,22.144922802090647,0.2922710713422192,13
4cf2ed2c-a2ad-4016-97e9-566b69a88349,cautious,0.04090711288891254,0.10511263559429507,0.03322958381886315,43.003423738358066,0.9133722663104883,0.0,12.0,3,12.222690444414292,0.03786641546370428,17
fa658049-0810-4171-9e6c-757b04009815,cautious,0.12130441559189957,0.06444460960372371,0.25350373426474526,295.8808442019735,0.9626526912782535,0.13824406859192628,21.0,3,31.62893519125002,0.2848411878303986,8
c809f3d0-8b49-47cc-8a7a-a88baa85e219,cautious,0.12355682485568645,0.10586695213727443,0.09013744081520239,32.79571328793537,0.8543822568231099,0.16533606264630515,49.0,2,22.462114798299126,0.04341944066514176,10
b112ecfd-ba1c-467e-bd95-fdc9b008f03a,cautious,0.0,0.0706380190622654,0.1452292429991414,105.2040689872512,0.9292485251721412,0.25574572189499234,20.0,4,10.264228346807917,0.16513702547946027,12
58c69f40-bfcf-44ef-8d8f-ac2a16b21077,cautious,0.060180345610106364,0.20602036604486879,0.058593258622260815,69.91332984784431,0.9858120292862795,0.21763966232717766,13.0,5,24.101126389860937,0.11646517329753661,17
95e6dfde-b2aa-4a37-913b-13a4da178d60,cautious,0.035338975680504335,0.03528068215464136,0.05901434650813282,163.07999757288587,1.0,0.18715781956827462,31.0,3,41.77180964436456,0.11760307646891402,16
935ca131-325f-4a16-a62c-6fc9ea0f44cc,cautious,0.10494368964357452,0.2731587607339789,0.0780809276031804,114.49106887925615,0.8066320940944496,0.14427926329498536,31.0,7,30.01765074235722,0.07211417136571133,8
5934f491-580e-4d5f-8a2c-a268ce75a771,cautious,0.17331353245924713,0.0,0.11155860049789083,29.42196254668203,0.9161909164191069,0.0,65.0,3,30.73572381785112,0.01897455211894895,9
cc51b131-8ef7-4f08-8eb4-b05171153c45,cautious,0.0,0.06759990141432405,0.020213812308646092,56.900629475476535,0.6441111214385892,0.03852365046318327,21.0,4,31.587623623729613,0.23371384192468497,11
500b68c8-5398-4d77-8822-36f32d5c4dfb,cautious,0.18332174016972796,0.030464961989279477,0.17999383472674782,108.98717199257626,0.8602843372789246,0.14052177975663102,50.0,3,31.355748955839235,0.03235249807184894,9
acb524c1-9fe5-483b-933b-f03561d3d19b,cautious,0.10153026676365168,0.004426714676803237,0.0,131.57704380682006,0.8266980000336711,0.057197882835707564,75.0,4,30.157449802279633,0.09652703162565483,10
6d8bbd3a-06f3-456a-a07d-60a3c63870b8,cautious,0.5237786754863524,0.029861688854456028,0.06020145611512718,155.66002480063221,0.9639935482658659,0.16201488326396116,52.0,7,29.873514650679006,0.0018936939142752184,16
1db987d5-3f64-4168-80e5-6bada9ec320a,cautious,0.14272462360693336,0.03771232417334687,0.3453218614936882,38.9665179818287,0.8830084850498302,0.0003793918675024672,25.0,6,35.0809003740223,0.00040954231477505074,11
4331e8c8-b3e4-410c-ac2e-38231397eb00,cautious,0.07755217997293151,0.21010881667585218,0.04132942341929363,65.34587244018957,0.9498612150017306,0.13074319942895252,71.0,9,23.633312445277763,0.06072494162489109,12
5d466453-0dd5-4f2e-aa23-7963cebb40bc,cautious,0.0,0.040111880092090706,0.10384859049077375,101.59793341075536,0.9232086953891845,0.0,43.0,7,26.001367425214635,0.16336574630976486,11
0002c270-973d-4a5f-a26d-a2d6e947847a,cautious,0.11244028950884186,0.0,0.12525999966873788,67.21657745412092,0.8928767099342179,0.04730336125129894,52.0,1,21.75446693074914,0.0076064401391149105,13
b9910135-d5ed-4ef6-adc4-111c8156518b,cautious,0.16328745309301818,0.22079949920352715,0.030781998292675906,38.682760019932836,0.9266297353762206,0.13767948955939224,22.0,2,27.42032387243734,0.025896253616148654,15
5d00b85d-63b9-4952-be19-099c724fee46,cautious,0.09018484994269271,0.3265893520659642,0.011988987013135418,85.48320595226483,0.9924764556414405,0.08518636505964959,78.0,1,28.482512321440417,0.001241461116225304,10
89822074-1642-4601-88ad-13a4d5371e8b,cautious,0.10655557427686133,0.4585713787815208,0.1463401595291206,221.62478297333897,0.7970654267299584,0.0,28.0,6,5.0,0.15869226006592552,9
08356044-cf07-494f-993b-0cd45e858e7a,cautious,0.32625451178556547,0.10001992002537069,0.04382944179149249,27.00763444939824,0.9094187661755001,0.27457231744180566,79.0,6,36.443339987217996,0.08520138395130675,13
903ecfc8-6650-44a0-95d9-3049843fadbe,cautious,0.01986002121493077,0.3317123853306248,0.12474412658300474,156.9809770065876,0.9811913190143657,0.3009050033621308,68.0,7,11.008311317683567,0.145798855907996,8
547fd170-f58a-4c86-a1d8-ad24565fe2b6,cautious,0.17159787186748982,0.007742890904426945,0.0,27.274802172794306,0.9130562401999247,0.016473819395537923,19.0,8,35.3732007636404,0.03621374595144012,17
2322de59-8a53-43ee-8207-bb86cba9e962,cautious,0.017962356948562595,0.0,0.11486672787348011,56.89043528773172,0.9478024963615255,0.1469954155686414,25.0,2,28.140877024862505,0.016664236346966562,11
a91a1adf-3aa2-4a04-8e31-df97c1f231aa,cautious,0.21151944512598542,0.0,0.14519940869871062,93.21532847034949,0.9384015905341051,0.12691121665127716,18.0,6,9.923213461393471,0.10545619570499687,12
2c962cab-daa2-4a64-bf7e-564448d759a1,cautious,0.0340214524476432,0.014648414951150067,0.0917804908702035,193.72489606060765,1.0,0.06424499142102966,65.0,3,30.007671505985883,0.05941615638627582,15
8bdb39d2-a876-43d7-9944-465ff679999c,cautious,0.051133328731683844,0.0,0.028134059325091748,32.1621930116696,0.972943350186471,0.0,66.0,3,24.301780493333432,0.1597026233383259,9
6fc251be-a5c8-436d-9e89-f303cb6469e3,cautious,0.05990271523532961,0.0,0.07286571253052228,245.24715326235986,0.866647512932006,0.26902825569249134,51.0,4,12.237656955027749,0.14092070366916012,16
2ebf9f92-18cc-4bc8-8b0c-6be33ea3e0fc,cautious,0.16618945602213542,0.0,0.5675702086624554,212.08641084206627,0.9886037921630486,0.33764189796923283,74.0,9,36.510263917946,0.34802947773946324,8
4089f4e5-f32a-42cf-acb7-4abc85fde940,cautious,0.007149070948434512,0.047451626805155016,0.11011853708778271,41.61673897117814,0.9408058761148143,0.01471896822536646,69.0,9,8.42260501658913,0.036778848687607314,10
10f524c3-57fd-4b5e-b39f-173c9d70eaef,cautious,0.15541384112589193,0.05282584961618339,0.03206823239619086,25.507188174632727,0.9252297209345466,0.0725202847002992,44.0,7,30.088573316185105,0.04724857195124873,15
2e8e3829-e486-422d-9ec0-b0b048d7acfd,cautious,0.0,0.17150444932832584,0.08001278792097852,18.096304834528816,0.9913865429496086,0.14600843363457824,72.0,2,27.09693031015872,0.1985569630703212,13
8838f626-20e5-4123-be10-9551b01eaad3,cautious,0.021297870216444338,0.08448380064823964,0.10014346207397595,84.2473452703155,1.0,0.08265426336312888,61.0,4,23.72878312310394,0.005634487190423025,10
3a988d9b-a5ed-47d8-865f-3635c7951004,cautious,0.05250831290210634,0.2495234929365177,0.04615942467196839,133.0808161733027,0.9209148637643286,0.015937733627431762,37.0,5,20.247587883494027,0.38471919799906834,14
059637e3-eda1-4282-bacf-b407909b765e,cautious,0.17968818551079557,0.24904689542356154,0.10491787072053971,211.95756675195972,0.9700953973305483,0.0006198541014045753,25.0,8,29.85580873904535,0.030237732315635958,13
d6f6c652-eb4d-452b-9ef1-7ecf238f32f2,cautious,0.01668135814302523,0.02255252492520255,0.08050137135285748,96.11207305334807,1.0,0.07392225280535723,71.0,6,36.36509702223907,0.02963348404494526,17
5f08f856-1627-4255-843c-2173157e4d07,cautious,0.013984918869344729,0.043985082512667605,0.022109738892559978,116.26516642030347,0.9016091546784513,0.0112629221856963,54.0,2,17.993994150179176,0.20274131632948575,12
9c10706b-b44a-4483-9cbe-f1ae3f3d85eb,cautious,0.19313078385499582,0.05388621286065461,0.09315654481888813,29.64830061015627,0.8532804587845222,0.010044481186195987,23.0,5,19.782379975264064,0.018415533858286093,17
bac1b944-d1df-4889-a246-f8fd2961939c,cautious,0.040972089155967714,0.3145056600256416,0.0,41.74836304210325,0.9208718682625854,0.4719699860476279,68.0,5,5.6261137739594425,0.055024515481926224,16
885e1461-b58f-4a2e-aa27-3852cfa9b48b,cautious,0.17793675471249304,0.15969576926926957,0.16327393017065905,314.405165343502,1.0,0.05607974766350958,59.0,5,28.836525791710102,0.13864116271120122,14
99c3aafc-03c8-4312-bb6c-567e4d37a856,cautious,0.09654731201989114,0.0,0.06147332833408269,240.6460871976732,0.8718846360946775,0.052854947846935244,58.0,5,18.08028973118617,0.03902499421136868,9
455c3e1b-7392-474b-abf3-e69e25642e10,cautious,0.12187045777269964,0.0909062260956671,0.0,62.145687119253324,0.923691004761992,0.22423261239820014,11.0,4,19.93304487274758,0.04504154645954379,9
2a381396-f309-49f2-903c-4917c961746e,cautious,0.06598855940846723,0.13752728166083178,0.007659023613540809,111.72617040349463,0.9703098972863644,0.28578079669860224,73.0,3,27.179619574860762,0.0678725173392996,15
deae8ac8-5ddb-4bfb-880f-51237b348725,cautious,0.05589217806986882,0.2057286590979001,0.0357178399778932,159.8242289215778,0.8894883093001347,0.1302707944725296,74.0,9,16.226185199318486,0.08704271617007915,15
572f0495-a07b-44b1-9909-a98e2413dbb5,cautious,0.0,0.0,0.08156363269508586,54.66999668361184,0.8803674442663864,0.18676277865007687,25.0,7,27.728735413519594,0.22883318226787586,15
9420ab55-1a88-4b21-9dce-363761af4187,cautious,0.052748239289022635,0.0345710591428989,0.10258481119036869,43.28077898435416,0.9209189099734945,0.11516756771013191,25.0,7,28.7403885797847,0.01589045492597033,8
e5586946-bdd3-4620-b333-85e65e0051f1,cautious,0.13730951500700775,0.014157100171882998,0.10582215719373239,90.48454712385755,0.7039239410997399,0.03226420812416558,75.0,9,21.195177985339168,0.1409383886591887,16
d29be13d-fc52-430d-86dc-89d747a94962,cautious,0.33511068792171883,0.0,0.27842611779532467,15.219870014427036,0.7586281078874081,0.021202676023461105,36.0,2,26.96993577335935,0.14360714448940867,17
47c875db-b8fc-4288-bdef-bb7f8395fc03,cautious,0.04971552883896073,0.11168484193679316,0.0,8.783586327022896,0.9058540043174168,0.03350581488119378,74.0,3,33.67950434111332,0.03646970683481326,10
d880eca7-605b-40ba-baa2-37b41b04b5d0,cautious,0.1442241569594637,0.2501039050460848,0.2461204926219981,144.79703754193505,0.8438418238792706,0.03545372207398316,28.0,4,18.02937858963347,0.003385588902864451,12
a1781a05-a2d5-42a9-ba4e-93f755f6cb53,cautious,0.04933307087199261,0.22371823252347253,0.1011503260635401,100.45395702551183,0.9083630918270638,0.16438641621379024,40.0,5,20.74508247981683,0.06554426214798989,15
9d9836cc-0426-4e34-8a0f-d043fc3b4b23,cautious,0.06910176200261482,0.009746379930213836,0.0987125658234794,51.742085166671316,1.0,0.10644815515051534,10.0,2,16.175625677962827,0.010138220187373351,15
05727c4e-1f60-4d3b-be54-e0fa8eb4017f,cautious,0.1950440067679719,0.18148088495011833,0.16972118662765986,29.535387224899306,0.9330925749241512,0.039770601558324264,49.0,9,25.775801480547806,0.1745396481982555,9
b076733f-de68-4583-9ec4-d742651607a1,cautious,0.20746185549519308,0.0,0.08043654532112618,104.62344482549821,0.9178921304941693,0.2094173800262215,50.0,5,34.444036603642225,0.07184564160220597,16
93a3fcf9-6d21-46ec-a223-21d58ecdf8ad,cautious,0.08344480146664694,0.0,0.08833265657364572,193.56457816849291,0.8728070186452882,0.0430152244949982,21.0,1,17.907466131936662,0.03099403097516997,16
314687ff-90ed-4367-ae7a-6a31426790ca,cautious,0.08543165920349939,0.06249811546375403,0.05346887444561088,165.2319923483562,0.8683392394525214,0.183497196958561,32.0,3,27.742524613064045,0.15753688239632402,14
9ce1ee5f-4002-47ba-b531-24c6888d4cf6,cautious,0.04293545238749048,0.21011522189734003,0.04159432829260537,60.54850462521798,0.9148775581819052,0.1449609493534207,40.0,8,28.066931756389764,0.07567175400239727,13
c80beb2f-67a1-4665-ac5b-4363f00847a7,cautious,0.008831111358780307,0.041403754448258605,0.00998243226927563,106.94640926409878,0.8454424350851965,0.0,57.0,8,29.48842402814896,0.0826610119468374,9
1ecfb0ce-ada9-495a-98f5-03b6bdce78d8,cautious,0.010651089392695105,0.021725279498474144,0.061165717347457155,112.51697581672089,0.9337710515314326,0.01485101489384949,19.0,8,12.78771322684202,0.12287191347223225,14
7681bdb3-f24e-41d1-a41e-62543152a04b,cautious,0.047781742796916084,0.194445550834641,0.032139645095389066,49.78438059384002,0.8763322654567498,0.0,18.0,5,12.432691394824074,0.02808172451218548,9
cea38512-b955-4673-a73a-0322bbda4291,cautious,0.12510992197733795,0.10269642640793995,0.017272580473452717,53.3484060925868,0.9452294114166475,0.061995366915149216,51.0,8,19.3465985689623,0.3119769277171153,10
4ae12b2d-f7dc-4102-911e-0d07a3e04b72,cautious,0.1445872088113481,0.09892995981918436,0.062277853887676086,44.33741026568494,0.9293441753533609,0.033125017868121207,28.0,9,26.394308912894687,0.15414302788405862,16
ee875121-e6c9-44b2-8e42-25a99f526a9d,cautious,0.012930827007389005,0.15892869420266525,0.043055655186275826,122.74844332342063,0.9349163800909595,0.053046486489386965,39.0,1,11.85313743334891,0.48247711591720993,11
bef9a7d8-e0d6-4730-9994-1150a40c8240,cautious,0.1264613364312551,0.20627758601918514,0.0,3.830111167859618,0.990974797308244,0.06813473282795615,45.0,5,33.99482832121315,0.01732917811453266,16
5ce72afc-ec55-49ca-9dc5-3a9ef797a2f1,cautious,0.007123141869823914,0.1817946472301655,0.15878949629403097,98.73660346976365,0.9449215944198871,0.018483513140772796,36.0,9,30.139963671836746,0.1167858752604844,14
c4e2d068-ca10-4eee-9e3f-891e5bd7eaf1,cautious,0.028985568599846506,0.017893345674576983,0.0,19.892021312401297,0.927693541994198,0.2323393275240185,53.0,4,33.221225018880226,0.03497119778544099,13
20e70fd1-130d-4667-9437-9aaa5a9592be,cautious,0.2929082570773348,0.12557565419541344,0.10810181079626308,90.6985903859812,0.8706598208536251,0.14358537091600215,48.0,3,25.954691032209187,0.3226608751496108,15
0bd279f5-cb83-4a1b-b203-2a1f20b41885,cautious,0.0,0.11638822969696776,0.007029887214241765,57.480144354435005,0.7803756999911113,0.08068946989947046,54.0,5,20.25334476444745,0.07972567384735302,15
a0153b0d-f761-4a51-bfbd-d9b60d7d3351,cautious,0.1388195744017012,0.057071968093948273,0.0950434149056298,220.59661973940817,0.9395340057726661,0.1631686338470062,74.0,7,12.580260398850996,0.024409054583222147,12
26711813-fd9d-4d2b-8161-bd8904694d68,cautious,0.0,0.03608850195344896,0.09902205691738572,227.85960609792178,0.9831129885715035,0.15594586564867877,75.0,1,24.827543730129637,0.0755751241196035,9
cbcfee9f-dbcf-49c1-865e-248e54e4bb2a,cautious,0.052465011569803155,0.09981096928840115,0.15869490808364656,73.69807520003341,1.0,0.2247392838935292,63.0,7,20.883211656547367,0.031135060458323472,12
87ed0e06-bed7-4802-85c7-d770f444b096,cautious,0.0021048971906221904,0.06054405469555161,0.11015477603299588,186.5651243976436,0.8266662216631325,0.06892806510627417,32.0,4,19.88363391722252,0.027698223221346435,10
9ed134db-2cbb-41f3-bf6d-e1751b35a79a,cautious,0.09316258623618998,0.0,0.0,26.651954163626908,0.8976180242325379,0.028592831074819698,37.0,1,22.686070305006254,0.009055914034516655,16
43eca4f1-806c-4643-92de-6aea6bbf1e22,cautious,0.026070518367175367,0.04339931970353779,0.014388373122974234,127.66123028566238,0.9794171343594807,0.034280511171915225,64.0,6,22.077905292648254,0.03177858458804408,16
a2e6e5d0-8586-4c04-b026-a1d83913536b,cautious,0.06557333467149372,0.05734506293171025,0.14316219860024598,56.64046732477696,0.9275713466037007,0.06553871798430384,47.0,9,16.056564942916644,0.20074660716991274,17
3e7d2a95-923f-4d53-83ad-43cab94c3e77,cautious,0.07381490214711477,0.07247395458599479,0.21122578144590512,130.39325836683585,0.92953028190906,0.0,26.0,1,45.12884349764919,0.10905095905415574,9
78818b60-d661-41ec-90d9-9d915bfb2dc0,cautious,0.0,0.036270679759692906,0.12455559856766676,180.57338658057162,0.7778237853683204,0.10452706965348306,31.0,8,22.085404951835166,0.0639870219848934,16
e569a48b-7c66-4093-bdf0-99d3964d3cfd,cautious,0.18825614678070332,0.13232528840246863,0.020357569438945795,153.2160549710266,0.9603553193259051,0.0,59.0,2,7.739737092250255,0.03175634718799303,17
ff252c19-b6c3-49a1-9d4b-2fbcec3c6fdf,cautious,0.042580365174608815,0.09172963361207478,0.09443675281376392,14.705334800008377,0.8868130617421148,0.13376164501426793,46.0,2,33.715643298166256,0.10012165860483649,11
ce32de9b-3b94-49b1-869f-307fc42e9296,cautious,0.0,0.03707877949849257,0.31909374483544584,97.72384677369838,0.9093119184281485,0.0,30.0,4,8.189476408047284,0.028912996266399774,12
52500d8b-9caf-4ffd-825e-9722884adcc8,cautious,0.17607025117168773,0.11774679607550068,0.08011458844784693,234.12852539061544,0.709684876376137,0.0,44.0,8,33.74455407933438,0.07872721895919187,8
4135f344-22a0-4846-aeb9-914696a039d0,cautious,0.14526754622225918,0.11102475850172415,0.08407076559148335,123.27754770970498,0.9063973489220997,0.08956892288639073,24.0,7,33.231527660224735,0.2345220171337688,13
fc945180-4a6b-43ad-9bfc-a5a5b8a8497f,cautious,0.0,0.014839188735018025,0.19803027497368683,23.00162267147539,0.7387190486201876,0.16282457718563018,32.0,3,21.051890967656323,0.18562658388402312,15
639afac7-0c17-4946-88c0-cadca1b8d288,cautious,0.0,0.06441534794223111,0.3095536105502161,217.37499774012923,0.8248313348571095,0.09989453168520065,44.0,7,16.89404968358098,0.10101994201526321,9
3e9eccfb-31fb-4c8c-99a9-6d60b2004f00,cautious,0.08217705827023526,0.06609172154884443,0.09209718199636227,55.460848710576926,0.9178036621201862,0.4127789975480661,67.0,5,26.368367439432316,0.10245642325979776,12
0e79c0ce-ed02-4d44-b40d-151bf40a3d77,cautious,0.09955992051059404,0.0,0.09470897618512397,70.37010134453375,0.6802241559747659,0.03973157579609562,66.0,2,29.508074633508883,0.48273377310697896,9
eff1e300-11c9-4dc1-874d-14189c6b7fd2,cautious,0.028147732846842508,0.0,0.004021247490204423,267.7224159352248,0.9633213756395276,0.0,67.0,5,25.601209809664155,0.08352472266702486,11
1a64dff0-1a13-4746-83db-29fa9dc95c1e,cautious,0.0,0.0871975593000903,0.1862749071909985,65.53123396403087,0.9426782368416261,0.12557103654715693,19.0,9,8.172069096616859,0.01653751851709144,9
6cdafc2e-51c4-4454-97d6-8bc32a19bf80,cautious,0.10609258938838376,0.09155245588638541,0.06009692462934014,202.69046968820317,0.960139754760198,0.04504074657834199,33.0,9,24.457871902701623,0.03834507820402066,9
393c9792-a2f3-47a4-9fa9-7c6a511f63b1,cautious,0.01675870439482374,0.06597295971204925,0.07405658198967756,24.569226119900506,0.944218365731514,0.3207541662244126,14.0,6,43.47746924851384,0.002839968217239851,8
0cac6020-2a6c-423e-b7b3-0a906f5b697a,cautious,0.1732485306142393,0.045017174518292125,0.1958543173641423,45.39063098231324,0.9800670360310285,0.09102391318564472,51.0,5,24.42102450102119,0.010756218050727937,17
6accb297-8e16-40a8-b4c7-e00e2863a6f7,cautious,0.12582945649180904,0.08200157740162513,0.023319931045038773,243.85296832129373,0.7445580097781967,0.3066712811011618,67.0,7,32.20312186607365,0.0513911217610097,13
a68e317d-7081-4a4d-9a2f-4d3b98885a35,cautious,0.027225541445524512,0.3239183790571819,0.08669510106872033,100.33537699986972,0.8412203207909583,0.09623832840183862,52.0,2,23.45185832649299,0.10503126289590191,10
a2ee2435-9b35-4c0c-a9b8-1d774103305c,cautious,0.09096583620170524,0.09460872156071869,0.0647946028714465,18.388395896326553,0.9817487386869553,0.01022004304437872,61.0,9,19.282811868677037,0.10613979416656762,14
85cfed28-2ed8-47da-83a2-42b603c639ae,cautious,0.004740273975151255,0.07812122364599347,0.022974476649189314,3.8894443041198072,0.9923181403623942,0.049919687520413425,50.0,8,26.30473585975039,0.018949063282684208,12
0b828980-367b-4cf3-acca-42881b695b23,cautious,0.18726998598531233,0.22221128703832824,0.09857193410880154,51.473597046313145,0.9349900961832024,0.016370583926990995,17.0,6,23.9037646762758,0.18895705301388763,16
1c4a8485-6fee-4741-8df1-db9c1008ff48,cautious,0.11318748169649888,0.0,0.09519192900290495,58.856241849467814,0.9499324374406908,0.005840065964944276,77.0,5,34.750566818191466,0.1280383162382397,17
df38fd7e-2566-4d9f-81a7-9b3dd8a204e7,cautious,0.011802615786152701,0.0637314230187145,0.1046645235007192,146.03054943712266,0.8487638309357082,0.0,46.0,5,34.16025785556098,0.12814660172589645,14
a7f4fbab-1efe-4547-a3ca-17692d5dcb56,cautious,0.05767069900934329,0.0,0.06882180125126025,52.50613750613567,1.0,0.11122400639042937,69.0,8,33.49390808965984,0.14683303023768754,11
7533d813-1f64-42e7-ad0d-df02a53e4ec8,cautious,0.040367347475276594,0.1226647920018173,0.02303065965417813,167.56202043400265,1.0,0.02500766556887063,31.0,7,19.23326054725551,0.1035225338415027,9
9de79a83-cc9a-4644-9a53-d7e0df8178d2,cautious,0.02744987730109642,0.08339766024283597,0.025849795624342323,32.37626421136361,1.0,0.007902068053975192,44.0,8,14.937668941241231,0.1853921745118784,12
4236c62b-d325-4992-8c8d-2c6849e0f010,cautious,0.017194715009347415,0.23280870916578805,0.14465697825762663,96.35173411886744,1.0,0.3362187434303877,66.0,2,15.023215733357185,0.22335869118270338,16
c4887d89-cfe7-413e-9b84-eede35f81092,cautious,0.237251118569878,0.014281797653742576,0.06353982318873358,237.35894768306602,0.9603002041890681,0.00798617738213102,46.0,8,31.894830880833766,0.016156140323071094,11
a27e05a6-a157-49e1-80a7-10e076227297,cautious,0.13541569670795175,0.014492187886591283,0.23891995460686127,59.392952743940995,0.9898832986268736,0.003345101421014667,12.0,5,16.013853180646457,0.012738229921394739,17
7eb5f7d6-42be-4c60-834a-11fa8c95d50b,cautious,0.08300316765116339,0.129581611727503,0.1756684781666768,61.592571822766494,0.8980960491058397,0.016020781558208026,31.0,1,30.840288107894047,0.031015268852611282,14
7f340729-0dca-4db9-96c4-720f486105f9,cautious,0.10265671449618831,0.15835235679443743,0.056128529988835815,66.41019320825193,0.9635141873426364,0.3012097437307659,31.0,6,11.591174768699396,0.008859118285935646,9
fe1ed85b-73d5-408a-ae5d-7e5010f61592,cautious,0.012904117235845941,0.09192460405870741,0.09172546482110755,102.12939831374237,0.9365324890433773,0.09829467984811517,59.0,2,35.09141170182554,0.10352419929505745,9
62bf2c9b-0720-4d2f-8c21-83389123dcb2,cautious,0.24056152710870737,0.10198140289435526,0.08668853463506207,69.30622301943318,1.0,0.01828699277664975,37.0,6,37.28656957541649,0.21219544893366457,8
bd991875-be37-4fe9-a1f2-ca1fbafab6a9,cautious,0.03165330229098217,0.02107365816940336,0.08952420962321272,64.17014397843033,0.8629445461592682,0.22433577100142893,45.0,4,12.541360030066333,0.35490880130843255,13
5a22357e-f17e-4b98-8f85-c497ba3b7b22,cautious,0.09210485528970166,0.04639922832177666,0.03181039624747313,206.6294806232698,0.9014908384469934,0.23958692967061634,77.0,5,33.69193342143742,0.2415111354106978,13
5e6b2c3f-01a8-42c1-beeb-a9287d54eaf2,cautious,0.007950517662298252,0.08356171811319005,0.11559157208733803,195.08740983625194,0.8865077677664543,0.23465894245699487,36.0,9,35.429257315214116,0.25432446557199584,8
d7ada439-9e09-4825-be35-1e95c79adae6,cautious,0.27901682351733825,0.2148522868380378,0.04200113331925664,81.12207345689053,0.6771216321265312,0.06178681158948449,51.0,4,33.54367381388806,0.0920289984985996,10
92529ad5-c611-4316-b6ff-0b2618af0b28,cautious,0.005778413670731567,0.12747630248949163,0.0062278083161169916,125.88767489230983,0.8917466359319778,0.12406630908088345,71.0,4,24.27597161154051,0.009685439078512787,15
2f1f3586-9e54-4d8a-9f6e-bcc6e6f0061b,cautious,0.2137510863512309,0.14896784773720015,0.15365473352311237,177.23691375970074,0.6277386574884458,0.022435258528140406,44.0,3,33.33870187922111,0.08155437908645902,8
6ef66ec0-9794-4e4b-a239-79b6cf5783f1,cautious,0.0,0.019260819310471796,0.20003174143513122,7.255078373331523,0.9496778641328244,0.11278634353485945,11.0,1,19.58389825090052,0.032190032335170135,13
e8f17740-efe4-4b4d-814b-84b8fb7bfefd,cautious,0.05193044008375182,0.22058082489209782,0.05437853472230045,113.51178947649537,0.9794701706956944,0.014177811046683777,13.0,8,20.253576871021934,0.028575736731101583,8
f268af3f-f832-48ef-8afd-22457b7fb02b,cautious,0.0,0.06469099344242692,0.09372202567566595,134.58515639998552,0.9725496924703322,0.0,70.0,9,12.820086120707492,0.07333552250552246,8
f0b94658-20e4-490a-84b9-671c1bf448e3,cautious,0.03851771531872732,0.0,0.014817043636014179,152.04955532178792,0.9107379001767828,0.03004589580576135,38.0,9,30.780678488265643,0.1262991034361062,14
3fb98d05-0792-47eb-ad21-49c004271b97,cautious,0.1460634213156593,0.1008613629928279,0.11576284317069395,60.34576655330819,0.900376786777462,0.0,28.0,4,25.466394541195122,0.06977827151888556,9
7d2d9d27-d678-4d3d-ac98-3c353e3aab98,cautious,0.06489060553981693,0.08983832988579848,0.22122553988055835,79.0079502745692,0.9645815893377137,0.2512752501699161,54.0,3,32.07359693531541,0.07270380186879608,12
11209405-c9d1-46cd-a833-c9e05988ca18,cautious,0.16801965581891026,0.014524697877084918,0.0,93.15038642634318,0.754407272736144,0.24618693089037313,75.0,1,28.619881778095706,0.07932205937107517,9
53aecbcc-18a0-46d8-a435-d1a41422a1da,cautious,0.20690237113683915,0.05388936270817761,0.11676303222970666,37.086310723666465,0.9271724476621059,0.22425756316619877,70.0,8,24.534427897761493,0.06913938967293523,14
4120e04f-b365-4f5d-a10c-37443dfc5853,cautious,0.0933572932508504,0.20982014520642717,0.04858967791429639,120.72072591321061,0.7732925100913075,0.42323067742102716,37.0,1,27.18268448675257,0.2479615814217453,9
4a06ce3d-ae7a-4011-bfea-da67412099a7,cautious,0.0959563274063162,0.0,0.2265138778408522,68.23461518569141,0.8823503108131907,0.006451175373110072,64.0,9,38.16085564414715,0.0736524777357087,14
377ad083-d51d-49a3-8f81-8f8e240ecb18,cautious,0.0,0.07276984387299354,0.006782089357749602,64.07354519301356,0.7772710329661161,0.030807745147246365,37.0,5,31.77097717786229,0.36014712960268747,13
8ad18152-d9bc-4636-b139-341da0ffaaec,cautious,0.06691440459619846,0.6378831533381103,0.0003438481571309479,65.30509229896373,1.0,0.02776151704416558,41.0,2,20.887095814850976,0.0391764869208348,17
7e509c83-70be-4712-a140-201e67730074,cautious,0.15825455441522626,0.11678812304310456,0.14935980816885364,53.52224399310822,0.8241261850928449,0.13829665660169993,18.0,8,20.789523810024164,0.030373134938462783,13
9f1e6913-0a0d-43f8-9e7b-6f5be1a1dcaf,cautious,0.04352628630812646,0.020927381826140994,0.032308772579931366,126.7440257162048,0.718641555122741,0.0,28.0,6,11.34761125953132,0.04811705372896822,10
99a8ed7f-37a2-4c00-855b-8fd4eddf699e,cautious,0.2342500168998905,0.06519136263465035,0.14660916980024266,18.601361681496307,0.8573015664145535,0.3547353458208336,40.0,7,17.81000096601517,0.08262211355133252,10
0740895b-2f1a-4cdc-9f85-cb4f94338b25,cautious,0.02477242425842923,0.20150842570757313,0.01959660202043651,258.49831645103455,0.914915463292523,0.15772769527637706,56.0,6,37.216533529797516,0.004766878667066753,8
d526e98e-13bb-43ad-9357-83cd9293558d,cautious,0.10661711953118756,0.052824660902528985,0.0,8.479343397071728,0.8364827745023289,0.11834269247813477,45.0,8,22.34123259249362,0.028799787588948553,17
98bf2c4c-541b-49ab-aad0-811e31abd9d2,cautious,0.04937150377733907,0.10880952530370577,0.10715687217058739,21.517930997232057,0.9121851418954401,0.1550258474399562,20.0,5,25.39229691024764,0.13734449442494207,8
8b07f4a2-c7ea-4120-b617-6fc237d69d94,cautious,0.02673599081854086,0.2404234435017297,0.07699830170965863,24.734254731542592,0.9373405448867194,0.0,59.0,7,28.40013854490841,0.2842000648170804,10
aff4965e-499b-472a-811b-b9a1268e68af,cautious,0.06641099036956276,0.03604109863427799,0.10159002936018555,171.4118905407426,0.9257436353529788,0.032855811709394105,20.0,5,22.261608568598824,0.06335463044755352,10
073d3d29-55f2-4a12-a56a-5d0743675056,cautious,0.015816988628785007,0.04466547214996008,0.019411762251719387,41.36140379753543,0.7688619841687463,0.0,61.0,6,18.680535409100983,0.3284160096572413,17
2990a355-9a4f-4c54-80e8-5f72aa03b844,cautious,0.0,0.009792443128937995,0.0015853813334334738,111.34445292542866,0.9623384509578278,0.3477079333058447,34.0,7,26.06268754300394,0.11952674637848769,10
46173d7c-82b3-419a-b9ef-89fad632c414,cautious,0.024309153437270317,0.1565922474119554,0.14756703384408704,189.55684909803986,0.8003174561976919,0.22166457412285032,28.0,6,25.464869293991878,0.05918122157781961,10
2fa5a6a5-2bb3-407a-b5a9-02e3ee4b239b,cautious,0.19673719309922647,0.14311365135521342,0.10372791241904203,90.18632806659559,0.9502993444925553,0.0,11.0,5,31.20011284625199,0.2449621279519793,17
6da8734d-c7e2-46ba-b0bc-9a844fb16475,cautious,0.09632555134171755,0.04918923656019031,0.020866024277565662,37.6867836327327,0.9794323146192965,0.09714188120217003,15.0,4,32.641127095740586,0.1000086762716832,9
86b4604e-9eac-4de8-a0e6-361e2605a05a,cautious,0.0,0.08220051961226035,0.06488253561725715,94.11265050014921,0.9755682601248895,0.03677750799850125,78.0,7,37.93388293186552,0.023887313938356695,15
0ed6d74e-1568-4187-8d11-040fc4cbfe54,cautious,0.07851572795900495,0.035579091452305325,0.0,49.11488301824514,1.0,0.03965009735458009,32.0,5,31.63177952619111,0.08267986493616637,13
d1d27852-c7b5-477b-b42a-b4df926ded4e,cautious,0.3470354777689175,0.14450623950688943,0.06852513437208159,131.41885498746456,0.8654824695593808,0.4171578373376996,34.0,5,20.978728154446582,0.30837421992151715,16
feb5f5fc-8e9b-412e-b14b-31a3fa56138c,cautious,0.10574414027082497,0.10836428033025133,0.11347678208628359,96.00392537000054,0.9660630557312735,0.21378879304354415,60.0,8,28.8892291627684,0.3909493895105127,15
91000538-48da-498d-bc19-10f2046f3307,cautious,0.05549519607286163,0.07371835496520426,0.015822621686141743,86.75990219527785,1.0,0.23829202867747012,18.0,3,31.76128639124951,0.07748048006890365,8
f45756a6-3a7f-44e7-8c5d-38a209d686ed,cautious,0.007653065327810984,0.0,0.09937088391074002,111.26065950791013,0.9102603294883439,0.0,62.0,8,29.727630616439104,0.3324840145579083,10
7bfdb3ea-9cac-42bf-aeeb-5a6c74ddc87b,cautious,0.09693907190753974,0.08273200933308886,0.3940525016960631,107.80239757126083,1.0,0.047268057616885975,24.0,4,32.82361425813059,0.18730019542862006,15
4413a69d-fcbd-4886-a4e4-efba02f48093,cautious,0.09555037687494781,0.33088931773007846,0.0,34.42491451147823,0.9836572041467249,0.0321914777626828,73.0,3,26.38382250815928,0.1713648861212738,16
f5999102-b80f-4510-a977-8915bde49fd0,cautious,0.08147865563529483,0.0760387306709135,0.018683544128907707,96.06314721082384,0.7969131910857775,0.10457375978210887,24.0,3,29.46015257802492,0.09449927518625027,11
28ba87c8-af32-433a-b404-cbbc6f76926d,cautious,0.06029223531056685,0.0,0.12473200594296549,40.41572822143569,0.9388985887334079,0.021235916362018138,32.0,3,26.151610343016387,0.057461093818543224,16
d7d0c3ab-c143-4deb-a652-762b7b9aa720,cautious,0.09001823783111344,0.012419431247629918,0.0,176.94628582124042,0.76391862898269,0.04931416435360191,39.0,9,34.533692287783595,0.19550485397092046,10
6f265396-b484-4ea5-b7dd-d1ead1edf291,cautious,0.04687286826479479,0.0,0.42765712012515356,126.10040756414018,1.0,0.0,30.0,9,22.812197375774822,0.060914864360377456,16
16e2859a-9e78-463b-9d7b-b761119b56d2,cautious,0.05428898356067638,0.052913881864284674,0.025871535622169407,254.2514488867495,0.9596457994241234,0.01996992927388132,28.0,8,25.90888990179958,0.06398405320278497,8
189aed01-c4a8-477f-a317-bce34d459b6c,cautious,0.07398757038623974,0.11083894520770969,0.06763559942305371,61.04679518653877,0.9146993695828635,0.04789768690702984,53.0,1,15.447066479842723,0.1240577570952246,17
0a83e551-a63c-4a4d-9fef-44ae1f35cd67,cautious,0.2294890525997469,0.12904471203894688,0.08446691078059086,63.694691769722,0.9795565970728763,0.004833031998821159,13.0,9,30.13351978108674,0.16254160168798942,14
b6af7e4d-1111-400c-8df4-cc74f228fc13,cautious,0.07025907599894356,0.21769526758162555,0.19709484145598707,64.77339168615558,0.8777964602518872,0.04076865669118439,21.0,6,30.48305151327328,0.024687764507599054,10
30c84107-36ad-4f04-b778-d821b45044ec,cautious,0.15701421373010624,0.0,0.3031076140941026,161.3037834699534,0.9569714742494352,0.030965802801515833,23.0,2,13.292674157038672,0.33182888512327513,10
cda35089-5831-44d2-9551-f694d4b76c01,cautious,0.0,0.0033462216550197085,0.12284821267886371,19.42836048003465,1.0,0.14323426222309324,35.0,8,17.634080268466118,0.1915441377786801,9
4432b874-01b1-4228-a30f-38da5f400ab4,cautious,0.3936964189289756,0.0,0.18640874105827537,60.4340774246617,0.6125541006047126,0.127117261006371,58.0,2,11.336583772165685,0.04472056902334106,16
da61d419-f1cc-4765-8310-fe3aec7034f6,cautious,0.03576775284527099,0.10039272753454626,0.0738628779249472,86.40640825295702,0.8262773282731958,0.03510112751595591,48.0,1,25.306954376540123,0.14695065707455612,17
8064bb92-266f-486c-b941-916ce20059b6,cautious,0.22701745968722503,0.04269049980300662,0.05314517871528245,124.60711135396994,0.9786998801951472,0.09996407898040131,52.0,5,31.650970701562787,0.04619564996343639,11
d956f1e1-ae29-42fc-bec5-d4e7dd9eadf4,cautious,0.08777438390663153,0.04028152167422112,0.03729331688493982,76.91483294303504,0.9795354277176153,0.09794806700643865,10.0,3,29.755490739382726,0.11230104175160394,14
bf5060fd-33a5-41db-a04a-8759107e1570,cautious,0.31872566402948077,0.10437236924889512,0.1279211728931273,69.54961861512045,0.9276446859507931,0.1443924591829954,68.0,5,46.31738927978233,0.06921180235867683,9
6b4c0189-689d-4c90-96e7-3b2782dc8bb3,cautious,0.1736122850841926,0.06936967991514449,0.0682998875775674,236.19641306907306,1.0,0.16318952932831354,27.0,3,38.05765777967383,0.08370979282486211,15
8a20f60d-cec1-4e12-bfab-4c0b7b673f35,cautious,0.035760300309253326,0.21672273608790332,0.08280933452871223,24.207948739571027,0.9754543459627074,0.06229669575752277,76.0,9,21.827157091062755,0.013520152682001007,12
03f2be66-2620-47c1-9a0d-9017e2c5edb9,cautious,0.07082603416461071,0.05511487973155559,0.14025514947078946,73.32137214580979,0.9442293478448984,0.10172139609731125,73.0,2,45.98708276635945,0.03320174520750233,17
8b7910cf-2968-4d8b-8f0a-c5c783ea5075,cautious,0.5341811870675647,0.2734746233993318,0.06392842997580747,202.01688888653356,0.8042160979329602,0.24882230693071938,53.0,3,22.980679638487317,0.06760799796646132,9
720a77ee-1d26-42c8-af46-4b6cf7cfe5ab,cautious,0.03835677238560488,0.0828919759012189,0.019357677383413176,81.4870353163659,0.7097702539605054,0.0,64.0,9,22.236157285615164,0.01971949989257136,9
cda541a9-937f-4d5b-94aa-b8a151f8427f,cautious,0.027608212483100088,0.060156206917393526,0.028625379838579382,46.92303934354097,0.9725307712868141,0.28847961516319653,32.0,5,20.829394571344857,0.042969964611222475,10
6e49629f-664b-4bcb-91e3-7f8e4a5047c5,cautious,0.05480645306002735,0.033860612696185476,0.07027294789243389,28.394911980515342,0.9766754526095208,0.06028265170189764,17.0,4,8.312634337057492,0.0036676410857928877,12
7b68c088-e13f-407b-a42f-517ba1f03a62,cautious,0.19230018908011995,0.053525383749478156,0.09402762933603889,72.03843828703307,0.6070146777440332,0.2983386839211859,27.0,5,41.53955907067713,0.012357089090311583,10
990517ce-11bb-46bf-859e-34844b29e465,cautious,0.02866581768550782,0.18948614971881986,0.02213436392235033,115.53918136246497,0.7356502165238388,0.0769808269252737,49.0,2,21.162576470695356,0.04307446874186781,16
9c66a986-31e0-4217-8aaf-a19b3c35f0ba,cautious,0.0943290167610282,0.034643579619363214,0.0029200822429562186,107.82930133729478,0.9349373468023987,0.0781384505065112,36.0,5,5.0,0.004152156018061996,8
90d57931-dc36-4257-87c9-a697b74d6802,cautious,0.10060312662280002,0.0,0.11594535985648884,103.02681666800251,0.7356114595978988,0.0,28.0,3,41.791323835746255,0.12449682168043327,11
81114e81-09e5-471d-9060-7b327a19d647,cautious,0.05448117641710029,0.052482270798743014,0.06011612728988811,77.7068875187975,0.9249778762080189,0.13299630123871806,15.0,5,24.782047637255694,0.05446770875305954,15
949fcfe4-f0bd-4d3a-a0b4-428b40a7656f,cautious,0.07276645808119231,0.0,0.023404831427270078,199.12337092252034,0.9321834687664131,0.03248902860834147,18.0,6,19.72803391205328,0.2249852613772346,8
1ee0b3ff-94ad-4d5f-8247-3f3e2cf149c3,cautious,0.0919299015898461,0.1691164666190431,0.04791956681445934,141.5002149417459,0.9692245173785273,0.09188920516765611,32.0,5,27.936017465971716,0.022121880120385178,13
19868e05-0e5d-46a1-80b0-e36220ecaad5,cautious,0.07800550719590624,0.08197158210453831,0.05303971354071882,135.1168762684124,0.8741767233194655,0.11852108276138368,57.0,7,29.753045127316007,0.09383518281855026,15
feaf120d-cd35-4553-9ab0-9f141798c93f,cautious,0.10250458138359893,0.007867206771718017,0.02016343315428913,13.371209831955678,0.9912131430020132,0.07027083589345241,54.0,1,27.145893562003398,0.14403834792353618,17
c086f04f-671b-48fa-a88e-e7763aadf7bd,cautious,0.03604720939469167,0.06617910926656723,0.1312082825623994,50.759984374542036,0.844712856791047,0.06187850952983154,73.0,3,16.457383421776676,0.344373021791729,8
1932502c-af04-4b73-bd55-e104ae6f10e2,cautious,0.0,0.08673269562962149,0.058777050392303645,130.70102411959385,0.9151856699439672,0.1869325651535774,16.0,6,28.50727508431409,0.08776800994249856,11
3bd94dcb-5f3d-4073-962b-4ba46fa13645,cautious,0.13661467281824058,0.008424199387464346,0.09265736692179673,127.26189440688583,0.8318728359911031,0.0,26.0,7,20.499859765740833,0.43354900607304303,12
36ff27b1-8abb-4ebc-90bc-7f7c8ae139ef,cautious,0.025916687064252954,0.04219385208625404,0.020652883926807614,95.85187980225435,0.9836509956629138,0.15489180222175214,18.0,2,18.22665559024577,0.01327219434439924,14
183b4bb5-2fb4-4b0a-b763-d052e5d2dcfd,cautious,0.0587672190493448,0.04618846842911549,0.062437739712928,165.3644365711707,0.9744758939999729,0.13439069078646929,17.0,7,31.111599258457172,0.010519064440797657,14
a9577ade-ff66-478a-9474-3ce617438bf0,cautious,0.0,0.016980113004008517,0.2238204509235817,127.69521720926905,0.8639124561056781,0.12318714947216503,11.0,2,19.867964668198404,0.41118306251544934,13
e6286030-15bc-4cef-9b28-9356291cadf3,cautious,0.1230519053417416,0.0248817683948458,0.023666394238695716,270.85923918036053,0.9970217544467542,0.14906563567564804,23.0,4,29.619328732693265,0.21718159258793568,13
433104c0-a13f-4d73-9ee0-a4451f55f491,cautious,0.13890326584671955,0.08732696340655687,0.04215434779168674,56.226121257362735,0.9666612802265747,0.2002120731924133,49.0,4,15.45964388997121,0.09649536782155861,9
befdcca8-33ee-4de2-a825-d611617c7c40,cautious,0.25423010725717216,0.02464095959839237,0.3869072396510493,99.07340834887853,0.8761734404197391,0.0,55.0,9,21.583814448352676,0.17178778603164485,11
8aec8362-e288-4881-99e4-7822a8f5b8c3,cautious,0.12222126484697815,0.10981164561278287,0.10551252495238994,37.82289720212258,0.9612103129595719,0.03984193176234905,50.0,8,30.34537830543178,0.03325171125244289,17
3c99b89f-7db4-405d-927a-508e5a5d0a4e,cautious,0.1428564746083219,0.0117289129483025,0.05335066862182809,134.80341157395947,0.9444952022609056,0.08833509071107797,13.0,4,38.35882798886554,0.25544712437880984,10
6941250a-b755-4006-9018-e8ed176b01ce,cautious,0.10508799659909311,0.12892827807825588,0.07252014981344168,254.5878421261171,0.9098087426298518,0.0,41.0,4,13.68188787950614,0.11790274119220055,8
22a0e7b0-dd72-4295-8e80-318a701a36e3,cautious,0.09313371594012707,0.0956353618377248,0.20744497814014579,189.6968961779307,0.9827808529120833,0.17607352843653576,27.0,3,39.12424062968538,0.0012636506050013724,17
adf863b9-f607-42da-a5bf-b365483e88c8,cautious,0.0,0.07273211814823873,0.035192790601856705,31.735741010995515,0.8306357483682357,0.2487854255438837,33.0,8,30.979793696257133,0.12329212798476563,14
36609f8f-79c7-477d-993c-e193d92826bb,cautious,0.0,0.08567174514536831,0.07834265041357086,246.05853701918164,1.0,0.2714727891200229,12.0,8,25.164943881379283,0.09953352185227493,16
9ad01408-bbb2-4f2a-aa1c-6ee87314517e,cautious,0.28207948015492446,0.01822135260772657,0.013611336651161605,46.71950980567777,0.7826466136319267,0.12420042556125449,11.0,9,23.521753874516154,0.1998481722675731,8
046f64ed-89c6-43df-ab41-7fabca0dbaa1,cautious,0.07662665037675932,0.1492364265994362,0.15986489739375698,254.54751331317337,0.991972726981387,0.10931215500512118,19.0,6,24.66783421366701,0.23693313902046242,9
22a06096-4f3c-4d6d-ad09-a3c0a230f00c,cautious,0.029405594368440514,0.09259817959948848,0.2122781650210721,98.86380345812474,0.9916523450414301,0.05454801941803079,60.0,9,9.322834182793686,0.17317868191815103,13
42c9b7e6-2e4e-44f0-bf85-677181e4e16c,cautious,0.20905980833154644,0.08190866734808351,0.11588779900394784,110.44451458292568,0.9602600211129033,0.013989558434164452,79.0,8,39.78575848640463,0.005843641214034649,12
51359b31-387c-4eeb-8eef-f7fcd127c53e,cautious,0.22596357343397946,0.11146091115542313,0.17545804677011353,32.631896112790805,0.9735341717940937,0.05119858326032645,31.0,3,27.14439572676465,0.28926317841921456,17
931f21e2-7743-4991-b8e1-bc11b7f07bb3,cautious,0.07419848964116192,0.06929394003210093,0.26130998513642684,209.28530302580643,0.887611240141021,0.025618795935120058,21.0,4,31.36617113893561,0.1875225285201312,15
9d5adcb5-4e82-4c80-be01-840ec2fb9802,cautious,0.07557331970998811,0.1943131146925116,0.10692832298058863,74.51944344885297,0.9398316591616955,0.08973466230536012,33.0,1,20.06834033495004,0.0536204063289284,15
8e33065b-13c5-4b47-813a-38be32dd99ed,cautious,0.04660575661151614,0.0628338731646993,0.04612550348435812,103.91250650094736,0.8880951671726826,0.06517576435315431,65.0,7,12.416259320756465,0.18207990872739663,10
78976d77-8b30-43de-bd0e-94362657df40,cautious,0.14722735916600505,0.05148555638211774,0.1111758344075243,51.47898835786226,0.913929834939514,0.0891632220276774,42.0,5,20.15831854828607,0.13320480049454786,12
ab6a3dcb-352d-4384-a13e-d57837f26418,cautious,0.09668618458908024,0.1690756098872227,0.18558235272989052,130.74590558591873,0.9118912562442055,0.1965194163549156,48.0,8,29.885974974753886,0.15821867928907332,13
412ad58a-5232-4819-900d-851843f0a9b2,cautious,0.1726304699539244,0.2170955782522592,0.10001109385359364,133.48761336925517,0.8770677381141856,0.17608441226309757,28.0,4,22.492689990582996,0.09519744729653316,14
9ca6fc5f-cb88-48c0-b963-efa842c603c7,cautious,0.0918527908761545,0.1554514327794218,0.02306410125967265,58.820562773247254,0.9575631159403875,0.04128779341019866,41.0,6,25.896596253262718,0.009983524473443459,9
7eecc8e0-a76a-4399-b203-2ed54ee21806,cautious,0.14536394971217648,0.17799114577844194,0.0,133.6388820452402,0.7771024189209866,0.0,45.0,2,23.615489334655162,0.2391473167960041,17
be1bb57a-d091-4a3e-b932-bb580ef8583f,cautious,0.08500550225298961,0.08093661389322479,0.2736142072641623,75.47712813679036,0.9450895663034226,0.07277615996121108,64.0,6,31.926280896099012,0.26016148914348086,9
b543210a-9676-463d-b3f9-dd38ff15bca9,cautious,0.25724026189525384,0.017795817972020678,0.5038224628331086,142.90706520509252,0.970468632350065,0.143286607172571,10.0,1,31.064613855678587,0.38212587554670613,14
c5fa0bf3-ce40-4568-a7d4-e269399e459e,cautious,0.00022323890035816146,0.037988010602664386,0.0556232706705691,71.65620496509698,0.9512734300709634,0.15634524193332533,67.0,3,19.31940400841393,0.09726411761342355,16
fbe6cccf-a197-43ba-ba31-18f43557318d,cautious,0.04026044184905084,0.17702307504202014,0.07728597314625538,59.771707065235134,0.7818535659056036,0.05542863126351438,23.0,1,32.698566867720395,0.006911373183900777,13
3ab804f1-4d39-4f9f-b11a-bdbce429566a,cautious,0.31283413516186326,0.0614431532805674,0.023159123799189215,125.75416649399051,0.9263472383122384,0.15376102746411074,48.0,7,21.826513690172007,0.06402974997349774,9
0b71e08d-b827-43e0-a73d-3fb7705e6d61,cautious,0.08726492383085593,0.038489573265462595,0.05062976218112076,112.30779769065518,0.864604994430677,0.05966621947792667,66.0,3,22.557912045187475,0.06475713925126193,16
2067e1ef-3628-44d4-8249-b2a4765dfde3,cautious,0.05240573343208656,0.0,0.023303314994650114,256.79482355032377,0.8000313205388375,0.1622349399728198,68.0,7,23.307086307061784,0.06250540089705983,14
74087254-0d65-4b32-8cb3-1975fd44ff23,cautious,0.03071861466747281,0.12995638746026658,0.08525133765900547,29.824944381057676,1.0,0.1362716062112595,50.0,1,32.3049077503035,0.11992186301043435,13
9ed24b58-1746-4468-a64e-1e9c640cebcc,cautious,0.08685662351713669,0.26928253645758016,0.2094026833449187,236.83186538342912,0.8571604743161066,0.11292995763212069,72.0,6,24.29163276525486,0.20537606316315415,10
382c21c6-c103-404e-a64c-d5099cc38025,cautious,0.15031208015867237,0.0285980623468337,0.02827709368837019,80.93206015473918,0.5720319049941652,0.046815635071734696,74.0,5,25.930410680435735,0.3697013913888134,13
d80df049-10ea-4537-8edd-3600c9d5abb6,cautious,0.3160949941673348,0.07328182886927437,0.046599603241915734,15.051105636757041,0.87082377716729,0.007325736931149719,46.0,9,22.33192136633297,0.37562280032298806,12
f7a4cb7d-5d32-4152-b094-798791c0d7d6,cautious,0.030969293149189767,0.036280061944029995,0.12599678170838896,420.1964062995927,0.7921570315330795,0.07472564450870126,48.0,3,23.373501906679518,0.12517960919956242,9
42fe8dd3-eae0-48e7-adfd-9198c6800863,cautious,0.051697615650388204,0.1705102004047085,0.03361150915278066,176.4432192535533,0.9363529363273362,0.4144341399431674,38.0,6,21.526198137715422,0.09029353238666536,17
afa466f9-882e-4a4a-a3f5-339f57fdf6aa,cautious,0.05721560673076969,0.11039635195510146,0.021367269346877403,94.37520078417604,0.9155374547870154,0.17024825880871117,24.0,5,32.010668498307055,0.13691855864871644,12
14e2d47a-c157-4ce9-b401-a03ef76d5d22,cautious,0.1828595996138209,0.0,0.21348789079251138,40.65572961011966,0.9490208417336105,0.017867253513912988,71.0,1,33.47399325462205,0.06392378761118354,17
873e4ef5-cd18-4eec-882f-73ebed74b907,cautious,0.2870417382002849,0.05180775851624739,0.1885781051857424,59.844898315479355,0.9483209253681741,0.0,59.0,9,31.13230142996768,0.08386244914276285,16
4dc93462-bea9-4bcf-84ea-c311985088c7,cautious,0.0,0.1595107410185742,0.04201838366506726,129.9349757793647,0.9798874813892261,0.17412492740777172,55.0,1,13.255316643439674,0.007633678844858227,14
9e42f0bb-b001-41a2-bda5-bba4f4d024b2,cautious,0.044088301688014586,0.06246671654800438,0.18632233572659868,73.02261545086002,0.9906738416805373,0.04292627803303138,77.0,4,26.376938773846636,0.15018444556261468,16
2b883141-7044-4cc5-9c3e-843da56d40e6,cautious,0.18780269015915255,0.010505794907727376,0.0,72.32819426401339,0.9871870030237551,0.034258964680590434,63.0,4,29.72212203842186,0.01867923360389782,13
d7313c82-97c2-4fb2-87fd-ed99ea021864,cautious,0.11419670237669112,0.2188789165253493,0.07442882249008932,68.22115883824256,0.8894568054145771,0.19392520709963337,58.0,8,17.48590204486517,0.032634314557563944,11
23e0a3f2-fd54-4223-98ea-530d7aca4c2f,cautious,0.04995106143881527,0.16182492372574767,0.0,71.13301751606615,0.7755335464624804,0.08984771355687925,69.0,9,29.54515658138772,0.03716767411587835,8
c060afb2-a7a4-44fd-af3a-d18cffa1988e,cautious,0.044636568392743416,0.09182662770727613,0.17894378259314264,139.3454946760672,0.7841549001799508,0.10933879819810251,15.0,3,21.446325007392744,0.22821054991456163,16
cbb28208-9c24-4712-bddd-3d43b1c9fa59,cautious,0.05550252809332411,0.06402498696528744,0.3119822838445806,119.88098252271284,0.9157588844763237,0.039395494396253734,50.0,5,23.71395123273256,0.08834762018549455,8
e88a23d1-0d46-4647-a41c-3db33dbea556,cautious,0.1836137430632211,0.1044253817552584,0.059258150904215164,21.7116071488576,0.8253562473636812,0.020077518089728526,12.0,2,8.996073099398199,0.004067051956364429,15
e36e818e-92f7-4a3a-a8b8-60d30ed09bc4,cautious,0.07219053439099522,0.17762184005777062,0.0024089018314994034,104.41114804459401,0.9319997090776277,0.03994276843359032,24.0,8,23.154227669814258,0.4625847261302926,11
24346d7a-91e8-4018-840a-9363de6c7e68,cautious,0.07621146456368919,0.17217874485677295,0.04872209316981554,79.24896292160199,0.642457430369107,0.11566124473539702,24.0,4,21.40766446784692,0.06726546565166842,16
2d931863-b3f5-44b6-a714-334608936452,cautious,0.2555159729397225,0.1237895341261378,0.004528109158622501,63.07773912815766,0.8729460512936146,0.10542337480626146,66.0,9,16.693616065038118,0.02310254430954107,17
5d5ac28e-e000-4059-9153-aacdff5622fe,cautious,0.16212616302476462,0.3358616643315367,0.1116910809062518,126.98641816857446,0.9505601123680358,0.19989533373848464,35.0,7,37.22937107962752,0.1085335183730445,14
e89c4871-9c7f-4c06-957c-ee506755d5a7,cautious,0.07897854627066558,0.09002101822781815,0.16065434487041907,147.67353031165106,0.9329763853059063,0.018683493527416686,65.0,1,31.854574811549654,0.10091161874953443,15
a9c79c8d-1eaf-4a7b-8831-fe3320e4dcc6,cautious,0.029784936318378592,0.013095272145681392,0.09044061242362572,135.20383401668738,0.7876834225111045,0.21776195393171732,18.0,5,34.489458795775974,0.17278913426091627,9
86101210-44e2-48b8-b695-caf958039e06,cautious,0.1003639204401735,0.3222944531512082,0.012296710590679535,63.88318158567628,0.874036213921875,0.2055451980966274,27.0,1,16.8593137509664,0.06776896754333388,13
4d5c8d0c-e237-4056-b277-6967f16f44d5,cautious,0.30272532076417263,0.22337440847581544,0.21722852854001906,140.81957115738172,0.8382460454213669,0.017223716088201113,11.0,9,23.88777503429131,0.05087860895842425,8
2779eb8e-c83b-4336-95cb-626efa55c74a,cautious,0.0672059673085586,0.06640007709524386,0.37497972044411065,139.63626481536448,0.9397289332919999,0.12298193067885776,66.0,2,31.093114989110525,0.1283461432749029,9
4d13a170-32d6-476e-99dc-244500273d0a,cautious,0.12359342825646857,0.12592871278927356,0.025101107094517034,99.23795278678197,0.6725808772672348,0.22441987421684717,72.0,6,12.561214952397407,0.054796553948823865,16
cde46684-51c3-40a9-81a7-bd92c8b52c54,cautious,0.005048237683966918,0.16602635121482404,0.11332857838176996,66.26887368948363,0.5471766170872657,0.15684199177163727,71.0,8,36.389074850393385,0.058443850783572254,12
db429d4e-43bc-4ab3-bec3-21512755dd0e,cautious,0.05199067307362292,0.0,0.23361695638603272,56.032407258842,0.8392640409167399,0.07197561104336016,64.0,5,28.99137612160117,0.1082409880519858,13
88127f28-6fd8-4e14-a0b2-b668f3475117,cautious,0.18354552009712508,0.044772157850441203,0.1013659293282929,90.06717527741958,0.8808041268065919,0.03394748521631768,16.0,5,32.38784285385898,0.11730399790502696,11
6f91c8c7-e6f1-471d-bd3e-15888bb0954a,cautious,0.08279602224295443,0.0046766617128099885,0.0829372501050293,54.170945287919636,0.8781005216067361,0.10298618335195286,41.0,5,28.533370592768403,0.016553457243065766,10
44839d3e-b566-490a-abe3-1ba7b3cdc20d,cautious,0.1857564750209308,0.051675396840124926,0.1782887746759349,15.438151865568162,0.9531274186093271,0.1179822532601105,19.0,5,24.314183937041772,0.04216511149561023,13
0f660c4c-bafc-4dcd-ac15-efc8d1108e04,cautious,0.04271957687800887,0.25336869279918806,0.13471445103593743,155.1788639155582,0.8775147595321309,0.0,59.0,8,38.56941510845438,0.16719105584051783,14
0eefef7f-e64b-4b6e-83d8-38a178f99b29,cautious,0.0768218830135969,0.012221453971165384,0.2792747383545288,64.78435581469768,0.8708841592094271,0.13184395882577865,68.0,9,23.663988957158782,0.08600680152765044,16
67299ba1-a4e2-4b84-97f8-54166011bd6f,cautious,0.10502070658506593,0.2311062488247468,0.13110256953680063,63.08543857874498,0.9313856201192837,0.2825350091735884,27.0,9,33.301855194724496,0.22228626974168475,8
934b20ed-24a2-493d-851c-8c67542f453b,cautious,0.06045662561586012,0.0,0.1865402886508246,60.99683205302513,1.0,0.0976280742091063,15.0,6,27.03872737689167,0.11829911579835581,10
a3c02ab4-e2ad-4d73-b7bc-96b08fdbdc52,cautious,0.017054220162832423,0.04078560565772856,0.08391940020964768,12.763872619066015,0.8677931451795846,0.0,35.0,1,22.97208835717124,0.11607216048945015,17
939a617a-48aa-4f73-9ea0-daf3e9c9a64a,cautious,0.02113579383336631,0.0,0.011768211305310418,65.33093262524106,1.0,0.053815857491886276,72.0,4,23.913604554289435,0.009389292829261296,16
edeec2bd-c7f3-42c9-949f-b7a8a8411725,cautious,0.04961284172561803,0.16264218252072438,0.1770902982465792,11.730263268193047,0.8877014926210274,0.0,57.0,4,24.88575151349714,0.21448069570090333,14
f5567308-a41d-4f81-83d6-b2b11f6c8068,cautious,0.0,0.047945032072391994,0.029401890807616834,136.92841527775187,0.8943628242712122,0.07092734703400438,40.0,8,31.890792176999657,0.09871936374550655,15
8f71f2fb-a04e-4312-b817-5a367e8749c6,cautious,0.14891205902560878,0.007455385456067769,0.0,184.73614103826327,1.0,0.10084450463230488,38.0,5,36.82334759349146,0.06467584890541302,13
5a8e520e-097b-456a-9f48-23c23cb2f0b0,cautious,0.07507099331074765,0.012878626827447271,0.2343404820598595,93.31269185671914,0.8059707756184611,0.024605093463564487,60.0,9,20.840244067763948,0.05591771118797761,15
1251fc2b-da86-442d-a6bf-d40f84db73f3,cautious,0.3333929574021666,0.10486081310288187,0.24708576922197206,63.32823238777983,0.9068655237619694,0.2463969082340687,67.0,1,12.814310646898784,0.19939855744626808,13
14634e77-cb44-4ea6-aee2-0437285ec002,cautious,0.10714693046659717,0.0,0.11775573938828063,69.43838170425249,0.8240717347407447,0.13324789101461568,31.0,5,31.051344405363235,0.010096277887296055,15
6f993ca4-6f6d-40f3-a213-10fe937f8534,cautious,0.10305665035107214,0.13104677404670123,0.07917115716474585,97.04559298046254,0.9309961926047644,0.11549040173405127,21.0,2,26.039137362344704,0.251317898521971,17
1c26d49c-8df1-4c7f-9e5e-3146aed78335,cautious,0.12330064207501433,0.056127002666971265,0.16668226729482796,26.03005213249733,0.9001356545675017,0.13996007841600064,72.0,9,27.25504046645362,0.054919090029784186,8
f5b0ec86-12ee-4f29-8107-6cad23066160,cautious,0.04233343690630587,0.19306545545315995,0.03650267603994086,30.363813483789126,0.987756884803848,0.05302838836639745,43.0,2,27.832285017683105,0.019050292795201797,13
67dbc048-4b02-4ac1-a7d0-c80c59f289f4,cautious,0.21277248079657446,0.10273025325585007,0.0266484104926674,192.05479115582952,0.9805654465419223,0.11733049838580119,69.0,6,17.894789640631107,0.19410902317853496,14
10987383-6b78-4591-a7ee-57e418b6575d,cautious,0.11614195614900077,0.05154274392924969,0.00507923262958182,54.35893898828492,0.9869288437469798,0.2640825692422619,78.0,1,28.81684662868121,0.06885134307686082,8
ba14fa78-c914-4cb7-a5ea-0acbeb40a697,cautious,0.10456841152598631,0.05628075814369459,0.28743092457321334,115.22506574767222,1.0,0.3815435559908863,59.0,4,32.920479470499565,0.037771980733940176,12
636c5d8b-1d01-4107-8983-1c669e545107,cautious,0.0,0.1632138161249308,0.1369046966530753,163.87379686871787,1.0,0.3192671615854886,40.0,8,17.6580953468353,0.13519637046992106,15
a5f205c4-e752-4a6a-a8cd-a92dcc5545fe,cautious,0.23090013856290695,0.24608147716684672,0.02384320758535444,112.9478928008385,0.9762870918066342,0.040938837229594884,16.0,5,28.849080425350454,0.06391918709726907,13
2a22acb2-5ab2-4d78-8225-411d68d2b6af,cautious,0.004048186215789486,0.08578406897003102,0.33722508913166255,169.39886477904403,0.8494071985326347,0.05745518317108422,25.0,8,29.881737191023824,0.031059213004784682,11
63271d39-f9b6-4495-98ac-6c08658e29ea,cautious,0.23122292271335934,0.08301440177799659,0.26102401019322125,11.347706974516028,0.75290131193823,0.021937977476019728,17.0,3,39.528302930903926,0.12318583040881742,17
05d85f87-ff1e-42e2-a08e-6321a14204e2,cautious,0.0,0.06835910802423822,0.0,79.13822962562584,0.8547067896517585,0.09891185523739157,28.0,2,31.93778540554609,0.20012106410045336,16
a1f45fab-5d8a-4716-8cdb-d9d945ab303b,cautious,0.12332089070845945,0.07960526970148363,0.02582755400387094,92.41400464647405,0.9789755010927351,0.07770915680572305,63.0,6,25.229546881097974,0.03917688032021144,17
698ed109-294e-4b81-8688-d12c99fb5bd3,cautious,0.08867302251486753,0.1268822369517543,0.09672606668102746,320.66305732693803,0.7867264813189626,0.14373236446519252,74.0,8,34.443988494885815,0.10294314143443797,11
aa2a166e-af30-4e8c-b06c-d5edf0680992,cautious,0.02366092210591123,0.018085417312347928,0.016852694781320735,56.27267588163682,1.0,0.06540890213504705,62.0,7,26.75534399901531,0.12232690449603174,9
d5a2c2d1-daaa-4dcf-b870-b386b26d2d8f,cautious,0.3271343538689001,0.048273003397407546,0.13026557831595295,214.3557245707177,0.9150532058134379,0.0959177543577575,43.0,2,23.229895265858357,0.336640031367569,11
e7e0b534-f465-417f-a467-6510a6eeba3a,cautious,0.3520624867978512,0.023148258500993186,0.16888766721643506,226.5461232033613,0.6264855860720063,0.08972147167753368,69.0,6,31.386115957047252,0.11324831180509305,10
9bfe26ca-a0d1-4812-bb1b-8d35d61a10eb,cautious,0.3718723999301065,0.5040992087054424,0.01224391221924331,114.31290700436728,1.0,0.04499083495476158,38.0,3,16.439565420757262,0.025942946435812672,16
f68c3827-1c83-44a8-aa61-ce591919ace8,cautious,0.2321374836863138,0.0579970493944582,0.042555842266952984,60.68824211428585,0.9797648764632965,0.06709660034169627,59.0,7,16.476635797723745,0.06045506005541002,8
ce67a0a4-74fd-454b-a8d5-d9b84c3afedb,cautious,0.0,0.00928328495406708,0.047750887427787415,44.826720537341515,0.9223750331378437,0.030745166088552947,33.0,8,7.4342575471344965,0.18891623044340206,8
d7365d54-e114-4560-b2fb-80a6d5ea3e79,cautious,0.2779572104321223,0.0,0.18783320103803425,57.1600899385318,0.8080746651239565,0.4513428191234022,24.0,9,21.31598304972582,0.25800723751712235,15
34ab821b-7fb0-4dcb-8281-a5bf83fead94,cautious,0.2029378506929507,0.29520307864298845,0.02192355819676073,18.268220944740772,0.9905601955524657,0.08338353989230435,43.0,5,21.59299701254585,0.01988289212770585,13
507d8ec0-8110-4e53-8b9e-fd244a33278f,cautious,0.05705804331965441,0.0909888587034764,0.16751729275364363,100.54541071987198,1.0,0.00883039728425506,78.0,2,36.38676058866331,0.03511738987888487,10
89dbc025-5fd3-431f-aa5b-22523ab74c17,cautious,0.12166608847914534,0.0711688449457958,0.007880517070101921,68.82286202644117,1.0,0.057230295804126294,39.0,4,27.430018481179115,0.06843483177413305,10
9a5fad0c-958a-436c-8ee3-23d1cf4be580,cautious,0.07686936013813842,0.11393507711974875,0.03261743437483069,58.719653207774634,0.8194503460437517,0.09914261961930329,77.0,2,20.218754968553952,0.019501628247630985,15
7638dd57-3a20-42f2-8905-b2a7e5e63bf0,cautious,0.044796574755949316,0.31649977897307546,0.11669103446919894,153.20185145671456,0.9224890690387566,0.0564736974294381,25.0,4,26.43816154880231,0.16202974338536696,15
f45b97fa-2a29-4811-8c05-1677c7867bbd,cautious,0.13688448843087214,0.03993211129415847,0.3294444620326351,170.8034677356324,0.9328615766306235,0.013718811090039078,43.0,4,15.698226664754538,0.08839518304718716,12
72108b6e-554c-422f-8244-db1fc996d6ac,cautious,0.1868577041708088,0.0,0.2303310250937093,51.5471786237182,0.8720460968475129,0.23044943976737378,20.0,2,32.215048011690904,0.12409360673267916,11
df0d277e-01a4-48c8-9dda-0f4b9da3289b,cautious,0.11223991934243316,0.1806919293324109,0.03066995379947473,225.5588884239751,0.8858847783767935,0.10747790408678799,19.0,7,20.091475104417007,0.04185473659441757,12
02676c01-0bca-4a54-99b9-9de673ee4d74,cautious,0.17725779572688388,0.03512100719846516,0.4170272480749437,135.32185865796103,0.8571445775189656,0.07128478884735347,63.0,3,28.274066827019894,0.036649635770740714,8
44609651-719d-437c-994e-cfeb710fc16c,cautious,0.05226823913759678,0.14688098590321982,0.09932852987401107,34.853055004068416,0.9168683011686675,0.30050999427083663,56.0,6,18.119510017137237,0.2905575332688574,16
9c2bd7ea-9112-4a20-9a88-e6a50c786e6a,cautious,0.01966054390712311,0.019659570664382432,0.07732710521636565,90.50173708745928,0.8290169907349341,0.026966644215606905,52.0,1,34.57058662308573,0.0899693887247694,10
6427bdd6-84e2-4d87-b0a3-2d771dd7c230,cautious,0.068426757427934,0.07944214439294534,0.0,178.91890731689583,1.0,0.06449109088915175,24.0,7,22.22201725457155,0.004627641030559986,13
972da3d5-0c42-4952-9e34-c31909cca704,cautious,0.05429469007601912,0.0,0.1309541171222616,136.61119971418236,0.9912876791635437,0.0,68.0,5,27.447183807018945,0.29767398374134607,11
60fbcce9-1b77-4b15-8ef0-27833005c32b,cautious,0.04597744663691696,0.11449392707250375,0.1297349093116558,33.76091494988392,0.9619495753579972,0.2005410164029583,54.0,8,21.820785459171844,0.13173247109106007,15
5f2de3b1-6ae9-4338-9554-9e7ac8ed4dd0,cautious,0.13200981652243643,0.07054335711110797,0.20823355143829236,34.34998783353422,0.71107781919819,0.025968226595968064,21.0,6,20.37615237756609,0.08058248041650061,14
55fd700c-6a8a-4adc-bf86-e012bb874f5d,cautious,0.006788288678004537,0.0422746102602231,0.042148008655365755,104.91639357285555,0.940669368653824,0.034374760144448235,49.0,2,30.421462227353196,0.08362035949200208,15
d985ff41-ad62-48fb-a9a4-15a1158520cf,cautious,0.08406046967810751,0.06176268470660982,0.08900029821810457,33.57467442784402,0.5360907177739204,0.0,36.0,7,32.07778320926197,0.32701148533900315,13
1303d464-8495-4ddd-92cf-642497625c84,cautious,0.0,0.012685332660306057,0.07252688903682657,49.5564274934871,1.0,0.46607001490564853,65.0,3,24.023443740125895,0.14654898635473723,11
76c676c1-300b-4d0a-b717-f387938a7b30,cautious,0.1386581799101749,0.217447664473618,0.06898758354697775,232.56940972006123,0.9763123356907241,0.12995281376333592,52.0,1,31.912219263836484,0.09912096671955822,17
e19758aa-1af2-44fc-9d0f-6e8a46aafe1f,cautious,0.3093766026130009,0.1412321506597235,0.13533084637200216,201.8831978802819,0.8960567121468198,0.08456485801036787,20.0,4,30.971746351088914,0.0678506693323763,13
bd1d209c-cb0c-4bb6-8c08-70a1ecebe507,cautious,0.13498497980231006,0.15062188217036215,0.05413728319074554,77.34119887385398,0.9507760751297039,0.027542943214194444,72.0,1,21.45493551518001,0.20179633827133797,11
6d153854-d285-4397-a892-46aa563a78e8,cautious,0.06336535922014293,0.3207332905065546,0.12236602358029702,34.9901414271624,0.9621777267281734,0.11377476503887553,13.0,7,37.78519283225342,0.17435251894083706,14
fa55a412-d86b-424f-8c33-b9badf866dea,cautious,0.3169673990525641,0.16511755901287112,0.06388030429144848,148.4552941833519,0.9117342904626133,0.3175573529510745,40.0,9,17.1139238773843,0.02153525927149136,17
8ecf97c0-e76f-42c3-bc45-c4914773233a,cautious,0.025758225654156905,0.2876648489470819,0.1016184285560774,14.621248342660742,0.8649503582074746,0.42635925744280123,18.0,4,23.30682535398392,0.2679290210039462,12
24bfd2cd-f637-4db2-9b2a-a055aac4afab,cautious,0.09653760720717956,0.2245519214164967,0.07327162082853647,110.94646992457959,0.9776207095346595,0.11575495056184916,18.0,6,21.519247244755846,0.015547138422195702,14
bf4c4f63-d513-4c5d-843e-ca5db68018b3,cautious,0.4569381488888274,0.10629752239458956,0.0,134.41350947124795,0.8422504320181748,0.00380066576686576,40.0,7,29.434237136309914,0.009032121033673244,9
de524c7e-f6aa-4343-a46d-6eff11aad011,cautious,0.287811988302267,0.05017662926421986,0.2556647276342912,40.0862510623667,0.8665786228403234,0.05562563896019815,45.0,7,36.09281964642002,0.10365743535143698,11
69071889-27a8-45f5-abfc-2d0c77facfcd,cautious,0.16698925554424826,0.11884686441504144,0.12008860810767528,103.70051775316014,0.8503236479787211,0.08500414770085547,20.0,2,39.80140511155771,0.06210806528417993,17
76ce9fad-5937-43ae-a8a2-6b73c67c1d6a,cautious,0.016533559918391214,0.1482515154738341,0.0,79.05505389361515,0.9347327901608966,0.23702557032975852,31.0,2,30.345240958483256,0.31495985022169154,9
4c6d41cc-131c-4d59-b5b2-8db192e3e5bc,cautious,0.08415123876446724,0.11816656087034881,0.02609736451971053,34.80547789929704,1.0,0.04784129290712149,48.0,4,31.557819881854364,0.1984434614341039,14
43be1999-1c45-4dd4-8e3e-01a81a374455,cautious,0.1760174041836687,0.012910081897641123,0.08853847139713114,195.34771995795896,0.8411533689788131,0.13940033611610597,12.0,7,11.007577093879062,0.19830241833381684,15
5411e8b5-e1d8-48c9-b9c0-1c45b3d2648e,cautious,0.11189974920088275,0.02395639113319181,0.06675106217281088,166.42783415484175,0.836263000294989,0.10243302295474453,58.0,5,26.493120163559812,0.18412632174847493,17
9f6f3b10-2277-482d-bee4-0e685dd90d4d,cautious,0.3146231341234463,0.061988769948772185,0.058280018780960466,198.01467858594884,0.8916721553462298,0.07855539667745887,46.0,9,22.86229384504064,0.031168426248555297,8
a036029c-9aeb-4583-8bfb-a14096b5a5f5,cautious,0.0421219525731749,0.0,0.05615002283109867,40.80515109996707,0.9847016044547181,0.07862780091554698,51.0,4,24.5022647829152,0.016568626622945025,12
29eb0b93-b585-4755-a610-22874fb7bb99,cautious,0.06619684662332177,0.011707237420071358,0.08495218076439129,65.34293520423343,0.9575538890729088,0.10232532889724466,46.0,3,22.637665519140995,0.11683574413434386,8
f6221c52-dcdf-4f8b-b1b3-91d896061c27,cautious,0.1453479659455116,0.0610376594251448,0.00945692301738794,188.73505360098335,1.0,0.036800274718982305,35.0,5,24.01678036494879,0.06657388196807175,11
5f9015ff-8315-4d46-879c-864bf2469476,cautious,0.04936929399604112,0.3494053998384439,0.07634330217007351,130.589019132272,0.9470434341778541,0.341717905929745,26.0,5,22.909788074793788,0.10110343090638851,14
4e02f9cb-6d25-4bbf-9442-4ade23262430,cautious,0.15474598241112175,0.0,0.06341080725321456,103.8795468459069,0.9556457722326607,0.0,20.0,8,5.0,0.12235850867891485,15
c02a7733-8165-43f4-9e17-ff957eadc923,cautious,0.16623058840256766,0.19826105163581212,0.13952672192674787,65.70166094628959,0.9224526830268426,0.03399545598695373,11.0,5,20.58464576373894,0.09038932958022874,15
a82fa965-e333-41fb-abe3-7cd589f9454d,cautious,0.0055828370887995755,0.2501084694445017,0.05266767775495594,80.15298049236257,0.774126904377197,0.07115629544988399,10.0,9,31.991538243775658,0.0007939612429861275,16
3cb0c645-8a10-490d-9e6a-ab1314d5a5e2,cautious,0.22104520092828256,0.007752886607610388,0.02537079206219383,68.33077886434769,1.0,0.053470834052800904,68.0,8,5.0,0.3958063924964112,12
25d91c11-6b70-46f1-a85a-50104acd1248,cautious,0.06264671794513194,0.04409335415128077,0.004546433570498928,177.57768278386547,0.9137562422879218,0.039977981723165516,67.0,8,36.61139459407225,0.08604744072127062,16
d044f7bd-9e02-4a2b-9f69-27770127fea7,cautious,0.19134281592006172,0.00199811950556693,0.5899628008722156,67.18270047482503,0.9831926850736633,0.0825636415455201,73.0,1,23.58140020980833,0.03867882062859126,10
38779291-ef11-4abd-986d-07cbf38c3aae,cautious,0.10759650941953786,0.0,0.05662695251156276,56.25941318632982,0.7236644971163726,0.0,48.0,6,34.44704459878305,0.28849689326674094,14
aad049ef-2a1a-4824-a6af-1786390dfaed,cautious,0.032766073047852284,0.027973302705126876,0.039627994451844534,21.000478555396995,0.7861786495025715,0.039797154533667535,70.0,4,38.21694825992406,0.16491083335428008,8
bdd97519-f3d6-412a-ad73-20242131ece0,cautious,0.032483847382145145,0.1441484626446773,0.2588728072961745,102.89661360940836,0.7712125004396624,0.0764425035979963,36.0,6,31.048805897498625,0.0011006673401317817,12
5acce731-ff02-47b2-b571-6b510365d1ba,cautious,0.08356449395125026,0.2089068249771953,0.037408671314117195,79.13489062492056,0.9240410377126067,0.260737648894642,46.0,2,36.091120970541624,0.0749626483708679,17
21831225-6919-4848-80b0-e9a307346e28,cautious,0.09616142076091411,0.12405344623489553,0.016447214760172572,135.53067983780232,0.9490941388768075,0.08862498002918515,18.0,1,24.480143638823044,0.12810663195440788,12
c0906d0c-e6fa-4cd7-a795-ef24c61d7d8c,cautious,0.02894105151995128,0.03305952912822977,0.15353446529733278,59.84786638520385,1.0,0.0215846171526157,42.0,7,22.372873299782604,0.019309703084382405,9
51f5450f-f1ee-432c-ba6c-31600214c38c,cautious,0.047883832126251344,0.11006922681226902,0.0757180167852998,260.12528087237155,0.7721450845895946,0.1268069136918803,17.0,7,25.732248132426488,0.07696422288611503,11
cba0890e-2867-4754-aa16-685d8efe160a,cautious,0.11707160492763014,0.18016150086197646,0.05309947278727071,165.76739683951402,1.0,0.1110270838063544,24.0,5,22.774800582326236,0.04526136290354011,14
ef54f7be-bccd-4dcb-a50d-2b57edace94e,cautious,0.0198981285301979,0.14017076901668113,0.0,42.113392129382916,0.9204485433856786,0.0,64.0,6,31.160136353562294,0.08771410382927819,14
f024b0b4-f171-462a-b31e-721d5bb63265,cautious,0.17526248102580355,0.36317474166393077,0.028050156779534326,92.99598200763216,0.9660012445817701,0.09156098791428638,44.0,4,31.35808046786923,0.020563151385771403,10
92e0d7ab-28c7-49bd-9a99-9515b1539f0b,cautious,0.02208428811442382,0.04933699167398815,0.19846043274787395,49.05702574432863,1.0,0.009287803919817771,67.0,5,15.201789368040075,0.030737104284197337,14
e783f30d-4466-457c-82e6-f09b8d1e0d60,cautious,0.0,0.0,0.2022931217224665,164.25813456167336,0.8743442917282029,0.15432446018940396,59.0,1,22.984242675625676,0.03683814643221582,9
f6179343-4422-47db-b9e4-c1fe87493f1d,cautious,0.07853912897733864,0.11338030515772686,0.07056552310248676,134.23427881538964,0.9738699846262966,0.22025993541285527,32.0,1,29.863369208773154,0.015682087290180845,13
093b7ba6-edef-4e28-b7fd-406d35a493fb,cautious,0.04932343782587506,0.13212745787443825,0.018928335118530974,212.73011281036815,0.9069473349559355,0.19019321870391362,69.0,3,35.98002668410467,0.2727240052889635,9
1c27a105-6e18-4149-9a33-1519ea2651d5,cautious,0.10498134411776525,0.01669513495670647,0.09218055388208074,39.73253269093544,0.9480244480661549,0.21205320322491109,71.0,1,14.950586896888947,0.07924369890956012,13
cdf3aeb8-3c7c-4145-8c9b-979183026676,cautious,0.020442967802314728,0.06365811918647145,0.16349316383702248,43.18361889597605,0.9442195278969508,0.0788261858503442,59.0,4,18.33625225983761,0.02551726280387701,8
4df92e22-e923-431d-aa03-12b0b3da7066,cautious,0.0,0.017734796526482573,0.008578649996889388,26.497119423539488,0.9670686360813715,0.11659260368095527,30.0,7,9.716400128146267,0.3311325450160137,15
6d4a684a-bf03-460a-bb02-c255ba602bf2,cautious,0.02624010484396254,0.02981087382450112,0.0,64.14632901720321,1.0,0.09239938193184831,31.0,8,35.20103358357743,0.008902217631075503,14
bedd0485-5a30-49dd-a3f4-e7b7e154e6fd,cautious,0.0335501854017234,0.008262101894223323,0.046531858078863245,34.30891012837283,0.8305738460104047,0.3194298809070593,66.0,5,38.78592413204708,0.23718592521362503,17
a3137ce5-a329-46dc-a8bc-f884b95cc48c,cautious,0.05180747403365596,0.0587631078381679,0.0,43.66458520825319,0.8546069667981531,0.3519076606700798,66.0,2,22.156018814989157,0.033606910341871396,13
8e583db4-8593-4da1-8232-0e4521067790,cautious,0.020422478612121812,0.1765195725612383,0.0360562139633559,87.64911253933376,1.0,0.0,70.0,2,23.5774977208212,0.09933028715605839,17
de3d0eb0-3a6c-4851-a80f-19c82582d0e8,cautious,0.0,0.03945662140122343,0.004342441718986664,61.26211231628746,0.8504723117836187,0.0,27.0,9,26.354580758888492,0.2207786208965819,8
2cb0994d-478a-4b14-af64-7f1a7608b1c9,cautious,0.1723423609564956,0.0897533228774088,0.019063558812365308,229.5421562859973,0.9559530287844498,0.1820751152286568,74.0,1,26.59192729721707,0.07792305195539269,14
79fcb92e-5884-4b4a-b5e5-d94d442b68ec,cautious,0.22035566572867724,0.0,0.029735599778303923,104.76536968389098,0.8930354995270359,0.048083626129043704,29.0,5,17.020157246087805,0.11076746762779571,13
7aac5427-ee95-4790-8c3e-73370ee435fa,cautious,0.2792809482999766,0.008488313242868858,0.0,13.376137781267113,0.8987501489911499,0.27130612234004986,40.0,2,22.409455899801006,0.05936304509187552,8
136d19db-e326-470c-8a95-8374da738e94,cautious,0.15816654455564721,0.2445605006633153,0.06278155010029207,158.24392348169633,0.8260894223195797,0.12304669069898985,28.0,3,22.66520502562888,0.10204886843481156,12
23f560b5-d4a2-4020-acf3-1f449df0e751,cautious,0.03707819720203108,0.03298695665163005,0.28294859159695424,186.22485754768155,0.9280011699297047,0.11003835361381649,39.0,9,25.850457297706594,0.15285717657559791,8
45a20fdb-fb09-4b7f-b341-38b5a6cf6ffd,cautious,0.04137351157409756,0.41539508269340547,0.008310990890615027,76.2141875548022,0.8792352728806675,0.1570725562511046,46.0,2,30.12351905507958,0.0607363118620378,16
17c269a1-79d0-42ff-aab7-b57023eeb1fb,cautious,0.0,0.07377891270822336,0.051687531869822875,212.1301959002175,1.0,0.026617529255288378,32.0,6,26.96520101691467,0.0005440582083544784,14
e98469cd-b2c5-4dfb-9162-c3aee4b1d509,cautious,0.1951029417473119,0.03976751500982108,0.004013677132807933,108.9458298239083,0.8994825900782677,0.317744844283997,21.0,5,38.80246879861416,0.1750845990736463,14
b601ddc9-95f1-4898-b80b-0207a121df15,cautious,0.10191266123434241,0.10171130051502986,0.0,61.36849680049472,0.8546892700567195,0.054625089940900914,56.0,4,27.844974838883576,0.011241937323904855,13
afd85d31-fab8-46cf-b254-bf3aac332096,cautious,0.1232884425883668,0.0021428332310418634,0.0785160715150974,86.24237169523256,0.9312336313319655,0.13043905414185208,11.0,8,29.599721561346335,0.01285735035087226,12
7b07c2d9-da81-4d67-98e6-064d27cd3251,cautious,0.1041007805611391,0.021136862733868576,0.11971757492111548,85.35459415583406,0.9382139380812942,0.03481699791648518,12.0,2,24.331773072071577,0.04597857958780288,11
cbf168a3-2f8b-4f2e-a233-dd7067848503,cautious,0.08156671270482177,0.18424323583974578,0.30348459058773064,88.57644229239257,0.9556662509094647,0.12533401889392706,37.0,5,30.653519256979088,0.032824938709735324,8
4fe5c155-864b-4d20-8af2-438abd9b9139,cautious,0.18055177053607926,0.0028933016507883963,0.0,111.84796132481789,0.9578658474027175,0.03625800435105381,42.0,7,25.024214342123685,0.48210107179005185,13
35305b6e-d312-4510-8367-3f8a93cfc477,cautious,0.025289956749445647,0.0,0.25606732267908333,224.2779927044206,0.9110593240420527,0.3638460604787122,60.0,3,31.527251878955084,0.004917300615356249,9
d8b48d0a-9563-40db-8cf8-b780616b2c39,cautious,0.13759403007166376,0.01945540919672934,0.05054120564186977,101.95375380003667,0.8343508865556042,0.08491635902120764,65.0,3,19.573047439290328,0.20952141199019858,13
dceb3c4d-77a4-4036-a90b-284dc74e2d7d,cautious,0.13246126461594152,0.11610083318487287,0.0,38.4724522769467,1.0,0.23155261661687493,59.0,4,22.38681472686612,0.0018196601981039346,9
bb4c8bcf-7b45-4f86-93a3-1727ea71c464,cautious,0.009859227781211934,0.001657699808689097,0.17366420409852606,106.9961588994403,0.8892080596639871,0.033534427647850126,26.0,8,5.6127234046121615,0.04712090455448928,15
fc2e14f7-4862-4b02-a011-9021593daa58,cautious,0.09773490020918722,0.0,0.1786568510823429,296.5728108281915,0.7679788267238978,0.1249693687317488,65.0,6,18.702955259128363,0.05271149354425713,11
f39b7b5d-be0f-465f-b3c4-6d181d4aa761,cautious,0.18393568128883858,0.01477356821546296,0.06802689645497703,29.047246357162628,0.9460019413446218,0.16036654648457732,77.0,5,36.10837472879806,0.10175404352200319,8
1b083d77-0111-4c1a-82b7-05733b7a568c,cautious,0.13939623433786283,0.01777566474006323,0.1191657474830148,45.534849820498124,0.8708516617847478,0.15727281321625855,22.0,9,18.418728473831003,0.029448987519269818,14
b5ba369a-0d52-4f34-8baf-86adce65c723,cautious,0.04066132298146907,0.11219317583797157,0.1358798737791542,129.17010290509742,0.9471370615472323,0.016341100939734256,67.0,1,15.404517223665627,0.12185549805691902,10
6d33eecc-d2a1-4814-90f0-5b3152ded870,cautious,0.14050954884885783,0.1697686612335638,0.0,20.145661375241577,1.0,0.02304637931100363,48.0,3,27.0159960812815,0.04491990883987696,15
1a453f8e-e650-47b8-acb7-313fbae16ac6,cautious,0.09113036920089619,0.06743423884643754,0.1436169383054616,102.42386771977748,0.9416613418731615,0.2406980096605462,22.0,5,28.196949259071104,0.29055793845205113,8
8136d392-e7f9-41a9-862e-e51fc6222bb1,cautious,0.0,0.0018043840063739283,0.04417674405237267,83.75676252844629,0.8986314322671733,0.04222988649254092,49.0,5,30.44074151600088,0.027013246058030384,9
f039f8b2-cfd9-4557-a2f6-4accf6ddc95c,cautious,0.016078952705569347,0.1944477132836146,0.01674774860368151,78.07908563851433,0.9251044452771885,0.18863021374583183,10.0,7,51.97456651533415,0.08687522517483981,10
2ac8c4a1-9aa5-4349-8d37-10923bd3ab3a,cautious,0.21025563014247253,0.05230698611633475,0.07265480557720728,19.59725688961814,0.73753393584179,0.07264915425579091,65.0,3,28.498283916598762,0.08572360043033427,17
b976cebf-c1e3-4630-8066-b990ee6e6e63,cautious,0.22942745337818105,0.0692962377441859,0.1663243516260612,241.380561311239,0.95218281341261,0.11899025528030524,65.0,9,24.347647036841902,0.035361116372127355,11
027f031b-7b14-491a-8549-a3aca2545295,cautious,0.0,0.0,0.14510160050258375,101.81862960426558,0.9713241376289885,0.0,20.0,7,25.31903412517428,0.024447064467373904,14
3e2c61dd-bc82-4683-9490-81efa3a26db4,cautious,0.10502769361783718,0.014498496951876338,0.04360705763573712,253.39341113161856,0.9571471260226496,0.18129825181973933,14.0,9,28.22610002136544,0.029976486600537287,17
69569b39-25fa-4c49-bdeb-76d8e38f61da,cautious,0.26179322683278716,0.012886186652524952,0.05176468459725156,105.03462937176965,0.9869612792493186,0.018852318807842383,69.0,5,23.59393624090719,0.3761716296723335,9
94f6278c-1fab-4c13-8c8c-deaf3572e405,cautious,0.08976084881679479,0.013862847937667457,0.08299499519805384,172.41821580294112,0.9928459919002723,0.14106797306997887,25.0,2,30.307211749332406,0.17519235913488526,12
68c7ca60-5d7a-43cb-8e63-3993d0098a0f,cautious,0.0173689451044675,0.0,0.12478652511196879,167.47914299393108,0.6420398865704534,0.10800309123392116,27.0,1,25.827615501683894,0.01884049097103359,16
865104f3-a335-488e-a945-ce3b2be1cc98,cautious,0.12466352620284356,0.2862862839413352,0.05773010796952945,187.99645098038548,0.9529178728566415,0.14682755559894808,45.0,5,32.568781191027355,0.17944267278849668,11
6bab5c9b-d946-4525-8e93-ff26f684eef2,cautious,0.20014594801270746,0.16522542446722902,0.05741673073540246,28.270205033781735,0.8788021896906291,0.02070905343574318,31.0,2,10.385647980867168,0.13080644544644465,8
a379498f-3a3d-4973-a110-c6e75b9bd80a,cautious,0.0,0.038591774263463274,0.012989161708241541,60.98458396505795,0.7162261680008991,0.11466365462126914,72.0,8,17.9520014933529,0.0419787260813859,16
1bee6d9d-d511-4588-9643-0ef35d983a38,cautious,0.22090802019069775,0.06669778349668622,0.016055177230689683,81.09815645776958,0.6043638207911237,0.06950216471850423,42.0,3,28.689476207553152,0.29021141100016384,11
a8453560-c997-41cb-bc99-e829e6139ebb,cautious,0.04546709453723244,0.03225850488068845,0.13838717766448358,36.44716055378986,0.8273320721590521,0.055434949623111324,31.0,6,28.512860030591995,0.1334908196797327,16
9ff9371b-188d-4840-b196-0c7fedcc9fde,cautious,0.160633474228589,0.0897295643327405,0.06035225904189846,236.48427233447728,0.9211399519816893,0.10172667274286086,26.0,3,12.574768002536725,0.0355135458297812,11
aba8349a-a098-4a40-9760-1e95b454d18a,cautious,0.01717827679059073,0.09012827794634826,0.07712068880222998,72.76493038172325,0.9322443141881297,0.27260582358732044,10.0,5,24.600430229233496,0.03906882194317228,9
16d3aa0a-10c2-4c46-9a42-808bc708df6f,cautious,0.08727059719630977,0.04093415833328751,0.09524016798853563,25.767293642900785,0.9828442634292098,0.07717290311664494,53.0,6,8.434061082168604,0.18258569656805526,14
68ace29b-98d4-4f0c-885f-470b1da6ed35,cautious,0.04279626408533338,0.038560335436454776,0.07635940839364203,75.3169930826621,1.0,0.23309019870846157,11.0,8,33.67683489165308,0.03486848524389356,9
aff52292-cd06-49d9-b388-7da510a5f602,cautious,8.990249179961426e-05,0.40705292320976083,0.00627118020106565,180.46488286846812,0.9065316007012351,0.025991967983390835,49.0,6,46.2504980143176,0.08972671622507555,16
17ba14ff-d279-455b-9d74-c0c76280c3ab,cautious,0.1572323656761324,0.041643114945293686,0.0,297.4042541304098,0.741609988265612,0.04860433659438429,51.0,1,17.186181792151032,0.1287423893639256,17
b33b1d27-ee75-41bc-befb-e62730144dd9,cautious,0.17662838378020126,0.19954846605889867,0.015035838724735837,87.50260654224951,0.9412850081391892,0.11734786832896182,18.0,6,35.04776590197507,0.36393332265340755,10
d2358754-3994-4a12-9454-f95a2ca6be75,cautious,0.07627601698596738,0.147116262589018,0.0,76.1313324125813,0.9795530695530584,0.08192794864559584,60.0,7,20.96759342148448,0.17966851277611576,16
79dbf7a5-53c4-4ad9-8b6f-b8e08a583ecb,cautious,0.22246474933923127,0.23171296516274553,0.16119104485278218,97.57751412191192,0.8873936263172681,0.08665703257961471,73.0,4,40.08663010959823,0.009768084038144994,14
66f377d7-937b-4b49-a1f5-6c927a279b3c,cautious,0.022584092258151056,0.15956368318860153,0.01656846559219877,46.24575665010811,0.8757642493639669,0.24690530160604837,58.0,4,27.82896028375634,0.15270343163295128,9
6116f4ad-be03-457d-bb30-d65ebe46badb,cautious,0.17259063728116775,0.054669121220078595,0.1061095928061088,137.76308885902094,0.8903641289601947,0.0,54.0,5,31.821624105022636,0.14862507442274467,9
b6f9214a-7141-4a2c-9213-e4ef72e71212,cautious,0.0,0.10853525462344353,0.12659704697150048,39.801982044581955,0.9804247642620145,0.010370520851896076,32.0,1,36.14745223112924,0.09680530835178151,15
713e29c6-04c5-4afa-9d8d-decea03e6667,cautious,0.027643363778507696,0.06792967341090694,0.046327622471594054,34.05363287601906,0.9630348789210564,0.2690519170270983,16.0,5,15.9994115580701,0.05277417060444359,9
1ddabf30-f801-4831-b170-acf5568ec8e0,cautious,0.13756031830950757,0.1386028072609053,0.02401061132446057,193.12891059972534,0.9519402481974752,0.2565875882882434,53.0,8,23.05864740076924,0.03415440390104475,10
c483d2a3-5e1d-49dd-ab66-3c8c4101db2b,cautious,0.030579585366462672,0.035878673661693145,0.31018407029172396,82.10508619758812,0.9263208706935457,0.15161186254228443,42.0,2,18.850173019917413,0.04040326939410173,17
bb958c12-d504-4436-93f7-f1c70a93be4c,cautious,0.1798052111911392,0.08993581265202372,0.0,211.33872685543014,0.9538416280771246,0.1472730380533404,49.0,8,17.310628441058807,0.06471503864716344,10
f293b4c2-9d4a-4ed4-a17f-765cfeb7656d,cautious,0.15952718477899716,0.048495620448231226,0.05720085043398199,12.533932950978564,0.8251310247029938,0.253616041780915,75.0,4,20.052339785186305,0.016542758075112445,13
27d086c2-df8d-4c65-877e-add13964d5dc,cautious,0.08157399476651735,0.14504894343558983,0.0,152.28867533435053,0.9456461879870157,0.11397395169534885,51.0,4,20.308229256949566,0.13039562988604525,10
4332759c-57f5-41bd-ac97-afac5965f3ec,cautious,0.04661535072565373,0.0,0.026315611275223007,253.19943376498256,0.9693378629704394,0.08696718827113747,14.0,6,16.272124038108338,0.3973139522547718,10
b53cd906-5d17-4a6c-96f1-be0f631dd398,cautious,0.12670367754128362,0.10366859816698008,0.0,20.518277651605622,0.963882289569108,0.06564491653571089,70.0,7,18.658216819895685,0.21757941762722577,12
e937c5d5-ee0e-41db-bad5-373e1d40ebb6,cautious,0.0,0.0950972929273374,0.23046291935634314,53.424229125123965,0.9932263739990663,0.11155706236078147,40.0,8,30.333915478647306,0.007860121228601346,14
acb613e5-829e-45d3-a83c-d61a456b29d6,cautious,0.09759032655285674,0.04327606785899662,0.043484207548223214,41.04323858377667,0.7331887640604265,0.003579190378641753,67.0,9,29.464822505128524,0.008289064836705962,13
53ba830e-4591-493e-857c-ef657e67d581,cautious,0.008702184430069588,0.10621758653005478,0.09840312835459183,46.50061288869861,0.7839315004572343,0.1399626280361122,60.0,2,31.846867057938628,0.018246419259338426,10
4052d946-41cd-426e-a3bd-5400684f2b77,cautious,0.08069066790985754,0.055114532671781305,0.07469024952548323,152.53605566569647,0.8694070821755215,0.1648402358288329,39.0,2,20.2160523495624,0.2520669770744818,10
36a276a9-bd67-4b9f-a1a7-053f423cb4a4,cautious,0.02911400924592289,0.16090370236162874,0.10643905650603977,80.22499250529431,0.9016710668965066,0.22652963711580243,53.0,8,9.841125979961916,0.1253485007032373,12
95f9a98e-b2bd-4498-8900-23d24fdac498,cautious,0.06841011948295261,0.06534039548772766,0.17147357311029157,83.18894700615131,0.7333754372667428,0.16110381234946597,25.0,2,41.861050629620856,0.046682925501759766,10
f0d4de49-cfc3-4cfa-9238-fe3e006277f7,cautious,0.03294552221100447,0.10814317405278215,0.06320603446187764,54.56285659105794,1.0,0.12925647966730325,23.0,5,24.694144424520484,0.0428677343642463,15
d86ce348-94c9-41b5-aebe-4dd7663f708a,cautious,0.05935225180373306,0.19560256861683184,0.1755303662063885,58.409008947690054,0.8857731790878794,0.07436918595252476,69.0,1,21.522591563349007,0.1523775882554613,10
f8afbcc0-93d0-4871-a0f9-2c2b99eb6a78,cautious,0.0010378085882308888,0.05214942749584585,0.21885756905204187,164.73333749813872,0.7590711307974733,0.0,67.0,1,19.02881101252993,0.0026866034733020144,16
4875aca0-e082-4912-aafc-44be8d55ec7f,cautious,0.030415167167046477,0.12854164240281227,0.03277002014556533,45.84047910971974,0.8775961720095602,0.051632254762586774,65.0,1,15.577277440344332,0.0230279784764277,9
2a5f33cd-8009-4a17-92e6-8443941f50e8,cautious,0.032127235945328396,0.01225134449500384,0.043717316323239566,90.96854807706978,0.9313700911718228,0.15695059460765073,44.0,8,27.914531380719232,0.0538519181881314,10
e6fd95ce-5931-441c-a33a-6dbaa2fd7099,cautious,0.35668814218909844,0.11871500119314445,0.0,86.24352384737387,0.8266242347785003,0.0,18.0,8,20.005615442036955,0.3277675083363865,13
acf0f61a-73d7-4140-87aa-76282b463408,cautious,0.06171449970584538,0.24883795509019996,0.1063157374895369,281.1584166812816,1.0,0.22235408687984573,54.0,1,28.89711795903947,0.030252984805870936,10
c0c5fa94-df6f-4606-b017-b99b7d30f232,cautious,0.04525888168813821,0.0901411461780776,0.11503256061140879,57.78543017822281,0.9406161326722897,0.13509834327740394,31.0,8,27.280188149197418,0.162555222993522,15
df045ed9-f1f3-4943-ae78-ddb5bc8c9612,cautious,0.2617646216385133,0.22632088258839703,0.06946361123715034,52.108819571646805,0.914753787456936,0.3860904411670247,21.0,8,28.108791603400142,0.06755478542691327,17
8c1e1a10-aa88-43b5-b93e-becbcb39585d,cautious,0.1444343602531915,0.06410833259563255,0.12954650153164207,233.66900260690468,0.9157029296407839,0.09980449796596341,30.0,5,13.89604047698072,0.42791652854539663,17
4e3d32cf-9ae2-4534-b469-99dfe1db1ece,cautious,0.24036604496038938,0.17449625819497122,0.376842824164222,74.7546474862643,0.8769753723370697,0.08685666050396043,41.0,6,27.448637092246788,0.10525466350475139,17
a3e21844-c4f2-46a3-b19f-80618f644e6b,cautious,0.0,0.219268892254131,0.16244096654742599,117.50340607623686,0.9534309700269233,0.044465571026798816,21.0,3,22.567708859686118,0.10412274624840767,13
0593d228-8712-41ed-b571-e3393dc8fd87,cautious,0.07727729923315914,0.023472157947193203,0.08658800452872431,136.69764258273707,0.9760971181533207,0.03721815123044048,18.0,6,27.74246537882628,0.32562077735123784,8
bc4df277-8047-40a8-99a8-2c7191f22a72,cautious,0.048168704361562856,0.23711888100755302,0.09170149831917161,108.53848378332809,0.8744771860901368,0.174963280881933,77.0,3,22.18509679283716,0.09839547426894267,11
78496da4-f15e-4c34-becb-fdb86d89f21b,cautious,0.16300295701030917,0.1862589432302419,0.36795966882859704,210.04788490029802,0.7869089387716618,0.023793801474950957,52.0,9,31.005403157021206,0.030845415712031813,14
58897c79-599a-4c60-8ec2-6358667505b3,cautious,0.08215826845886552,0.08827853961252606,0.05330946359167102,55.87376729177299,0.9688098766454254,0.18694839201221852,34.0,9,24.62062255498428,0.1259346370880055,10
e5502c14-5296-40a4-8933-41674a50bd91,cautious,0.004199587011704009,0.0,0.06014590950397551,94.67108960624127,0.9240669607172951,0.06026042855253634,75.0,2,19.583671861402788,0.018087926140418823,11
3f7a81ff-5648-4a74-b2c3-fc370a6a0aee,cautious,0.02074673378704711,0.14157879347554975,0.20126684607039247,92.36700889214427,0.9796327625753111,0.0,75.0,5,37.40910086653913,0.09419958023412908,13
b35cc243-8227-443d-a909-f144c9ec2c0a,cautious,0.014804114529823404,0.09644130416141894,0.14077452426231496,127.9304820519506,0.7310362959155778,0.1313450505946318,78.0,4,19.804711813365135,0.01305381312099066,13
094029d7-296e-422d-bd36-80550011bb70,cautious,0.08301127374014643,0.0775202072270411,0.32870876624631307,183.66459879438656,0.9547341063208217,0.2513098394357304,47.0,3,38.99754890701837,0.21763922064916263,10
b8262e00-822e-4e09-850d-97b4591b5f11,cautious,0.16577588333808357,0.04464465692009371,0.02679492276931389,131.68901383085193,0.8302664014020057,0.04418400702888546,74.0,2,31.19779155980476,0.031026156001498075,12
4de93892-84d4-41c1-8d0b-b7b577623e95,cautious,0.08796791168210992,0.017889333224153946,0.28988341468331513,132.4539297848811,1.0,0.10420934560853741,25.0,6,19.23164794704394,0.14783831112653092,16
638ef341-16fb-4ef3-a381-54c50216f37c,cautious,0.13971168512277543,0.031718936140279146,0.15942492807002814,114.70117966034053,0.7891025384719691,0.32927067056509957,66.0,1,20.516914762319633,0.1899048592515749,11
2d1909c1-4ba4-4045-bc27-5df9e0a46cb2,cautious,0.08139890155639358,0.010141308348513692,0.07260162987558988,58.52275637628501,0.8484661257877569,0.026071680528614284,60.0,1,24.857121761523526,0.03316994346998086,15
710dbce5-684c-4409-8306-0094dfff19c9,cautious,0.12349339899144046,0.12199796518350409,0.03712760059011501,97.43198774823189,0.892605702180263,0.004677890339316711,20.0,5,35.18436787454189,0.13637297053237107,15
cc5d4da7-7149-44f8-9274-07ae8cd76abd,cautious,0.0,0.15595038240319753,0.04425031435055542,82.46473807130154,0.9201142797341809,0.13212198576262132,15.0,1,19.615984636400253,0.05977738736172502,8
b29e264a-8c73-4d47-aec2-790a0a52b735,cautious,0.10362102981920851,0.2854291308023843,0.14642829768463023,70.19703249859434,0.9550988642506258,0.0658946973135101,13.0,4,19.39134778684653,0.28418495940942423,13
aae9519e-bf37-4f77-886d-03d8d8e74fa0,cautious,0.08229331512821089,0.07017275215900667,0.41064574103775436,110.61675426761894,0.9417784197723673,0.1493432545464666,53.0,7,23.308346325158,0.020672822810909847,13
1d20c65b-9f38-4588-b2b3-e4cab40c9c18,cautious,0.015947045475340267,0.17509236334816664,0.10231385918065519,64.9086312783944,1.0,0.1254085944174733,35.0,5,20.138384650926124,0.02326133376330204,12
09dafb15-67f9-4ddc-881b-4af342ec1a2f,cautious,0.11442087303175243,0.0643598271609056,0.06474145148209805,181.40764489601145,0.964313868492537,0.20941818830333725,27.0,9,21.617086182664874,0.038396822570252495,17
7170732b-27c2-4127-af98-621124094b9e,cautious,0.15137574481056343,0.08228171163350954,0.08920824596054515,148.2752855415866,0.6962366219956204,0.03191181998010453,30.0,5,17.002175422418134,0.017315727761938543,15
1c0163f1-b3e3-4333-9290-d4bbe0131815,cautious,0.11052318630229217,0.48884639040982586,0.07621245778060323,106.28634600045876,0.9310274109072205,0.5080945720792144,19.0,1,32.29289170402218,0.06033739300651489,14
eac92efd-c70c-4381-880c-d63c3f810fb9,cautious,0.03235856035091272,0.014761617380485075,0.16712232446646463,75.94732303967834,0.9797140716059307,0.14912892236290232,63.0,5,18.09927230127837,0.3227437081395388,10
b69cbf57-2304-4e38-95a5-d07ef70530fe,cautious,0.04956609557651789,0.38253096513039414,0.05639988193277752,18.611466608576094,0.8239785716276855,0.15573252912177574,41.0,1,25.14439096996447,0.014160867452473816,8
8c2e1df5-a75b-4d76-b8c5-1cf819ce63f2,cautious,0.04413435787394794,0.0032522904197307585,0.35957840228248217,39.77510937892122,1.0,0.19110493110068016,31.0,2,20.153020777998158,0.0760301860346323,10
a654c4d6-17d7-4bf2-9dc9-9308177f0c61,cautious,0.0463503166569507,0.06353259404430374,0.11865738976578412,90.16566027492277,0.8174103429258056,0.06856455954840601,36.0,4,25.8138668384597,0.0633023126244887,9
9cf9bb98-7d98-42e2-969a-03fcb4050e2c,cautious,0.10620136022086767,0.07503195098271156,0.24939184367189943,58.2256620426793,0.9610109445321349,0.011154751047905129,75.0,6,33.53846853686576,0.13546021913414472,12
39bceaa8-ceeb-4650-b201-7d4cc62a16da,cautious,0.15597331763732936,0.014194254014611017,0.039212680217412914,227.17743456966383,0.83906362358146,0.07400380771449663,15.0,3,15.659798968753536,0.026824542773249502,12
f4b277fd-9c54-41f5-9feb-20f67fba6a90,cautious,0.06350967066086108,0.25253682243036013,0.3119625285113326,146.23956119617148,0.765892340710256,0.060493442365316966,34.0,6,23.94040650248117,0.2402958595457787,10
2bac934a-0125-437b-a0ae-7e339185ac04,cautious,0.0019507107519225438,0.0,0.28552061185785343,133.33718433439955,0.8293171918838462,0.04678293988179211,69.0,7,19.921972069105905,0.02286764844265399,16
412c4907-a384-46c9-83ad-6d4c90eee947,cautious,0.19196800793492858,0.09034516346124222,0.07232975060003216,101.93503709082816,0.9471844231487021,0.13269141895198205,64.0,9,38.651668742379876,0.005217439206764119,17
ec438f75-7e5e-43c7-96a4-75ba9ffa91ce,cautious,0.20670669461113686,0.19812573471579895,0.0,44.33435365636337,0.7559033533267235,0.14081404486131996,40.0,1,18.307320049030835,0.1017771040035188,17
5e18f605-1890-4b8c-adc0-0302a35a12ab,cautious,0.1860176609758987,0.0856154536357808,0.07799631422828117,47.62150020010944,0.8434189365370102,0.31586217626801133,35.0,2,32.298258520501626,0.05946481303034085,10
8f49f815-b597-4913-b1ac-5ee8fec000c1,cautious,0.08829267638053888,0.012610036194283615,0.06404249765835013,70.81767136132957,0.98547673821327,0.0,40.0,9,23.0751646655694,0.001535292084424492,12
71a6a449-a52e-43e6-afd6-25b028911c0f,cautious,0.07715442395591743,0.41721498795851464,0.0950714997162281,147.24597331247185,0.9940239624463284,0.007542854825828776,45.0,2,6.116420001955753,0.24072593235160855,11
10b93101-b7c3-4533-8840-8e2d2496ae4d,cautious,0.12601221563870726,0.03514465144274016,0.10586006967436806,28.77948476532104,0.6782241872155467,0.08644419122934562,40.0,8,19.100119119241306,0.1716352942900337,11
d64c9015-1581-4a72-a87d-a3737011c008,cautious,0.2799165879712097,0.0053729767422248075,0.18234358487174063,75.4216867676776,0.8112876146915186,0.0,44.0,7,19.02504340610613,0.023257126913392486,15
6c423a48-e556-4f4d-81a0-1d0dcfabfbad,cautious,0.042712420381641775,0.288553798125271,0.05854389692319052,49.03474952292392,0.8764080847268135,0.02924791615415741,35.0,3,24.466463835958685,0.044364573175797915,8
35bb87f5-23d3-4dc7-917e-f5f299b1818b,cautious,0.0,0.15788693891607497,0.21303621959909416,103.03596501115058,1.0,0.12398801228514557,18.0,4,35.140301301307126,0.05930720978389986,8
e16f30e6-e925-4731-8d8a-a2425746ef67,cautious,0.09841750572697379,0.0788867955657826,0.1561696071937872,156.53498805320666,0.9472335096827724,0.0,13.0,8,33.461082559932805,0.10864584783101665,16
ccac8f68-9d4c-4365-8e93-f3a813a933b5,cautious,0.0186769055784671,0.0,0.1020524240737577,66.95619050686305,1.0,0.02076789151347762,17.0,1,29.857351745560443,0.15122976590329604,11
e2022a64-3593-4696-a98b-dd7280b4e6c4,cautious,0.0551016435529373,0.06461741987649935,0.1548884505662491,73.66291879828667,0.8943501496647969,0.07428770162657673,10.0,3,18.57406209154301,0.016437554150298923,15
ac12d0a6-681d-48e3-8fbf-c67d7411984d,cautious,0.0763543113789424,0.017412705831886078,0.01921130412532801,93.78002324391748,0.9375888663524128,0.0,39.0,7,23.11783060185498,0.06230179590841917,10
dc348801-8680-41a6-befb-667ba4ce30f2,cautious,0.09946855799102125,0.15869117445855185,0.05355053355717014,24.080437278459627,0.9910040962553704,0.166772717148338,32.0,6,21.516026503262204,0.01509855847482473,17
495a0cba-d1b7-4e62-a3c6-0166e60ec64f,cautious,0.2980498319876051,0.1876705694978623,0.08143540569713492,161.5219959984009,0.9906546935640076,0.0,19.0,9,19.148407458818436,0.017008037281894987,10
374f3400-157f-4513-ac4e-c0c5240379ec,cautious,0.06906714705274679,0.16716813751476575,0.09248740521720902,338.39323844317636,0.8684341754945638,0.018559483216685255,14.0,2,14.779103855702738,0.024978400855569658,11
599b6bd6-4758-4ada-956f-a69c70017ae9,cautious,0.12282259091844101,0.145764960970047,0.0,81.43158302838309,0.9634982391383555,0.03390613206339235,17.0,4,26.084462152319418,0.4997308806736166,11
5e1b5da1-7835-4d7e-827c-fb6e4b419c00,cautious,0.03724936663328182,0.2074220466435806,0.1305067617500983,171.22685015221765,0.9773528515204125,0.04157964510248614,79.0,6,29.666074087732238,0.0440029030003721,11
900ab968-b7af-4d23-a686-0e42bbdbf6b9,cautious,0.11327618029521243,0.08867420793331754,0.07127807793946242,29.794797317310607,0.9960315747324787,0.0006698795073666419,23.0,1,18.48598035135545,0.006689741275239225,17
ed098716-26db-4977-9007-16b1f190004b,cautious,0.0,0.09447151728398906,0.08429859536458281,61.09593138572856,0.9171384041487336,0.046598318603905925,30.0,8,31.285403070011903,0.05447504648697779,9
f4bd4aec-5f68-402a-924a-e834abf2eb74,cautious,0.2518802935210639,0.13121085554147013,0.12452568086199071,133.92693680073515,0.9430340297612403,0.07204507670843682,66.0,4,19.860648380954245,0.16851109400333747,16
8a64e8ac-507d-47a4-8822-c21720e49614,cautious,0.14299369592082867,0.11372424522949426,0.0806986802126004,54.668893275969744,0.9207558506404769,0.05773997622861703,28.0,7,10.073368967327012,0.11931228608747532,14
5e129c27-a70b-4a50-aa21-9d45afc113b5,cautious,0.029089095608671404,0.07673032060121825,0.09888159526896116,50.01372412785161,0.9700028746193142,0.18695391085092625,60.0,9,10.085576136304253,0.2538559946677691,14
0ecacc0c-8edc-479f-bc29-ef4ff1bf3280,cautious,0.2582219510088809,0.19502848068796344,0.0,34.44680157531912,0.9054476088034007,0.002960438727178237,79.0,8,31.805268223132636,0.3539143315100543,11
3b0784d1-e5cf-445f-83c6-35694a646e86,cautious,0.04176293573299939,0.07015711041904993,0.07905654705712332,101.6481999722073,0.8306033449686131,0.04292283599383624,20.0,1,18.25515919414363,0.05370719353163305,13
739d34e8-208c-4120-8116-a02f419b8b66,cautious,0.04214243523900846,0.0,0.12125986875328687,61.26777771082929,0.8194749643754727,0.0,39.0,4,34.34024972145183,0.0668937449762068,10
5bc41363-d247-4006-9100-6afdf245bc36,cautious,0.09423811754474662,0.07453156077829079,0.0863329298765861,209.18819328018284,0.9325134987537014,0.08965469809296386,27.0,5,19.83173423877866,0.3885637135694649,9
5c54baab-7493-4fc7-a4fc-18d40396b7cb,cautious,0.0,0.09299870352160942,0.11441707966244512,114.20321569548737,0.6891444431641255,0.11313570561905743,16.0,4,24.563013330201013,0.13829402298993967,14
01a7158c-06b5-4975-b527-1f7113ec9655,cautious,0.3421632127810981,0.16055417014157636,0.31500079535887526,204.0208499326367,0.8685911787738296,0.022930554973606028,32.0,5,19.553240349125787,0.08689700003171402,15
9dbc6f87-f890-4408-a651-8ba4cfcdb9c5,cautious,0.16563790593559216,0.0015856047367576107,0.07006667100933055,75.84556430829291,0.7437959288267353,0.2568008054027034,62.0,5,24.32635993245943,0.010056936290835592,12
84d1a0eb-eca2-4248-b0d1-e787ba720ecf,cautious,0.20972148638927668,0.03650087209791877,0.41449397434368873,55.17728802103773,0.8629785596109867,0.312842367741098,35.0,9,16.494281209878388,0.2915912508955866,16
8cdb2b31-73ee-4abe-aee7-3b5b33186066,cautious,0.024888258941023866,0.12137414368247323,0.23258236530133272,130.82767310799358,0.9680422683050007,0.2352210461289211,34.0,4,31.39533520189987,0.003779274094225496,12
5fac3c9e-de56-4550-be06-de4e695f6d13,cautious,0.09258678903003892,0.06662429325401578,0.11182337124908918,57.26987158168573,0.9246617947312389,0.002891170390959593,45.0,7,10.412644579553358,0.00848479873923448,8
6bceda28-35a0-4551-aa7f-7b3f7c59bfa4,cautious,0.14990647366648624,0.36609839478860096,0.16576271412337684,19.026535681029628,0.8862177125941594,0.033246608384800175,10.0,4,18.65116613421288,0.11627735464375548,12
febb928d-446d-42a8-a81d-48fe24596838,cautious,0.03101972546387915,0.07799840335274895,0.0,125.51890348192636,0.9374371011981636,0.0,35.0,6,25.286399342317107,0.0734167037019372,9
9c677d77-3ebf-445e-a12a-cfbaafe6ab73,cautious,0.015913577334802344,0.02365023950103645,0.09049112315430126,141.87518752551256,0.7619018368766727,0.029181872695016084,65.0,9,30.97941056051235,0.017833692206065732,12
bf594036-84dd-4f1e-94c4-12bcb6dec6b5,cautious,0.0,0.18893990428581348,0.10200859477022794,111.27088861278536,0.9192557322874222,0.03122761597084226,14.0,3,15.487333932284109,0.007229453021544779,13
fd7bb20e-4542-49c8-af64-6bf593355ee1,cautious,0.14237945519135786,0.2034582646359537,0.026733809980764866,3.5460374682033815,0.9152976672476645,0.05425392130600046,47.0,8,28.611919306499644,0.09371529635719557,17
16ff0092-484c-484c-aae0-6afe435d36e8,cautious,0.050324721661817624,0.007940503003247334,0.0073379626289756875,158.23726568062608,0.7995569084906137,0.2899427587965177,23.0,5,26.55761946031965,0.10868611914654745,10
0915616c-0c2e-45aa-a5c2-9a790248f0cf,cautious,0.0700805035664,0.038781281460728324,0.009317659476984793,66.76596251863188,0.9521160157105755,0.0845274528082715,64.0,7,30.646632146598083,0.10754371484480624,8
498fa81c-7111-432e-8277-c3a5d08bf8d0,cautious,0.0,0.02719102207049437,0.05623920305761926,83.55977403723737,0.8585262878713404,0.12091020000491676,34.0,5,19.3587450155747,0.093601022950179,15
8a43e6e4-8b96-4678-ad5a-487f56dd12fb,cautious,0.10619484806449567,0.0,0.09289896427377284,98.11771847672587,0.9581581618609568,0.04170738180596377,16.0,3,33.19524719414714,0.10610416801261621,12
4d7ff7f2-1622-43fd-97b7-1e84248820e1,cautious,0.0,0.03237626933027746,0.18105609312075546,123.32546873606583,0.7851708797076581,0.04560996735584176,51.0,7,17.333702375910445,0.1204131225927949,15
660c09cf-169e-48a4-a179-ccb8e821d0d1,cautious,0.11260801560014234,0.0702113085721057,0.06663188165627087,42.839246387449606,0.9498291937023616,0.03980488519028461,25.0,3,15.570202907754158,0.49453203039400745,14
482d002e-d59e-4cdb-a445-e05240ed2bb0,cautious,0.015094319810977776,0.007614086648979272,0.09595362445976145,94.79370932752775,0.7601587474924244,0.13616090542683626,78.0,7,21.7775595637582,0.11163523593646352,11
b28d0d42-ef6b-4ccc-8a1a-cd881ad5f739,cautious,0.20656672600893247,0.025430701784745803,0.0,76.80373565480846,0.7687207272374919,0.14006909903408388,14.0,2,34.30020512723998,0.2698938816294212,15
108228d3-ec07-4977-a045-d1b590fc1d3c,cautious,0.08670748075439312,0.12538949162642976,0.2847717833075183,16.422298329495188,0.870605784054735,0.007595169516358054,25.0,8,31.464850239660024,0.18580916661169863,15
498c21a4-b20a-4de0-b4e7-687596bd2ef6,cautious,0.04323984092600311,0.04189026897906477,0.005116438271707803,69.16803278480171,1.0,0.0,36.0,8,12.723177337192915,0.12685594524874125,14
0682fc68-8fb6-4e58-b2bd-1913d57a6ad6,cautious,0.23588154966656003,0.0,0.0,61.59141311377455,0.9059846164193084,0.041877838407121615,67.0,3,14.33271624410994,0.2291672295822837,12
21b43dc5-ee38-4bb6-953f-75240e33745d,cautious,0.18276242772107967,0.019152794378515626,0.020318024139962854,69.68234954174012,0.5029502220718978,0.23041489365046827,62.0,3,37.21185035074439,0.0892920962622338,13
c1c0ed28-83bc-483b-bcd3-d24f55ad9e72,cautious,0.08926547394629511,0.0778510512686354,0.19841817617644048,77.89101407728383,0.7144932061916872,0.12664062277530402,49.0,1,24.71307642505728,0.38051263343367175,16
30576753-4ef4-444a-a706-7701dd67d732,cautious,0.02609449468516229,0.0646795299530355,0.04162208293535008,144.48686780091205,0.89508858587821,0.0,58.0,1,27.688812820086945,0.012131383141492725,13
60367a8e-3fa1-483d-b7de-8c3b76ac5745,cautious,0.09505277330248894,0.08340024412073904,0.015693603500350258,49.81515210059539,0.9084996533113091,0.051788403062208666,22.0,1,29.93592012036447,0.1562692743228236,15
9b16a260-8e6f-4f17-86dc-1536e7a6bf8a,cautious,0.0012257444466771974,0.054024408106025885,0.2922351411574737,28.00013101906898,0.5995642846447788,0.09075266044092226,23.0,9,33.38906520327311,0.12050568555250123,14
d901d22a-25a1-45a5-a53b-ccaf10f67e8a,cautious,0.05336173929516568,0.035567283238837816,0.2061201943383123,73.74404102743837,0.8790458726357593,0.09502253222678701,33.0,4,21.698577423065167,0.04236643494103297,16
b7657559-fdba-42e9-8753-ffb9f80bc92b,cautious,0.03730795841564017,0.0,0.181714399628988,44.048681436527666,0.8281410555676503,0.0,52.0,3,26.00934507541602,0.17482201212165113,15
3ee8583a-1ee0-476f-83fe-79e0fba16a1d,cautious,0.0,0.3061159347802392,0.0851327840785859,129.32855954648502,0.9494349370523337,0.11351394721108635,20.0,3,31.341195757984046,0.12896972534259615,9
faceafbe-0005-411a-bf0c-7cd6a0c6d36a,cautious,0.12631634999049082,0.15072665961774803,0.020986362860115612,60.913101639585065,0.8785481546666537,0.24175539405425556,42.0,4,23.488070050648183,0.02507471353634246,9
d1faf5a0-e3e7-4d48-9c6b-f17f2474e5e8,cautious,0.047434826858224144,0.0021658529737858326,0.015797512667243822,137.34094192716753,0.8799920780835879,0.1630356181720099,23.0,9,26.706799420105057,0.04698638151994509,16
4ab9dcd7-2f1d-4076-9612-1c0ea79cffd3,cautious,0.09387527428125504,0.035202219088674054,0.12755859861434587,85.52072196631221,0.8141295337778939,0.045947233234889126,16.0,7,23.32455174619208,0.1719552279630318,10
6451a9d0-8a23-455d-8c56-6c2b91d6074e,cautious,0.07561129061929316,0.040671434907543734,0.029093453703164025,113.67496824342757,0.9927564198644868,0.11496744328310601,44.0,9,10.943007838676438,0.02957886169951846,13
093f19a0-9bc0-427f-9177-51448012dd41,cautious,0.05897498346149267,0.019330196716458678,0.06985775650940822,47.02966664409789,0.7982434732544225,0.45500233038718507,51.0,9,41.45069875545511,0.11722191219351852,13
c415f674-1159-4724-9142-dbfd3d0deb0b,cautious,0.04737801436074792,0.14247189258029755,0.0,124.8494527622442,0.7743406741740464,0.1751644360819573,79.0,3,24.579256872041256,0.11153631204660046,11
95831a10-3c5e-47a1-85bd-91d92cef315b,cautious,0.06673493939122514,0.0,0.0,56.02020651162199,0.7905712638340064,0.04385351856759862,18.0,7,14.499719914198101,0.05705552684281088,8
efa478f9-9676-425d-a1d7-0c03a0793479,cautious,0.34347051890857333,0.17127207899377017,0.04983102142792456,43.335208038076466,0.9272038180422417,0.04747085081600155,32.0,5,17.472545998854226,0.34128552136816726,17
5a8cc4da-7c38-49e7-beae-c151a1467103,cautious,0.1160045591625852,0.05159633802042969,0.08120623951822538,67.32284594691083,1.0,0.1989690219810325,59.0,7,38.285607032986306,0.061644239136725086,12
0bc6ff14-d9b6-461c-8c06-a8551105b7e5,cautious,0.11657843335400755,0.2266522827766521,0.2615071620656977,63.483732948678636,0.7523934370610578,0.13984760710552577,23.0,2,40.032726081960014,0.4053201525573857,17
4db3a8f7-2f44-4b69-9a93-91792d173c75,cautious,0.046358024152473226,0.07087864529180948,0.003502627163272834,27.31866297497098,0.8494188390881524,0.2620296386426707,78.0,3,5.0,0.09294878033280567,15
2af9425a-a23f-4c71-9a96-36b154d45022,cautious,0.03379759462261744,0.09882641271815495,0.043424214254619814,68.12753421696283,0.8650685017307108,0.2427237764973675,21.0,1,24.81404811971889,0.07228278515173898,9
d3b5f5f8-e011-43ba-ad66-8d40fda29d3c,cautious,0.046250244956754144,0.2627432248642058,0.02742394239721372,193.66506739053577,0.8919393674936894,0.09409840824828344,35.0,9,10.492547534611637,0.28372316993443164,15
f883a4c2-278a-45dd-bee7-667a90724c80,cautious,0.2262419057860539,0.029982536035985198,0.18953883723819553,133.03275840719488,0.9724316365888238,0.048134632115630335,32.0,4,25.790951608010396,0.14616710127811172,17
2461a6b3-2667-4bcf-b9cb-d3050a447e78,cautious,0.03669402194950374,0.04151354588985028,0.07711317344244431,121.94348595256983,0.8612250053118369,0.13992875269040805,75.0,9,29.46646796901161,0.3495253626892959,12
92c31b0d-f135-4494-9812-959edf5dc6aa,cautious,0.0,0.3046539829856113,0.11767264879707304,40.34184629509174,1.0,0.1486004121465905,79.0,1,19.97065408266644,0.11797550073297945,8
bef60234-6a88-43e9-8323-d07bab10bb04,cautious,0.12078113701125101,0.08908688971050432,0.10421407964161374,74.71897609578006,1.0,0.0,34.0,7,33.13368978004802,0.11250453675754145,12
58464142-509c-48a3-8dd8-22b549878e52,cautious,0.1960464362324426,0.050580510634441134,0.099850654997077,142.23362456132526,0.9695890820308741,0.17750371855040722,78.0,1,13.158806081283258,0.0711912765082467,9
0412b3c7-012e-4607-ae3c-6221b1718c22,cautious,0.2164717338224433,0.08913066903281466,0.09482305808231847,120.82323606336264,0.8401629222580106,0.015411461155219238,13.0,3,32.41692046804644,0.038658920431394024,11
c0f194b7-4878-4292-94fb-4966cae9bdfa,cautious,0.34799043191673656,0.0,0.10264887181511859,48.06852905938121,0.9663291102267746,0.08236129745901474,31.0,4,27.44948505684374,0.08526804289565222,11
d4c0551f-d5a5-48b4-bc14-84fd592a5db0,cautious,0.17079913189647483,0.0,0.1901987433816264,111.31999630507204,0.9073083648367778,0.12199087671339956,11.0,7,22.121582282145738,0.0037329884886544906,13
e4acba50-fff3-4635-880f-9447feda70cc,cautious,0.05227243001948082,0.04741656153986324,0.04853468714191418,122.68130854273952,0.9650161963992715,0.03318209308969249,47.0,9,19.73225502144989,0.05994102207070616,9
9092d142-4ae1-4a58-880b-4bbaab85e6a8,cautious,0.3126076157319407,0.08145109188348658,0.017502608210546656,137.35961140539473,0.9613419320644422,0.08447538542586246,78.0,1,22.04285079723898,0.09648326997068506,13
8b4fee9d-637a-4fa6-bd69-697de9557fcd,cautious,0.04450117115327209,0.06829484709879047,0.08389018107021175,76.79825123285414,0.9646988785273168,0.1075418847524341,77.0,8,27.964614972498055,0.061978467330964016,11
61b07371-11f1-478b-b85c-dd1f3748f70f,cautious,0.02573509949820084,0.014419056159566686,0.2668110480113975,43.56906084186321,0.8298081488383163,0.11761785622597239,35.0,2,18.861643278004284,0.06900746628394544,11
08911f48-6d26-444b-8dcf-2dcb24173edc,cautious,0.0,0.1250362441363642,0.23283452051872286,32.01355950997383,0.856313141448345,0.34053168434346937,54.0,9,16.290921553202974,0.00797445831056144,8
603dbd9c-781c-4c6c-b19a-39565e65fef1,cautious,0.0780426588345247,0.11503505020599435,0.0883925586027634,125.2013020804724,0.8612105224016987,0.25162057031418567,75.0,5,20.340347642664597,0.05517371859465913,12
da0c1c53-66b3-4989-8c20-a2537c9b5708,cautious,0.1133198606990481,0.08799540847823993,0.14482913218647847,35.563193832969105,0.9035355727926949,0.14566439204856807,77.0,6,28.10218193774095,0.038573223824032804,12
31c87262-a731-451c-a710-6292c3acd4a3,cautious,0.0526409142256528,0.02814548683922164,0.3583741242065285,154.49253939276838,1.0,0.03530691897544145,48.0,8,20.640109946980395,0.02215325695376508,9
41fe0c9a-36fe-4ee8-acd1-21eafa42d88e,cautious,0.05480769955384571,0.16939596325406409,0.05916841131778508,19.35954353702276,0.7850385100430293,0.19963545741414468,53.0,8,26.68123198880532,0.03453097808005987,15
f09934a6-9875-4a6b-8492-2e7c9ab4e8ce,cautious,0.2697953850912264,0.0313072618741628,0.08033418952067403,243.52676966602309,0.9606383311416152,0.046479326828750486,77.0,2,32.340696383535466,0.03922329692932584,11
d35e03b1-8909-4466-8a43-c4fca714b3ff,cautious,0.014801183169757027,0.055917415956912256,0.28651015178917594,195.66504606860468,1.0,0.06659215200694141,56.0,8,17.347802622944435,0.022789220732847962,12
78c57acb-944a-4b80-8e3e-2cae68e3bb15,cautious,0.17031237220449771,0.2751958816335639,0.03145411585186253,122.51226516802076,0.8138928924751108,0.020911013860343795,12.0,2,26.0902638084315,0.0007590879606411588,13
280a2a9c-c257-4a9a-a053-a070012bafae,cautious,0.12489068415376542,0.019293525258539224,0.11981102148005322,46.4843522150236,0.9284328719557748,0.35861956304616194,42.0,2,14.234180179125806,0.23131317242526084,16
e3222ff9-cefa-4fcb-a702-6968648ce0ac,cautious,0.13998794118258673,0.036484434904467816,0.095704293460392,120.11060840923405,0.9186367411322925,0.048706039280841676,14.0,5,31.371748423699067,0.14972297294051656,9
ab2c47e8-ae72-4870-b866-85521557b617,cautious,0.10752899732551285,0.11874193274152031,0.16828054857812003,67.93877392375816,0.9433849759378179,0.05931968845053238,63.0,1,15.06278424766785,0.03493891344466237,9
95ecefd5-b036-4a88-827d-deaed53f1752,cautious,0.15423854934761666,0.05454329206615054,0.09317215685044283,91.66301022398426,0.9631678593916393,0.1263379767427545,32.0,2,22.826557242645183,0.20779136474724924,17
180f77c5-b857-4891-8501-62a6fbed7efb,cautious,0.0385177630311927,0.03597010372996279,0.030681587564548585,181.5815782560139,0.7228668624063037,0.09968465611147721,46.0,2,33.60088659671017,0.29028836808938785,14
9384ca9f-6234-4525-965f-62273150ed82,cautious,0.0274606603018128,0.1752963432523332,0.12099067090952413,77.73989622084567,0.8632923746612701,0.2426095400541328,46.0,7,26.326020894818946,0.017727309274251396,8
6252fe86-9f9c-4567-ba4c-32a2c2cfb8fc,cautious,0.09538754653092238,0.2859283510228503,0.10810933342351103,180.9440180285525,1.0,0.18851917460654005,38.0,7,23.08455807230622,0.09505007635473683,11
2ae1a5b2-dc51-4fed-8638-924024a60eba,cautious,0.13594603795491422,0.02884822726560293,0.0,55.08267816942157,0.8280392225681391,0.11960618964899421,45.0,4,33.061191962970476,0.12561664460872307,16
fcc3f945-cdbc-420a-be79-80fe2c1175a5,cautious,0.09479458746224062,0.1041674697798257,0.010165280344290893,101.65961866542116,0.8367835782365314,0.21468493381262257,60.0,2,40.640061807177375,0.12259720346256871,10
eed715e7-9594-43c3-8150-df40a5738781,cautious,0.016149889541499332,0.034861772044981615,0.05614479424442867,98.63331584677061,0.9258188273163943,0.3204380086707027,76.0,9,24.782870424079185,0.19822533570073736,17
2efa5e51-a2dd-4249-849c-b9ef80d897e8,cautious,0.02612035672106584,0.06751518628136731,0.2222226830620274,17.131439551242327,0.8497885714827395,0.03428426435186754,71.0,1,25.915889267257924,0.09309341067750118,11
cf8087c5-c7f8-4f17-9704-5cd3ef291fa5,cautious,0.0,0.0888122460898616,0.21367261684063005,61.81354795219415,0.9955794555340091,0.00827678381144303,69.0,2,32.647575000754884,0.13789639973099327,15
712372a3-7877-45a7-ad31-f64326f4f002,cautious,0.0700280039033608,0.1854768570118441,0.05173611074735721,132.22600947960123,0.9486558768882046,0.0,47.0,9,19.242131736062888,0.35822933195790496,14
e8c1063f-e079-40be-9e70-b28ce02d7fd6,cautious,0.20704981065194206,0.0,0.0,41.80005433966482,0.7222112896286091,0.0028598681439369394,11.0,9,24.704550018199647,0.013231245976474204,8
12fba390-5a07-469c-9791-5f3e0225fcd0,cautious,0.07397417971515143,0.06848009383502665,0.1148147988041125,92.00949303649209,0.9554021610304516,0.0,12.0,7,30.409594377443035,0.2689846121435724,15
7e3d02ff-7760-418f-86b2-64461dcfeb2c,cautious,0.010820558403055814,0.03456796494318133,0.023005987397752718,140.26905283057738,0.8587880294603654,0.1541937617159929,33.0,4,24.575973250377064,0.20893119070019145,11
ceb48590-c27b-47f6-9efc-979d61d05670,cautious,0.05757325474001747,0.13897203810604922,0.0,62.9894277394625,0.8661908591192745,0.3225579020504118,44.0,1,26.88218044484865,0.25661537215318914,14
68bf7a0e-8428-4da4-8a71-0fdd55f1de11,cautious,0.0014049394620971965,0.0723792860153204,0.06798845228976022,76.8102786424241,0.8181515007697266,0.053508257098536335,15.0,7,5.531685815040614,0.015468903040075591,15
0135e1a8-b865-4dc3-b34d-b4f24556dca6,cautious,0.13631739366097606,0.1156779038409049,0.26799962099517116,62.8533818440398,0.6621115644284321,0.07008047102595481,62.0,5,29.09580136285384,0.07883779233386892,13
a4d6307c-8e0e-4763-a15b-083ed49571bb,cautious,0.0,0.0863934901126988,0.13925377661423363,100.30868581481376,0.9664501618065776,0.08125692135623586,70.0,1,18.398150521507638,0.07522956935168047,16
f6fdf360-2443-442f-8d31-537caf9af630,cautious,0.14686174263086066,0.05801844548342455,0.008502872415987506,213.5539303199058,0.8817473251080257,0.030839980665645632,67.0,7,31.919064959539465,0.13186445998235172,17
81d84069-f425-4483-8540-e073a5c6a6cb,cautious,0.044092580259539424,0.0924357553025159,0.10727250918699432,108.57945403488576,0.9506694205683561,0.23310869880401927,55.0,9,23.715317768329637,0.05933588836881071,12
0b0b1a50-4d22-4697-a19d-9aada82d72da,cautious,0.08742282688471309,0.3463229168326414,0.037315252798763646,95.27194765256534,0.8855113305032026,0.22255501488263557,43.0,4,25.728351765588815,0.08219357948928037,16
b3ffd5bd-9a25-45d8-8168-36c6e68f6aeb,cautious,0.06748445746637682,0.3404913736875702,0.22646496189783075,27.457790547391113,1.0,0.08746386150085539,58.0,5,23.67529998819171,0.1828776547542065,11
31f5ab2d-f5a1-4e82-862d-f49ec50fcc2d,cautious,0.11877762324375386,0.10326368211997328,0.03679079792945249,139.9170911087507,1.0,0.09601798099330816,21.0,1,21.268563665938707,0.05566341176297703,13
891b7d82-ebe5-4d59-8889-e4108c232ae1,cautious,0.06212932451401993,0.10398793632011287,0.09621286480725523,195.389963761567,0.9200462820545916,0.3946461352444578,63.0,5,26.347207355666857,0.007755708630906238,9
0069424b-1778-42b7-885a-22ea3f80cb22,cautious,0.2827947382721349,0.0,0.28934736366552066,155.86628946880387,0.8273147158416243,0.03877047924260171,37.0,9,31.970681473989742,0.34441146662062894,11
c6dcd163-242e-4ca4-89d9-e179ac432ad5,cautious,0.056037200344232097,0.16258624582013098,0.06419430959227738,128.95609988475408,0.9619017799308415,0.019141857405444256,15.0,7,11.992289890696735,0.051529073034213724,11
b0b75e5a-af5e-4f1f-806c-5f7c29d92b9f,cautious,0.13942665123494513,0.17990280476829967,0.06646495078881366,229.77067057698176,0.6827213062841232,0.13469838722870958,77.0,7,29.144154047804978,0.0027333967342334296,12
897a5b70-1810-4a44-b898-9458dc43b0cc,cautious,0.11238211418008318,0.1301800895813803,0.2254965708034088,45.38541483964587,0.9643463477077646,0.2407943361493475,65.0,3,26.01010185189648,0.04554000610080039,12
c4973653-b5b0-4597-b83f-3dd0e89f825e,cautious,0.07545043889770148,0.029490493054286113,0.07087319806915661,36.39233604499392,0.8981106746564362,0.03553497630434056,62.0,9,21.317794866813617,0.006749199744432721,8
9bc16683-5e03-4b88-8b1d-1694e9a84558,cautious,0.05561209335673142,0.10526952961639185,0.10384495686903603,82.87825570992857,0.924769225473399,0.021524309860896314,22.0,5,10.763505234658892,0.22736619071848643,11
97e59a41-c597-491e-95d6-9e674cd180c8,cautious,0.20980518244207727,0.019334320419881833,0.06350264061673118,92.08682087010628,0.9594406836727475,0.17330722898306922,44.0,9,15.867229544983493,0.08831909156807213,11
7a4d6383-0eac-4417-ad9b-167fa1f54dfe,cautious,0.03367988233196966,0.003980390580651215,0.11121720339465123,48.81170135651644,0.7861022002372915,0.2056364535504704,61.0,1,38.45728597026934,0.3496292353878569,13
7ce7af9e-fcd3-4a24-b315-912dfbe29dce,cautious,0.09999292337380257,0.062582943770548,0.08570667485332585,58.27725794941407,0.9762891098303537,0.12098828757831107,63.0,9,15.363938309790134,0.04853896128595686,10
fe3cfc69-2ef4-49a8-8e01-99c7dadc4548,cautious,0.03937896019809213,0.033703487544477426,0.0,129.51854510005973,0.9072808530475442,0.0,31.0,8,35.6194396539941,0.2562685098451506,12
008b5528-41d1-4815-a4f8-2be2cbbc859e,cautious,0.15575076327645745,0.07247749843525424,0.06215272028670821,31.825576906100416,0.8445757341519083,0.0,32.0,4,29.541615524548693,0.09687650169215534,12
45251145-83dd-4040-b8fe-d2a1de4a4a50,cautious,0.10268636790270691,0.0,0.08018366039098918,168.2386265163925,0.7533505161794377,0.15440226240257807,26.0,6,12.81670289218164,0.08364922350189545,11
e9fcd4e1-2dea-49d1-8eab-ff4bf06be0ac,cautious,0.16500757450774758,0.0160148976604999,0.002510650806437007,120.29619759998307,0.8924085509661208,0.06744528904315203,54.0,4,29.528448198581707,0.03232316192411323,12
d8c7768d-7416-4292-ab9f-613e3515982d,cautious,0.11815217883444264,0.1963288742775656,0.1066293517156594,60.081840647770804,0.9604607085617807,0.07478409496101289,47.0,9,44.49733023007181,0.07546215980572513,11
e0943400-1046-494d-8ba8-b7cfa914ed89,cautious,0.14513306626163772,0.16844351220216466,0.08995346771518156,65.39264640696383,0.8426375475324045,0.012609910198122923,17.0,6,39.074716280494634,0.11900385762777635,11
cbddebf8-cc5e-4be1-aa0b-54f2089758cd,cautious,0.0,0.017132385442589167,0.11181616531967273,13.831602612418434,0.7950961262292546,0.12756280244862228,78.0,5,26.435702549071582,0.01198347238852907,10
5d80be67-d9d1-4e3d-909b-2de3c322cb8f,cautious,0.0,0.06868457646494344,0.07533060313376698,107.76259460031807,0.8839686700072235,0.1642079232679135,64.0,7,37.49978796320671,0.001494841074572064,12
52650e71-0e7c-42a1-ac6e-51487d5aff1c,cautious,0.13229360319007868,0.02781997731432166,0.14823291627657562,268.5737886046974,0.9997305709048092,0.2363011269200966,34.0,7,30.800298607938903,0.27622310969739683,16
d7bb6757-91d4-4e79-8ea6-2e3e8428f2d8,cautious,0.1548435773981378,0.16609021678720498,0.021202415035576884,60.78473119749359,0.8631764406332777,0.08941068506772444,21.0,4,22.117291708971738,0.018815498915938953,13
cb58fb8f-ce47-48f2-a6c2-76be27ec2d59,cautious,0.05735015053842491,0.04325374292871309,0.020775339557204408,177.7544275145698,0.793724169991397,0.08002078634871888,46.0,8,17.387889985040907,0.113584726315298,8
176c2431-5bc6-467f-89b0-d47ed049e94f,cautious,0.3998781905228086,0.04174048728663782,0.19648011645085173,27.736387640746653,0.9160390876986978,0.05712092136469856,36.0,6,27.000984503247516,0.17412253684631404,13
5ccfa558-31bb-46c2-b5d4-1c7c49e411c4,cautious,0.06590457705222835,0.06606530647620577,0.037157814723547726,168.23858750160056,0.7037013322965425,0.0,61.0,6,25.770218995196235,0.0015830049131016358,12
396b9300-6d4b-44b7-9966-a8389020d31b,cautious,0.04036019083080119,0.3316148588819329,0.10848116961091517,79.97418017016345,0.8172275306913201,0.013541182655822596,27.0,4,27.291471506608726,0.09575351311563754,11
6a943a9b-d9ca-41b9-a7a6-e37985c8a9c6,cautious,0.015305798414836584,0.0,0.019383387882889576,29.8997835810563,0.9309104351665254,0.343464982253875,75.0,2,19.531898319955857,0.054770020042847915,13
74ce0b2e-ae33-4521-a8e5-3611326db527,cautious,0.056900142312725256,0.10964014246592357,0.021035671766785592,19.148092484262104,0.9472848197949969,0.0,27.0,4,15.390274846887285,0.05401750853451892,13
f13c3d47-f5ba-44b9-a325-bfd003ee4a65,cautious,0.06580934355786593,0.11956931483622543,0.14215063922645765,21.17536505394522,0.9499118577996692,0.004028259339503251,41.0,7,23.200016573510247,0.056740076789944506,12
9f9e0f88-c7aa-4eed-bc8f-7e97c6f2ea61,cautious,0.11088723730728342,0.004513550174559923,0.10814380478088717,65.0324075158732,0.9968211798204091,0.021452597092565515,54.0,1,23.325825313082223,0.2673907452319289,13
34d426ad-a56e-4048-8848-d0481c0886cc,cautious,0.058340392383716584,0.0,0.003811335235523813,154.1245694665027,0.9775292790307152,0.07223297317550596,52.0,4,26.976528435659482,0.16974418161144117,11
3046be0d-5c50-4ebd-a558-75501ce95ff0,cautious,0.0,0.05957684865767473,0.07313957011997459,100.29585923910105,0.9411169644377662,0.07419541694193472,11.0,5,5.908966952360835,0.033415414018608716,17
7aa91bbc-3046-4012-8a54-316cae74895f,cautious,0.3649322270723987,0.06305074021884055,0.16952617526170333,92.38447284130643,0.8376053301621992,0.04612996015645498,20.0,3,24.288966690254217,0.013772622958503332,14
fc9783ee-fb2e-4105-bdab-5c99820660c6,cautious,0.05411821451557566,0.11847047012826212,0.043826906315108646,80.99290052169206,0.8821564387646985,0.09017823047782939,25.0,9,34.305698857319356,0.008149044154795925,8
c3e5627f-08cb-41d1-95ce-4d3a99be139c,cautious,0.0,0.03958600291467015,0.3358564081348536,46.16781774829381,0.9665814777866841,0.0,34.0,4,23.45431999241268,0.0030033336994602696,14
f8763862-bad6-4345-902f-a18e0773da89,cautious,0.3120478652159737,0.048639629866955976,0.07171177899643358,80.87811842307376,0.9492952052055755,0.051928835527791206,63.0,6,21.653226894098367,0.03859206105088169,16
82aa3b51-8d1d-490c-9982-577945eb0c32,cautious,0.09235775882038225,0.24025569889124304,0.026013077107768425,80.73959740841225,0.9274507198422886,0.03618058506511716,53.0,7,24.8796280913177,0.05098609073637932,16
43450ac7-12f1-441f-8b80-5092b240434e,cautious,0.19504199629647437,0.2748949280966229,0.20953871636630542,180.32216890124724,0.8808094771568389,0.020559243538567206,68.0,3,25.450373566184037,0.1017885581751926,9
6ccf202d-ca26-4f85-b15a-5c1e30efec2a,cautious,0.08759617244381761,0.034423775186450796,0.24316399864893684,149.13048179063117,0.6068077945386161,0.0664227429414916,16.0,9,22.47799709501719,0.02562189095090726,14
5ba4c9ae-4420-455f-85e1-9b57ded46729,cautious,0.12799125408724468,0.0581221074845627,0.021782317294905318,55.20995759529702,0.98060474087169,0.04066327040630726,31.0,9,24.366243569314285,0.15786006579800183,14
7408a5df-b887-4f53-bae8-df08e3eb18bd,cautious,0.12246465413123489,0.03521148651640996,0.23129950883360703,29.602636876421673,0.8605029096474432,0.09231163389262098,66.0,9,19.85761215369221,0.04846848696911749,9
2f81e411-91c0-43bf-ba4e-a13807666272,cautious,0.5750504810276327,0.0,4.2305421253517606e-05,87.48195190235944,0.8855377789440072,0.09199170800410754,78.0,7,17.325811819122432,0.08877619492526012,12
312caa04-79b4-46b4-a362-2b51a6d93027,cautious,0.41016060508838115,0.06638119516140284,0.049163448653670616,75.06412982988606,0.9363448654389208,0.16881979429973928,19.0,2,22.206597584884367,0.20731721277972223,15
79ac5589-f335-40b3-a0aa-533e2133113e,cautious,0.003701904116419845,0.07504203804850036,0.10461488612430214,155.7440845036994,0.9927794319196976,0.16137142149510933,10.0,8,26.953118166929432,0.4455913871055608,10
f81ea218-377c-4960-b72a-78a455f79d7a,cautious,0.075198871348477,0.2703569447969211,0.023009892304793757,93.35472050686946,1.0,0.0020637763464263076,78.0,3,35.63515669398396,0.09941477658369574,10
c71dcd9f-00b7-4c5d-9a80-4b795270844c,cautious,0.0,0.0783113820680344,0.06698068049830214,112.39119295205096,0.9022467080838106,0.05831969256810171,47.0,9,32.905351117864186,0.03928012500483081,17
19ced565-2e3c-44a1-aa11-b3f22e24e650,cautious,0.0,0.06353877671683032,0.020304373758842933,98.28929571914678,0.9369749594669899,0.15535317295549325,34.0,5,20.744400194620063,0.036045222505695175,13
55bfe8de-2ba7-4a6d-b1bf-c4757c57432d,cautious,0.039167599268246665,0.05058402390852733,0.017636488780077328,54.04194782431516,0.9291157792963884,0.07993432161078762,29.0,7,17.32342250119625,0.023553693108528076,14
149fe7ac-643c-4b9c-8c4b-8b4499e1f6b4,cautious,0.07374510468635948,0.2786928851533172,0.04708465006025611,92.13304333134022,0.9485546065550463,0.09594194786475635,34.0,6,27.957384396244635,0.25978925758398147,9
2b45b521-71a2-4655-a297-a3087da159b3,cautious,0.2662392979546805,0.12230564373896403,0.0455969130064882,110.73463145935452,0.9016895308750819,0.0,68.0,4,33.56699018019411,0.04362565476244995,16
5742aea8-2b02-4e50-8356-0cb649859741,cautious,0.12353334095588238,0.05777674006486683,0.038208963668985865,166.12756029402928,0.914532182054168,0.15922490262889222,16.0,5,16.308383207611367,0.09985528473144212,17
7d4896aa-194b-49eb-8ca5-7c6dbe49a407,cautious,0.0,0.04534887760284984,0.0559019686508861,70.53566520872644,0.7446935013475376,0.02667126312898709,74.0,2,34.93320885594835,0.20302286779049722,14
a3e9f8d6-8600-4d96-9a38-df73a0d8db08,cautious,0.03433799664034384,0.011842620034847724,0.23246622028680888,116.398328152467,0.7874788777383508,0.014254776390390215,73.0,9,20.289205436127276,0.11431575172440858,13
25719b98-a7e1-4fbb-8678-df71e20a966d,cautious,0.02660519280866699,0.062436170351486034,0.0,109.30834470467825,0.8975375969461987,0.07006321612303446,77.0,5,20.408161652453895,0.03541999309756596,8
82cbc532-4b36-4093-b36e-a929e33dcaa2,cautious,0.11766341541189296,0.03422009328902027,0.1330222052985126,49.78822399524027,0.8319538287036577,0.01838941466655704,58.0,9,11.171849392325157,0.275975181214877,16
25d8917f-8be3-4164-9578-9eaccaa797a5,cautious,0.18043793113975917,0.112596371706556,0.19497513269743444,56.884448034885374,0.9703336705253314,0.0,54.0,8,19.509390412611776,0.1262006554562625,12
4061b887-f445-408c-8365-5006603fc20b,cautious,0.12372249457530672,0.0072431239874148606,0.09581595824123473,9.398803198616369,0.9332886879782913,0.1557044123917565,32.0,3,12.993908113859963,0.1718917946085483,11
c37f9410-3d9b-47d7-80a4-5ebd9df7be44,cautious,0.04676353558795132,0.23067552505775196,0.14003386478998392,95.65417103492184,0.9506471165564595,0.03226497880840685,44.0,8,30.11650344683546,0.16044448095040958,12
ec381619-7189-463b-bf1d-9e91e304c203,cautious,0.026825584159180828,0.05561142802122779,0.23244635510097855,97.45701777330248,0.9091008520709691,0.2937350031347944,79.0,9,28.84474217914253,0.033107504169560605,15
4e726576-7906-40dd-8ea7-9c60e0dec42a,cautious,0.15388978681094884,0.3314143395870889,0.0014866469739900877,29.428974774074184,0.9407578402308245,0.250404986380546,68.0,1,22.360103833475087,0.019624848807470157,14
f2a11d5a-3c83-4db4-b66c-2525f453ddca,cautious,0.04307128679270956,0.1596837832927282,0.07802665502721806,152.35083918438156,0.8956281475054937,0.03858994598277585,78.0,9,24.369129147644067,0.015672685081899666,15
ed4d7e5b-1227-4f6d-9a19-5f6189d29499,cautious,0.010781171813341359,0.2321678275707573,0.11598504411829576,152.56270699569606,0.714933472069193,0.20265198022028094,47.0,3,30.978244445982877,0.010945793944321366,13
a261b611-d06a-4b2f-a9e2-7e1298cc15d6,cautious,0.18263323557983713,0.0,0.10892752368179907,149.22682288034906,0.9387249101970113,0.1444698749699982,77.0,4,5.0,0.09112556937051443,10
6e2252d9-8eae-40b5-844c-d49a95803209,cautious,0.10441928958291097,0.09178493770166786,0.09329247379046811,59.896285440964135,0.8874455678370798,0.028329193206332336,72.0,5,38.17579506103388,0.14673466441005897,17
a19c1567-62a3-46da-ac83-b607221a54ab,cautious,0.0784169550521807,0.25518732110378917,0.29190478934225217,30.629788409979724,0.8424318386272185,0.06075012784800079,42.0,7,25.11721637699514,0.05724796595425932,9
73526fa1-b365-4de0-9534-d0e1636361ae,cautious,0.026507264908593307,0.02002874591501893,0.03066544092762282,233.1620042632609,0.7539545241849296,0.13315271835042788,35.0,3,27.18765012637156,0.5306889278989586,14
2d0c09cc-a98e-47f6-801b-91ba9600ca1a,cautious,0.15055863160845684,0.055682429776433305,0.13041658980733764,30.5304482029842,0.8268585452516445,0.2794145144152512,61.0,6,19.857428685445615,0.061420264919279925,12
6fc140ac-0f00-461a-ba30-16577135fd71,cautious,0.007809675861151437,0.15210287342834022,0.0,9.880423043853295,0.9167328067511848,0.11128400563558324,69.0,2,12.983748722160877,0.030289196207391154,13
3fec1875-1d4a-463a-ae79-3bf438abb245,cautious,0.0847291246000681,0.0,0.09077508229483439,57.585302963598984,0.9440502333485331,0.15452456220826688,21.0,6,25.20131933087382,0.07913963141520455,8
ded4e435-e88a-43e1-9141-8e49673f89b1,cautious,0.08441816529416908,0.09028526204254131,0.013629472656890284,291.83441241654117,1.0,0.17018938874296044,24.0,5,13.663802111248302,0.2666901899666155,17
dc7a3709-712d-4707-b5a4-40e4ac76a551,cautious,0.02215728711138081,0.0749928051606446,0.06602497049042749,104.81771304819682,0.7364175231788073,0.05451507894681625,12.0,5,32.98348754962327,0.016469021365296536,10
0035b5c3-1d0d-4f4d-9838-ce8f3d6e75df,cautious,0.00792899117520358,0.009563863665644013,0.11266647388043421,119.06583043677084,0.9770859265083662,0.3599787982612715,38.0,6,39.119040257365285,0.009837741038910235,10
d6c0d27f-00c5-4fbb-b9a1-490fce825c15,cautious,0.0560180312112796,0.15159203039115726,0.34224259879662416,36.27076145639958,0.80800610812725,0.04434221678306986,64.0,2,19.645023266837978,0.12422980122307514,13
4be10351-a576-422b-968f-96a37cba8401,cautious,0.10626538291789545,0.08843139372981146,0.1900028056461282,25.89909347855823,0.9719734105819825,0.06105023738610603,41.0,2,25.323703948985813,0.026913012117799076,15
423229e5-d1e4-4add-92cf-f6f11a0d7b4d,cautious,0.07187629491527515,0.022431680537725124,0.043107925977107275,117.6152580222217,0.8541171021085278,0.13560234377211416,56.0,6,22.909511481935287,0.30679863105949023,14
a200a4ec-3c16-4b69-afc2-c818fff5c98c,cautious,0.11712103924916178,0.1116951593845529,0.0,84.89084070687419,0.7817080765431696,0.13060916925082328,22.0,9,11.607719961939404,0.06502784726008502,13
c18faaa3-ea53-4fa5-8ec3-2b00bc49519b,cautious,0.14498251181368332,0.0,0.07357479107374576,28.38793291050628,1.0,0.10042876783551712,52.0,1,26.41402705592073,0.3729043587328482,9
b593ec7c-781c-476e-98f8-55ea0be859cf,cautious,0.08517772890079811,0.07244271087207596,0.07314218167018714,11.471087005325181,0.8270107314400674,0.011754939473645162,11.0,1,19.311469339099972,0.17497164625958916,13
5020f46f-894b-41a4-ae5c-888dd22d5fab,cautious,0.2556539004271253,0.06772522146715446,0.25469199167412404,34.80244155497855,0.7542618918567884,0.0872878697312286,13.0,8,13.732222672403195,0.05055394686817603,10
6e528a32-8f23-473c-add6-4249b160ca61,cautious,0.08081792137318748,0.2575586512245963,0.10287014671309697,106.56088594059068,1.0,0.1320589897435883,55.0,7,13.390665549606407,0.11586573730709367,12
1598119d-9c3a-4e23-a7e0-ef2e99e37020,cautious,0.0,0.046145629601608854,0.10584006897252497,61.852325527862526,0.9387306190631572,0.13042005447864166,68.0,3,24.55296996408493,0.013092507627155305,15
25496cba-f020-4f29-bee8-642c13a8b73b,cautious,0.09309801826948585,0.48233496064682796,0.028246247290804976,42.62496803359061,0.987313986966499,0.04687298019282681,39.0,4,25.336762898161865,0.0521877186494706,15
07d36719-8d55-4aed-8ca8-7a6ff55042f9,cautious,0.0961331122456099,0.0,0.08083007462270728,69.75018229059799,0.7754832089785708,0.09098237244681358,42.0,1,35.703304740611124,0.1775553070100505,9
5392a032-c317-441b-bc95-d4777883270e,cautious,0.04462065928957577,0.18389945578055386,0.10601149026450937,292.5914570281487,0.9329741908769407,0.030190933154084804,22.0,4,14.081203526017116,0.2323042918328513,12
283e4293-c80e-40dc-86b7-5048d4f6fab6,cautious,0.10688443084443962,0.03606283844202065,0.07269365369360951,233.97058462860022,0.9117858763706248,0.05613002596458485,32.0,5,23.322220219237373,0.03978444930372861,13
98705413-74e5-491d-b5d4-ebf584ed0bee,cautious,0.16813905940051127,0.000465093487875432,0.05558940943180769,71.0388069454213,0.7762629677461139,0.11202139679506282,45.0,3,18.62981576964531,0.24346737208020292,17
0199cd07-7f97-4ec7-adae-cc7ea21968a2,cautious,0.0,0.04302376359223366,0.03871840284949523,35.014240890249845,0.9436149122898309,0.18098415693565106,63.0,8,20.011475802735905,0.16115997949378666,16
d158d7cd-25dd-45e4-904c-4fafcc020f46,cautious,0.15722978939983034,0.08322698133888615,0.005540660439150552,22.598360001970477,0.9415062633777502,0.0,63.0,2,18.436628122472666,0.13054875797629636,10
320ce43a-f70e-403f-b3fd-ad6423c1a357,cautious,0.0034428597625524625,0.019529077661296645,0.07251937221495355,82.56130452853961,0.6986015581317824,0.0550061682317778,16.0,4,28.594640262852348,0.2697560905233683,11
82645bb9-f05b-46af-9ed1-6cbf83ae98c5,cautious,0.028839565041817897,0.2235283770984799,0.047626588790348715,61.34351752592444,0.9186747943256536,0.09641367249884598,16.0,9,23.087658052945407,0.13333689043351027,15
dde0f448-e2ad-4e71-a0de-a17f8c62334d,cautious,0.08349797163297777,0.040413885335314204,0.11829444164400935,27.11464558123377,1.0,0.12455214983862062,74.0,5,16.47404921516694,0.41935600606875306,14
229e8e1f-d198-4012-84c2-c63f01ef4ff7,cautious,0.24267221137194112,0.1582960021704417,0.19820187635680522,63.19802777261651,0.866675494687881,0.0740308513706543,72.0,9,16.717425186399765,0.17918337720597738,8
034283bd-14b2-4e83-9dcf-698f6ab30e11,cautious,0.04053568204265331,0.05436290283206993,0.2515417705553383,152.79510551673644,0.937797519189858,0.0,68.0,5,16.570525797194907,0.1441505305593549,11
8a3adb8f-0ab5-49d8-bfad-794824d3453c,cautious,0.06962230540731024,0.11783066381392869,0.04763771245689737,82.09255176100882,0.5671302210716993,0.0,70.0,5,6.361040455507968,0.26081334832754477,17
22bf2466-9c39-418d-ab59-04196bfa2046,cautious,0.07997168956172583,0.22631443033682058,0.07479886859569977,224.41953669037832,0.9252500447445021,0.07956758845361238,25.0,5,33.72359120632804,0.37528814461268584,13
f4f84e0d-3321-426c-b10a-80a894438ed2,cautious,0.1766744093024037,0.0,0.0,106.58028635033577,0.938462243564222,0.17849395801276569,71.0,2,20.60298517211196,0.21412439055429777,11
4dfe3cde-db07-4293-b50b-10379df861fa,cautious,0.2032396680293818,0.15343805956271972,0.16231783178623901,143.1470449478703,0.9571095938480052,0.21983856975799088,17.0,5,30.54876326503966,0.1816385488834708,8
fe60cce7-39e9-4812-a956-55872c5bc72b,cautious,0.025426281783047715,0.0,0.24057394701599563,29.75982386226485,0.9784460342330417,0.0013776102953113895,20.0,5,16.672830818223623,0.04386294252874753,9
e143468e-541b-4e86-b7cd-5bb1c7832e7f,cautious,0.05809165037446248,0.036733692142120224,0.04466817907221973,117.62640336037097,0.9856963699748146,0.04783528459500344,40.0,8,13.799504231137805,0.13167256901604296,10
fd14d1a5-10f2-4f04-a49f-210ca3bcb112,cautious,0.06677938192492064,0.015114698848602247,0.040639556972856414,49.723150315355156,0.8930455617286787,0.021790622503418566,19.0,2,24.590349407982693,0.18729368863693677,8
fba64bf7-1f97-448e-8919-837f492a1460,cautious,0.12793382005329104,0.0,0.13055645621382997,28.47997915309618,0.8966056671894216,0.12092572023490478,13.0,6,7.7918398517035605,0.02542417860740401,10
68d2c4c2-4952-4b0e-a64c-5f67d3aae2ff,cautious,0.16073890717040767,0.41622171597334157,0.10632259116952245,28.738551416637936,0.8368598339331252,0.06493067223247767,41.0,6,34.36963415571833,0.05598307147578015,14
dceb9c7a-026a-4d65-984d-98f5f7599c80,cautious,0.12506568933133846,0.010434283944674022,0.0961707013581566,66.7628576253656,0.8282270749970567,0.3101729662833336,52.0,8,32.55590065477891,0.027346807617537588,10
12155e71-3fe4-4d23-9fda-7929d547b8cc,cautious,0.0,0.3406920119955416,0.2323930995825963,103.9325259420881,0.75748304834161,0.1369432983192634,27.0,6,21.6281363224753,0.2987574676583682,9
52f8a7d8-b8f1-442d-b79b-96b6da031317,cautious,0.14385483342340058,0.011860203169265372,0.16029015608033992,268.59818218074116,0.5336963994451775,0.08646082263435076,20.0,4,23.11171683630669,0.001192311524795717,13
8b04bfb6-32b2-430b-96bb-9ca7e26dc22d,cautious,0.12748545409484957,0.0024075695209227876,0.11127835056364212,86.76551311680416,0.9188641994210041,0.1418386317650342,72.0,1,34.68686487571231,0.05593965444134196,14
7bea05c8-1b9f-4f3f-a9c5-3f4ce88a1e03,cautious,0.14299057223798628,0.005745994770379639,0.0845512762994179,87.51330695954043,0.9450316613470385,0.04025298956462351,29.0,8,32.70008841576926,0.13882060261678414,14
a7cb5e45-7ff4-4028-b91f-850248b8f54b,cautious,0.2911895112421022,0.020676350680649422,0.0,90.12914720060827,0.8016494038387617,0.14051810102356982,38.0,4,26.85597780723189,0.01893298126504066,12
67e724f2-b0be-4a1f-9495-e8acef3ccb58,cautious,0.15021069392891334,0.1495937831339306,0.25331227500152204,92.18885614819888,0.8777505388636847,0.02728272967449567,40.0,5,22.04543134106095,0.01720159213797235,16
329976f1-788e-4f40-a9a8-89d741398a5a,cautious,0.15300944750751963,0.20962493342195948,0.038486534752403274,174.09618727149146,0.7858514021446447,0.0,55.0,8,18.394588894646525,0.11554997776082114,9
01b4331e-e3c6-4efc-a596-f0f8911589bb,cautious,0.10294141191170715,0.19738477746371264,0.16281548202357943,101.03186946060303,0.6975652328388773,0.0,21.0,2,23.992438672933886,0.037272048896939865,12
f482eb4f-2835-4c94-b0f4-8bc329b2a933,cautious,0.14658013229581054,0.18398541093783774,0.030087277350531447,170.94974767919794,0.9719495593247585,0.04172103506065647,55.0,1,43.943632467661175,0.0979294573094118,17
9e94856d-90f7-48df-bcc0-2fc174747866,cautious,0.04559634913155065,0.04312359686483755,0.09927072897239009,138.55255743636567,0.96755961664027,0.03961678472803674,73.0,3,30.405660148067845,0.20816632926887013,11
cf38951f-aae9-41c0-beb6-29bb62a14c61,cautious,0.12505956435700302,0.07989806328259012,0.14176264797547292,71.46587373551509,0.8751897516765936,0.03569639414286303,62.0,5,18.565037881520738,0.05792401032493639,15
85e374f9-f8fd-4576-81ac-4e45b6a9dcba,cautious,0.0154870722389699,0.10132548900002536,0.0007643561132710391,49.68706251528358,0.8403837572520257,0.02956891870087073,28.0,7,33.246654652625395,0.15417822384188815,12
1cc2dce7-e624-4c90-9421-11a0447b1ece,cautious,0.06284926901676459,0.0,0.06749002560151768,20.37387240517578,0.8719291952676054,0.08090492737149547,67.0,3,30.43268019832518,0.035110926765540756,10
7980c415-1a2d-4527-a138-2b13f087b9e1,cautious,0.07386483919632274,0.005767515833685498,0.12011185998331035,85.78095386705422,0.6025841360852848,0.13191620112056515,36.0,4,29.531061184344004,0.13827064759721971,16
36984a1e-fb7a-49e5-8a48-563bb4bde50a,cautious,0.20616392444900414,0.03195620724772317,0.38272598287278664,97.48365321069838,0.9282085747494356,0.10262567618648205,38.0,7,38.78751584620072,0.023045946728899327,15
6a242c42-24db-405b-b2b4-07029073c3fb,cautious,0.03270943952487235,0.03077237104456914,0.06959955748817076,227.82684580845478,0.9141562339356823,0.014450847519996098,43.0,4,32.866825838608506,0.17511346282264348,15
92696003-1753-4c14-964e-9ce46e01f642,cautious,0.140352461984522,0.16214314747344621,0.11552165516617455,55.8018371581859,0.7694106410650748,0.11830472096217054,55.0,9,32.85829986877858,0.181910211955607,11
f5a73ba7-d418-4f63-95ce-dc44498d5185,cautious,0.06163614800952873,0.0034148142408500937,0.1502425312723145,31.184967669281445,0.8373261105120274,0.07610729864284047,39.0,3,12.789642802370897,0.00981156864430414,16
8265e1ca-77d9-4d38-a569-960c55d854f7,cautious,0.11533358229021541,0.24506096567516078,0.0,123.00870068105294,0.9670843957153783,0.10883187315163693,21.0,7,26.438335642352655,0.16879948287329177,13
025e03c5-b7d1-4790-8f5e-f19c08662706,cautious,0.03967227347934808,0.03343558625315144,0.19037130125508667,55.07270735319329,0.9394201179077851,0.05338902274032675,54.0,7,28.22073601099863,0.04577637436068243,17
98a66157-eca8-429d-a018-ea2a389f6713,cautious,0.11476649385476134,0.06894200959896658,0.07191525904263085,35.71124030804542,0.9458374097086328,0.18141356937214373,49.0,2,40.30263660892014,0.39871554955487853,17
c827bca9-77f5-4118-aef9-d88b545fea57,cautious,0.015633680206948226,0.0,0.05954043948511503,3.9406355011773204,0.9069920690940859,0.2030469210471474,31.0,5,15.15622205989661,0.10363920734446537,10
9e0842d7-36fd-4794-a4c0-278cf23d80b8,cautious,0.06419786882250662,0.14715347618980829,0.1826270701212135,37.968416531613684,0.8033370619616088,0.0,13.0,7,18.876929127033492,0.1527614799421767,15
c2011f27-d3cf-43e9-be4c-46a0b32e2c26,cautious,0.019801814094041765,0.16491874057053255,0.26966409356285476,30.99325884744648,0.9602099893547839,0.08409571904887714,24.0,6,35.06813494007693,0.03773773834536072,11
8815ebc6-e18d-4958-a11c-3b19b9c1dcaf,cautious,0.12516981390289017,0.13969925905304348,0.15459206185570787,118.7023264782798,0.8713214564832525,0.1712896867687704,32.0,7,24.489804340636177,0.39525880232079147,9
297e1f3e-7abe-49dc-a602-de588c04e4b4,cautious,0.07176402186221105,0.02789382415099482,0.18694558393710523,138.94818004563524,0.940848545064483,0.013124903084619517,75.0,6,22.727793515830896,0.013148178903409491,16
e3db9433-c15f-4387-9726-d5335f543fa5,cautious,0.025482703808308936,0.03505465314256967,0.10182805765109129,207.55219123507834,1.0,0.14142188028787644,72.0,4,15.62975183510794,0.07097975466184038,10
2430bea7-7c3d-4f5a-9a5b-097499be9cc8,cautious,0.028920171782701086,0.2231947519209889,0.0,74.29877128735298,0.9292352095511867,0.12050155601539152,29.0,5,23.57907033781319,0.03740335458166093,13
cde91ee1-cd1c-4ced-9fa2-ebd6869bfa25,cautious,0.014989679432080667,0.05743450148697569,0.03805197570832024,189.09911203772216,0.9659786660298825,0.2778013760377433,53.0,8,14.147398302885652,0.019473337152745077,15
e5768907-ace3-4df6-9dcc-86b852a3babd,cautious,0.31004067701528293,0.16473069643177263,0.059026699787876044,139.82475765372698,0.9616206472569179,0.033370048756604036,40.0,4,29.31261677973009,0.06804891690301987,8
2b2a2481-6564-4666-afbc-f23cc8b898d2,cautious,0.04717258069156301,0.0353908639470804,0.12734177349726808,109.79139863703881,0.9757500492506993,0.0,33.0,3,23.93466436710126,0.058117995013244036,13
d3b1b035-42b7-48a7-998d-01032ca78f10,cautious,0.1636639157262766,0.061746862997718144,0.09243030921131618,119.6774340840579,0.9298734804941085,0.08381479353103953,42.0,2,22.629503947828216,0.12074910486955627,13
f200554b-99a0-4623-b913-42deccd8a04f,cautious,0.40569960999203064,0.062411479656591634,0.09411562039529843,27.06598462145934,0.9598002275523508,0.1641883071536234,11.0,9,35.00115853424095,0.07055834226127843,8
d666bea0-4684-4210-ad54-d83520282801,cautious,0.05577452213132561,0.10338119824037512,0.0,28.02146739009432,1.0,0.0,60.0,6,32.49645174075688,0.09513416848644622,14
de008c4b-a71a-421c-b651-bf37a341c71b,cautious,0.10317197336111814,0.17217237925703552,0.279759472098409,65.04323526446004,0.8886891593882351,0.17004683892957217,61.0,3,17.542055420057423,0.06944035171047466,10
0667bf29-8fc8-44c6-b5c5-56f97bfaa159,cautious,0.0,0.07749360190253299,0.0,69.61692987881491,0.8669639187839124,0.01875009492022015,56.0,4,25.668679649734347,0.028792901645509038,8
9897c46e-1fd9-4e99-9796-4d7918c586f4,cautious,0.1799272324015305,0.03920561983898031,0.06317646241468104,92.9379433189541,0.7925805798859046,0.08814038128589533,70.0,1,35.81241640689171,0.07693841910263759,8
d5038dfe-ff8d-49d7-8d8e-b52aae42f71e,cautious,0.0030725243853400265,0.08015683630088999,0.18256230466271778,130.95060739532732,0.922923972644128,0.029430912723556843,31.0,1,42.23934295225274,0.025568975753525406,8
0aa75ae1-a48e-4c83-84ce-3a69b8519c6f,cautious,0.16979253231221522,0.23994072952002926,0.1714672093789632,98.73566097722153,0.7264680890168159,0.07004677901249598,66.0,7,11.100738075294158,0.11612344545352726,16
da248373-6421-4eca-ba64-8b34616031e3,cautious,0.02811872010940129,0.0884076924359807,0.12822691774981862,222.40928672578613,1.0,0.22138167754973478,71.0,6,28.609560682215303,0.13012372210464934,10
828c47e1-ef22-47e2-9017-d38c64471604,cautious,0.08061503498470947,0.10982250315668998,0.0872835170727348,31.67638639658546,0.9745966270488312,0.04392487744277786,26.0,8,15.868781188299817,0.04336055366728838,8
003b57f9-ab25-49b7-9ee3-1ddce458c1a5,cautious,0.027308272910362176,0.0,0.04801648931719298,109.67963693147654,0.8828639679564713,0.027797772461026785,37.0,9,36.13985175096278,0.016107949243832204,13
3135ea14-a82e-444c-b79e-900b61be111a,cautious,0.010215184007753864,0.1422625626855834,0.01739098385782608,173.03001670865436,0.9504237829024081,0.0,12.0,9,28.50803095585473,0.12798047415008287,15
0f66fe5c-f790-4d88-9010-27248a29283f,cautious,0.1124454010054505,0.07624511832305475,0.11584867685358227,159.23799711871158,0.9674682692274869,0.18108551381266866,58.0,4,21.493738223004733,0.1986741052584554,14
a58a2ecd-5e12-4011-805d-899e656664f4,cautious,0.0,0.07509582728272238,0.0,54.40286124061783,0.9753790244233305,0.22082117703628257,32.0,9,31.119880334111777,0.02402858790391031,14
841a3d4f-11ba-431b-ba68-8ded4d092e93,cautious,0.3087601452936006,0.0008239879981092706,0.09333593719002757,65.4544438970016,0.8717059160531662,0.01804464789533655,69.0,6,38.61874584546659,0.030512826381567482,9
86f9916c-573f-485b-a60c-4239e04b0b4f,cautious,0.06015136658887539,0.05660243535925482,0.11808192359836231,113.3727236076635,0.9759087054827237,0.0,38.0,9,38.142526374320155,0.22337222668697396,13
acc746b3-f5e7-40b5-8808-f08e366a6dfe,cautious,0.1165813838856161,0.00682335724105787,0.024010825459251272,118.41139343217894,0.9462438817989416,0.12716160481894526,25.0,7,34.810232473809975,0.26437854386375975,9
9e7c6ccf-4d13-41aa-865a-079f3420ee9f,cautious,0.09440334363458974,0.0,0.09338556756896126,52.58097415444961,0.9344636732372249,0.09933717649691745,79.0,6,23.085251892150385,0.06187472622303887,15
154590e6-8177-47e5-b087-054f13a89a57,cautious,0.20278779728941596,0.016566702361997605,0.03248644642329698,153.6915596023236,0.8803999217194257,0.041654611003163484,28.0,3,33.548015894221024,0.030098144209808882,11
5161d403-24ff-49c1-8dce-ccdfb426a9e7,cautious,0.11107054330815133,0.08980127828135719,0.014331131408375476,44.870677151683296,0.5378548165136333,0.06334519346259929,74.0,8,22.85050540661127,0.3244316356376751,11
b670ba02-d538-4bc5-b94f-e01a82814e2a,cautious,0.1324395980017835,0.13525260132321956,0.3183979831738233,39.11037888568899,0.8614816271407681,0.024733257838784023,68.0,9,17.016268722856626,0.28201532876520363,9
0d055eec-61b8-4e92-8ba8-9d7f7418db8c,cautious,0.0229093031079822,0.04421809692784405,0.06173082417139424,190.87485385870704,0.5999650977229345,0.05711220312226375,43.0,3,17.63506964502917,0.15639982609088543,11
c7e9f100-91da-4f0a-a514-a347a53b6b51,cautious,0.14873010262686143,0.009734969559259711,0.10178470030797708,125.9113457582495,1.0,0.07540153893598081,16.0,3,33.69394098007585,0.06726289003308003,8
589a6dd1-a118-4c53-9bde-0f151f58b5bc,cautious,0.3441119939703802,0.08909902445814044,0.0467331757643323,123.32892112858833,0.9271804174039274,0.14550901190884177,45.0,5,16.40909457731403,0.1363561318487982,11
1e0285a9-b1e3-47f0-8b76-3e39fc743c82,cautious,0.026677987348126347,0.09826871362993064,0.06039521780144462,144.62940243811047,0.983736495310747,0.06501133673676851,63.0,9,26.87337641111571,0.07448732102937837,11
64806438-6912-451a-80f8-7f50d8be8fb0,cautious,0.0020373054788381546,0.0,0.0952454821362745,130.02306535751234,0.8533120287932652,0.05102002221117956,50.0,5,12.25920485084745,0.015404772650226346,13
30f4a427-41b3-4bec-a602-155cbfa71f70,cautious,0.19288874181551985,0.020187719813839693,0.12064119312823474,194.9850735797275,0.7719146480617254,0.0,76.0,8,19.89926719816654,0.01420005001988188,13
d41fa0a4-945e-4cdd-a6b1-0be0b67fe532,cautious,0.05100382684134556,0.11284932937081374,0.06185780713259467,8.551066293771717,0.9582705985512407,0.0,60.0,9,25.196945552603335,0.02190496195707641,14
88d9c983-0b8b-43f9-ad25-4d02be34bd88,cautious,0.0044586966623305895,0.14703686315101624,0.04103554920046184,65.43641818578872,0.7795257368831651,0.022612750489823388,33.0,8,24.660820733602453,0.005718188705164496,9
d981eec4-538e-43cd-ad5b-bd5aa07999ee,cautious,0.0409191618294298,0.06943339770012934,0.04868550372765565,34.19886741808888,0.9635657870268295,0.30115110629015385,25.0,7,29.429378404573384,0.20252147734453838,16
9bf1e102-4f4e-4d1c-9a38-ca4e8d6ed65b,cautious,0.14420133892895698,0.04584457851265186,0.04448068170689713,211.87232554820073,0.9957810773546356,0.19133425124123918,43.0,8,30.96893770608626,0.1902627150143831,15
fe6fd17e-a67b-4e1b-a358-a0c9e59f2d97,cautious,0.12781253128138526,0.0765634782323456,0.14503770890985007,122.80293305943502,0.9684246312539372,0.1686579881355063,37.0,5,25.00064183828796,0.11094422177465955,10
e866224c-c87a-40d4-a4d7-2e06b5f62fb1,cautious,0.11844505385250431,0.1293689802708647,0.04189285880742629,141.92185327034747,0.8855964833155421,0.06861622522597705,76.0,2,27.905637876220588,0.08024148108871326,13
668a839b-71b2-45f5-b518-5cdc47156ef0,cautious,0.2725085505234739,0.056857895143963395,0.049653448832126176,57.14364986277782,0.9599848726075552,0.05781201386038117,61.0,8,14.121833675292619,0.020880120144240014,15
bf01419a-b110-4758-8120-50f221a659ca,cautious,0.15448422715016946,0.25748008745594725,0.0969448932419291,187.66824615235538,0.8154423508717814,0.06430670526159536,19.0,1,25.69883254892728,0.06438829195833333,14
72b037ce-c832-442d-9d22-680d25214972,cautious,0.02513904229833401,0.1763645351948632,0.1555523795323348,146.85245647520037,0.8498253327553814,0.0,77.0,3,31.23766860791456,0.0009277113893577654,15
8464e0b8-9551-49e6-9607-2e9e9a7f4e89,cautious,0.15597030570790077,0.06485239355187318,0.38892988267412376,93.78998196042404,0.7947795051810542,0.0668557602180316,13.0,1,28.634188001978465,0.06894664515180854,11
5bc8454d-74f1-41be-b46f-078c32ad1eee,cautious,0.09858532254218784,0.26858658251110307,0.05783157603996218,103.7941341366165,0.9490669774499529,0.048900671246748934,61.0,8,14.958142372337973,0.12831248289491312,11
41306deb-df04-4bf5-9098-f14341b68353,cautious,0.2397979228431609,0.10041668413818922,0.2984252187533415,34.11307968288534,0.9575502143987807,0.09509223084652156,27.0,9,29.480901952353328,0.18801595968719662,12
d2c94212-d5e6-459e-9853-6a2edaba993c,cautious,0.13521862994162828,0.03739802748119736,0.09092570554391596,101.92013112079718,0.8764823999304031,0.19952482531026758,22.0,3,11.455307379739361,0.021619873828854677,17
f278998c-d0b6-4bc6-ab99-940285f03f49,cautious,0.0,0.011574879758282948,0.10407815680678043,148.70476044244333,0.9629825657258827,0.103207580108533,55.0,2,20.62673857137086,0.012614250642395155,9
bce6d854-f11e-4ce0-903c-7b378142297c,cautious,0.08096728259756847,0.06224078429537719,0.23944716121422668,95.84227446612542,0.996771928895979,0.17083395378754795,17.0,7,17.214359153755247,0.13062583871560776,16
c9bf9290-2378-431f-a21b-1e171210571e,cautious,0.11960311412611258,0.06584758388678251,0.07646640634044968,31.205232065524456,0.9013102153329875,0.033952242232980934,71.0,6,18.737298166565054,0.04631916626585161,14
a4e0f2f1-dfa7-4c5e-9c06-9671a850ad7e,cautious,0.07979904654010839,0.04238018670900084,0.08684417308533417,62.40464412948128,0.9374578306879982,0.02615730182130189,28.0,2,30.427391049090353,0.020519092182889102,17
36e2113e-83b4-4d8c-9415-0527882803a0,cautious,0.17811828012591396,0.0,0.03093544159657258,173.59952200699874,0.9428133300923756,0.0225107646800298,37.0,8,30.215352762193312,0.001831484629252324,14
462a656d-6a6f-45d3-a7d1-64814aeb6754,cautious,0.1091972191296091,0.19640711356204799,0.02503078665631676,58.34124556175229,0.916327569026541,0.11738573511780254,23.0,2,9.616168591956948,0.09763258301624599,8
b37cfa45-08f2-46a9-9521-59a310942aa8,cautious,0.04059684537042082,0.01334099903578331,0.19942425535626124,113.53306225732757,0.8869943622606636,0.11122327195847881,76.0,7,20.95674075060176,0.22254804599188777,10
5a32087e-79cb-4828-9898-da118e7941e6,cautious,0.08136118815592354,0.030457975228783248,0.0,88.44244348560689,0.9964293313344579,0.25787655100906964,22.0,2,34.60285673670137,0.13476904401474432,13
a5d78cb9-3dd1-4af6-87ca-a3aa371082ba,cautious,0.0,0.02993105242897729,0.0,283.66315681944513,0.9968228007601615,0.10995184180084427,19.0,9,11.346201697700604,0.004581479766776407,15
3cc80f8d-35d0-4620-b33e-776391f1a92a,cautious,0.10632739935312482,0.0103917209983392,0.11090746562526486,199.13813017816196,0.9455119019921148,0.15510684881420955,30.0,4,31.842914973280443,0.3068063367140049,12
b67de537-cd60-402a-95c4-c8061532c2d1,cautious,0.1864235537294145,0.20303200018022688,0.034992333874885075,106.14133230616223,0.9040501731898295,0.07966891300181345,70.0,7,30.09825281881725,0.23461142457937492,15
dff5fca2-9eda-4518-b6c7-525f9712112d,cautious,0.0065780286734503516,0.3834312928177098,0.0521907338220535,316.8288051451893,1.0,0.22015498444049497,38.0,9,30.546179038729008,0.022105378387341786,9
09e15811-1b73-4c8c-86ad-101659ba459c,cautious,0.12255474674750041,0.0,0.0,50.86104790325211,1.0,0.06322685679424275,56.0,1,14.933487720158892,0.03151887561626323,9
a9380b10-19c1-45eb-b16e-dc6f873a8f4b,cautious,0.24969754268865058,0.025118620121568225,0.021964910862887474,98.26383986133823,0.8910879535520598,0.12365009672265391,50.0,5,25.247296773210618,0.07492750085746742,14
180cd97a-ea86-4916-865c-da28b259fc01,cautious,0.07833127924459043,0.04737643651829651,0.03629686259196062,77.39520026083301,0.9545768147131412,0.16915466357674352,73.0,2,16.03349602493791,4.630157143516358e-05,14
ebe3c770-b032-4e13-8399-a20e2678611e,cautious,0.06066582500482578,0.17474652982028122,0.1413030917106919,33.979993164706066,0.9571225747512473,0.0834744901224701,23.0,4,24.38887089841833,0.06035572361034658,8
e93705af-4d7f-4030-ac34-aa27eb6438ea,cautious,0.10152451491165737,0.025991964252509575,0.07492626298288968,75.58920981705637,1.0,0.011370487711167183,69.0,8,13.238990057184102,0.07272807050113429,16
863a5d6b-e266-4ef8-b306-402d3eedece8,cautious,0.05904317014713857,0.12415647039103977,0.07658564015843757,28.243098778652293,0.8973709230606736,0.11116761801576702,40.0,2,13.291277918362116,0.030157281354926638,12
fad04ee7-6778-4326-9506-63c3c2efd782,cautious,0.0477326338083774,0.017349464646299183,0.152699075684945,80.06963328670554,0.9786018274701412,0.2806881967581788,65.0,7,27.778765780957148,0.10039313451698047,12
77b15a57-28f6-414c-b345-f54a424521e8,cautious,0.018027267469922083,0.09970355395643758,0.06691363046003768,45.78313393696365,0.773526377642619,0.11262855527255065,34.0,5,31.660961512167095,0.08402657845644175,17
02da43ad-0f56-43f5-9fee-13390032433b,cautious,0.23317494332569524,0.02800149846300916,0.14184652622944252,211.99855272227893,0.9968313969721457,0.0007437127605066582,79.0,7,19.899261031138984,0.138120858912302,13
0a365665-ce92-4fcb-a211-6c44e6399cfd,cautious,0.0,0.07952452382805592,0.02781020284243664,80.60073948043454,0.9280824666717846,0.037790963630361794,37.0,3,19.243019590512255,0.035391642254732965,12
1605ac8b-fb1f-49d4-9dca-7034013f32aa,cautious,0.007132209080120465,0.12546551797614364,0.09741784263708103,207.60546608351063,1.0,0.19287955966355844,15.0,8,22.523412590661927,0.3172175677492727,15
3369a294-479e-4c2d-a6bd-502524bec6de,cautious,0.0,0.0,0.0142112246996337,70.65468813333852,0.9674403839631494,0.1967313650300294,46.0,6,26.83835153243645,0.09257557913360251,12
0b8bbfdc-027f-4fe8-a933-3cfe6f7d7678,cautious,0.019167182246543124,0.12363087885374932,0.22808527372963794,298.74191837901344,0.5137312346328256,0.03296815238094022,20.0,6,17.915301830053707,0.02760644384236172,16
061d4f24-bbc4-4c38-8800-3a4edbb62bde,cautious,0.17279047103002748,0.14959850545973563,0.24742347614218232,99.63358578313192,1.0,0.0839276267313568,76.0,9,29.909683943396878,0.13095846055451796,15
536f7eb6-ddcd-44ee-96be-dbd0593b5b5b,cautious,0.07973049220395752,0.1886077840606582,0.139488003038692,26.651503347706196,0.8814428165587939,0.0,57.0,5,37.89758653926621,0.47850601147814675,9
cdec8c3a-b011-45f8-81cb-d69513fdfb69,cautious,0.10540490478327438,0.01147271514913983,0.11963006596534241,79.58596871633385,0.8980987972260428,0.1470312606914217,40.0,2,34.28004401066311,0.03534671274928803,10
e07cd8d4-b6b5-4b10-be09-86bf67668b7d,cautious,0.0012304208067454164,0.1750207955139875,0.02084988436599614,279.3692965853565,0.878548144542921,0.1590730708193899,28.0,2,24.6184544709997,0.05633470921947411,15
f0a9cde8-2f0c-4fe6-acd3-14762dc7ebba,cautious,0.08356754796093067,0.11141283748762063,0.06943653291295598,88.69727424181478,0.9463358345403371,0.22677402386921047,54.0,4,20.538325487804727,0.003760772095579005,17
e33f896b-0ff8-4333-b33e-22836e2cdae0,cautious,0.18144263958793988,0.11577005234267002,0.05750742735181984,225.57411043151293,0.9729532981798323,0.0,64.0,4,24.48507480397882,0.033197127421599894,13
035a9ad6-fbe5-412f-a2e4-0af346a65c9a,cautious,0.15926329774220363,0.055507326928795356,0.05092080481437473,161.22852701394973,1.0,0.041566434597032326,45.0,4,15.115439893525933,0.06093869609334128,8
7fa9f8bb-462d-415e-ac76-a7d10de9e297,cautious,0.16315241277508308,0.25499867815162874,0.45270752818807275,100.69548720022911,0.9118768553279695,0.001130748583677392,74.0,5,34.28767691790585,0.04772371088019043,8
cf7e4975-41fd-431b-93a3-b85849b72122,cautious,0.05739037576345139,0.022952337405356987,0.5002620895695912,95.0608759719987,0.9720984953215442,0.0,45.0,8,19.185332975427592,0.1405083344018865,13
5f0274ce-2d72-4686-9ea5-c7f5b5950ee9,cautious,0.1678705021530471,0.019797771865455914,0.0784906606802595,201.19199519242596,0.8854914915404093,0.09946629188254566,28.0,4,17.10660821128036,0.07017313322283372,12
90c33a5d-6118-4ce0-9220-9e4f90aa77e9,cautious,0.08493058369725331,0.1512826503365711,0.041575482660029695,77.08560422245849,0.965454452548218,0.12826474267089127,33.0,6,20.309959177850693,0.023422833761586038,14
9e640d4c-cc0f-4eab-b613-6ced76300597,cautious,0.07579952958038726,0.03963941433604462,0.009016577081487738,151.81137994027236,0.6498758988306047,0.17429187416662162,21.0,1,29.791704383368234,0.29435220933956474,14
9df04940-4c55-499b-9a3a-4fb2b1a9d944,cautious,0.12707238319507239,0.1359935139441747,0.19197124729584317,39.59674104857543,0.9221849188601194,0.03491234291842053,24.0,8,14.926748462873837,0.06128782570550579,10
db94e541-b8ea-48cf-9726-7dda547cc115,cautious,0.08324901283250548,0.09065832642413921,0.04682345870498296,86.42389204456083,0.9427336897262091,0.18847675638396943,15.0,1,34.4518405246719,0.16453698728701036,11
9039be90-d646-425a-966b-4d2f5896a232,cautious,0.20652620672156954,0.19496297484821246,0.1362397876225343,42.907978809080674,0.9947275577557153,0.13649827455009444,48.0,2,26.159077339176783,0.3964626169264184,16
21cd9405-aefd-48d8-9364-d0575662a9e3,cautious,0.05421505687180617,0.0,0.256487377452076,186.2958552087521,0.8368760239448283,0.02359491815556924,10.0,1,25.723414752110028,0.13853672492397692,15
cfea7a30-93c5-4bad-8fc1-abce82fe88fc,cautious,0.06509849144759584,0.015182359490569931,0.03983557848682572,111.00465813523776,0.9561923664617601,0.06197864264181928,75.0,3,43.015119628642644,0.004011495075026193,10
da9ee31c-19d1-43b1-9742-4894dba52a89,cautious,0.026673585299466656,0.037736275177674326,0.03181958704789518,114.1542410071485,0.7434686549724184,0.056476984498624413,21.0,2,28.14138650782381,0.35452615378658175,13
b8155f1d-3ea3-4318-8b40-d81ee8919275,cautious,0.03634266650418397,0.0083717296332241,0.06238365851498616,107.16846053734035,0.9392366536104223,0.23991308993142746,29.0,1,18.99522510189793,0.11030985402235045,15
10fc867a-0ea3-49f2-906a-957b0fdbb9b7,cautious,0.08022885348205797,0.06386980912064275,0.21687527659251074,42.03278597003068,0.967213568581098,0.02581672469013899,40.0,4,26.727433208151798,0.1652442631552932,15
39b79dc5-dbc6-4c6c-8da1-5e98db159687,cautious,0.15286522371342434,0.018553061143164462,0.1106168918203468,96.79421334722183,1.0,0.12261280596481802,46.0,6,14.336410201255717,0.027023962773094084,12
d4c0ccc2-8200-4323-aef6-bb9980cbb2fd,cautious,0.07111487073191447,0.015451522547783595,0.0072666312300660105,6.746855828915202,0.9338428867233383,0.07789649024815352,22.0,2,24.1100783124814,0.07871471950403365,10
f7f318ba-4bb9-44fd-826d-645b80e75ca4,cautious,0.13093462095994482,0.015837666729826144,0.006103055729220999,167.38467124331478,0.898568363545705,0.021501600119755875,55.0,4,17.89469882900522,0.1599462317435589,14
38f18e85-4bd0-4113-aa62-202c12e16839,cautious,0.15092580422950727,0.05502161674535709,0.08319214203272268,65.42261185919683,0.9152093799971358,0.1392956614668261,20.0,9,20.799445421486936,0.009141208917134169,14
51eee3ce-50fc-4690-82ec-1d84b89f36e9,cautious,0.06809612709652689,0.272499693594506,0.3117994663260499,59.9069298506381,0.7418057799804583,0.18010122351849583,55.0,4,23.4069344502251,0.025690700496928107,11
76819460-5dcf-4f0e-98bf-36fa7fdef48f,cautious,0.10451697005933983,0.06216402349332386,0.17035026757624283,165.0367441595023,0.9837363085292532,0.0,56.0,6,19.94983692400141,0.09394557240715405,8
d42c5b88-e272-4b03-a0b4-eb8f19abea00,cautious,0.08869512334553199,0.045282217326346505,0.10503680382292101,148.9107628945774,1.0,0.1998784596057679,25.0,2,28.70335938742257,0.027441743471633338,16
8e25ea36-8538-4f34-bcc1-13b2c6de91dd,cautious,0.08728839784460253,0.1487573954768277,0.32560871980451594,64.41959471913873,0.9946343750785746,0.07792929399142626,27.0,3,41.86074509428539,0.0014235574408535381,15
72cc2111-6e98-495a-b595-61e927e1ce01,cautious,0.07021690089775633,0.15163583260672517,0.11627543218040069,19.547073899514995,0.9819552194695859,0.0430481141439512,24.0,6,38.9190364373076,0.026662527894400562,12
929d1d9f-1c89-4107-a3c8-d95c112acdb4,cautious,0.04435878021798566,0.0,0.044542017444684334,136.5312620597914,0.6708976792692799,0.014813904115956665,78.0,1,26.336038193820567,0.25166641649973476,9
59f6b9b3-e6e8-4395-b54c-bc5b83f6d652,cautious,0.3807895007082772,0.1396260798611259,0.1511175837898239,37.41489514706839,1.0,0.05273204433856057,31.0,9,25.98354425109788,0.09085327241739591,9
1895de72-bf95-4ab2-8071-d1461f06d1fb,cautious,0.16824510544326304,0.09587729919467311,0.08941954194729279,289.4031056005257,0.9914123554571058,0.07925071436612485,73.0,6,14.185318951676983,0.06930417266241706,17
c82027bd-6c0c-4edb-85d4-b6fcff2f346a,cautious,0.23618829799134824,0.08326523149563038,0.3262468696338382,39.890943703522126,0.877117043696285,0.11663639530412327,28.0,1,18.54197115501792,0.14998457893097383,10
97418255-65bf-47cd-b181-d6742b4e49a4,cautious,0.049318055469925765,0.07652270607887078,0.04808299931851448,12.000512250268327,0.6739535351109892,0.02377657671913646,29.0,8,17.235810388909478,0.04291626838929787,11
4941b744-1911-4664-b64c-14d0b3987e82,cautious,0.0,0.0,0.09755386552872605,84.49230457026718,0.8868404808913,0.02542922989115359,25.0,8,32.574184053068585,0.22754020414599851,17
bf5287f5-bbd2-412a-8d57-6366f3a710ee,cautious,0.06792786637414991,0.17922085494984838,0.027344634036064158,118.69061909846982,1.0,0.12943115033580108,53.0,4,14.774061579366492,0.07289147414283062,14
c2bed4b8-1fcc-484f-a3e9-3d2ca5b19006,cautious,0.0,0.12629171320246824,0.1960405045141012,219.7921512369336,0.8814270407657443,0.03288369010473867,24.0,5,25.728595070945822,0.06731169275812894,11
82e67cb2-8770-4449-a53e-4bc5af51f63d,cautious,0.020947543359583994,0.059463875370781426,0.0,14.531394429112401,1.0,0.2772722744604275,73.0,2,23.13786169526053,0.09301747264631384,11
3fa83164-1f12-4c98-a7a6-be556144ac9c,cautious,0.09152521496167343,0.16128202999851568,0.2571751571693472,103.65123581963319,0.9594792809621425,0.08114402896884856,20.0,7,21.90253633116682,0.18119982092237258,8
afa56db6-b89d-4d72-9ade-fef31ab6931b,cautious,0.08138050437689125,0.3100068378687341,0.030086395357719495,185.9143028610427,1.0,0.1423419610986993,44.0,4,18.815086904931228,0.015064172094965297,14
